 BIBLIOGRAFICA GEOLOGIA							
							
CARRERA:	GEOLOGÍA						
							
							
ASIGNATURA	NIVEL	DETALLE DE BIBLIOGRAFÍA 	TIPO DE BIBLIOGRAFIA	 ESTUDIANTES POR ASIGNATURA	DISPONIBLES EN BTCA	NRO DE BIB# 	Disponibilidad
Geología General I	101	Lahee, F. (1979). Geología práctica. Barcelona: Omega.	OBLIGATORIA		10	2964	1
Geología General I	101	Maresch, W., Medenbach, O. & Trochim, H. D. (1990).  Rocas. Barcelona: Blume.	OBLIGATORIA		1	14443	1
Geología General I	101	 McClay, K. (1987). The mapping of geological structures. Chichester: John Wiley & Sons.	OBLIGATORIA		4	26189	1
Geología General I	101	Press, F. & Siever, R. (1983). The earth. New York: W.H. Freeman.	OBLIGATORIA		1	8933	1
Geología General I	101	Strahler, A. (1992). Geología física. Barcelona: Omega.	OBLIGATORIA		61	3082	1
Geología General I	101	Watt, A. (1986). Diccionario iIlustrado de la geología. Madrid: Everest.	OBLIGATORIA		0		0
Geología General I	101	Williams, H., Gilbert, C. M. & Turner, F. J. (1968). Petrografía: una introducción al estudio de las secciones delgadas. México: Continental.	OBLIGATORIA		10	3023	1
Neontología	101	Benton, M.J. & Harper D. A. T. (1999). Paleobiology and the fossil record. Hoboken, NJ: WileyBlackwell.	OBLIGATORIA		5	26565	1
Neontología	101	Berg, L. R., Martin, D. W., Solomón, E. P. & Villee, C. A. (1998). Biología de Villee. México: McGraw-Hill Interamericana.	OBLIGATORIA		9	11145	1
Neontología	101	 Villee, C. A. (1978). Biología. México: Interamericana	OBLIGATORIA		9	2706	1
Neontología	101	Mader, S. (1985). Biology: Evolution, diversity and environment. Iowa: WCB.	COMPLEMENTARIA		1	8124	1
Neontología	101	Méndez, M. & Navarro, J. (2014). Introducción a la biología evolutiva. Santiago: ESEB & SOCEVOL.	COMPLEMENTARIA		0		0
Introducción a las ciencias	101	Brown, T. L., LeMay, H. E., Bursten, B. E., & Burdge, J. R. (2004). La ciencia central. México: Pearson Educación.	OBLIGATORIA		292	18151	1
Matemáticas	101	Baldor, J. A. (1967). Geometría plana y del espacio: con una introducción a la trigonometría. México:Cultura.	OBLIGATORIA		7	2337	1
Matemáticas	101	Baldor, J. A. (1968). Algebra elemental. Madrid: Mediterránea.	OBLIGATORIA		0		0
Matemáticas	101	Moise, E. E. & Downs, F. L. (1966). Geometría moderna. Wilmington: Addison-Wesley Iberoamericana.	OBLIGATORIA		8	2494	1
Matemáticas	101	Vance, E. P. Algebra superior moderna = Modern college algebra. Reading, Mass: Addison-Wesley.	OBLIGATORIA		2	14563	1
Matemáticas	101	Spiegel, M. R. & Moyer, R. E. (2007). Algebra superior (serie Schaum). México: McGraw Hill/Interamericana.	OBLIGATORIA		23	2288	1
Algebra I	101	Knight, H. S. & Knight, S. R. (1961) Trigonometría elemental. Mexico: Hispano Americana.	OBLIGATORIA		1	17748	1
Algebra I	101	Lehmann, C. (1981). Geometría analítica. México: UTEA	OBLIGATORIA		22	2509	1
Algebra I	101	Ayres, F. (1970). Teoría y problemas de trigonometría plana y esférica (serie Schaum). Bogota: McGraw-Hill Latinoamericano.	OBLIGATORIA		23	2933	1
Algebra I	101	Protter M. H. & Protter P. E. (1980). Cálculo con geometría analítica, México: Fondo Educativo Interamericano.	OBLIGATORIA		12	2950	1
Algebra I	101	Swokowski, E. W. (1989). Cálculo con geometría analítica. México: Grupo editorial Iberoamericana.	OBLIGATORIA		5	2977	1
Algebra I	101	Swokowski, E. W. & Cole, J. A. (2001). Trigonometría. México: Thomson.	OBLIGATORIA		1	19335	1
Formación integral	102	Ballester-Arnal, R. &  Gil-Llario, M. D. (2002). Habilidades sociales: evaluación y tratamiento. Madrid: Síntesis.	OBLIGATORIA		1	22425	1
Geología general II	102	Lahee, F. (1979). Geología práctica. Barcelona: Omega.	OBLIGATORIA		10	2964	1
Geología general II	102	Maresch, W., Medenbach, O. & Trochim, H. D. (1990).  Rocas. Barcelona: Blume.	OBLIGATORIA		1	14443	1
Geología general II	102	McClay, K. (1987). The mapping of geological structures. Chichester: John Wiley & Sons.	OBLIGATORIA		4	26189	1
Geología general II	102	Press, F. & Siever, R. (1983). The earth. New York: W.H. Freeman.	OBLIGATORIA		1	8933	1
Geología general II	102	Stanley, S. M. 2009. Earth system history. New York: W. H. Freeman and Company.	OBLIGATORIA		2	24681	1
Geología general II	102	Strahler, A. (1992). Geología física. Barcelona: Omega.	OBLIGATORIA		61	3082	1
Geología general II	102	Watt, A. (1986). Diccionario iIlustrado de la geología. Madrid: Everest.	OBLIGATORIA		0		0
Geología general II	102	Williams, H., Gilbert, C. M. & Turner, F. J. (1968). Petrografía: una introducción al estudio de las secciones delgadas. México: Continental.	OBLIGATORIA		10	3023	1
Inglés I	102	Kay, S. (1997). Move Up Starter Resource Pack. Oxford: Heinemann ELT.	OBLIGATORIA		0		0
Inglés I	102	Markner-Jäger, B. (2008). Technical English for geosciences. Berlin: Springer.	OBLIGATORIA		0		0
Inglés I	102	McCarthy, M., McCarten, J. & Sandiford, H. (2005). “Touchstone 1”. Cambridge: Cambridge University Press.	OBLIGATORIA		1	28297	1
Inglés I	102	 Murphy, R. (2014). English grammar in use elementary. Cambridge: Cambridge University Press.	OBLIGATORIA		0		0
Inglés I	102	Richards, J. C. (2004). Interchange intro. Cambridge: Cambridge University Press.	OBLIGATORIA		0		0
Inglés I	102	Alexander, L. G. (1998). Longman English Grammar Practice. New York: Wesley Longman.	COMPLEMENTARIA		0		0
Inglés I	102	Marks, J. (2007). English pronunciation in use elementary. Cambridge: Cambridge University Press.	COMPLEMENTARIA		12	27074	1
Química general	102	Brown, T. L.,  Burdge, J. R., Bursten, B. E. & LeMay, H. E. (2004). Química la ciencia central. México: Pearson Educación	OBLIGATORIA		292	18151	1
Cálculo I	102	Leithold, L. (1998). El cálculo. México: Oxford University Press Harla.	OBLIGATORIA		306	11253	1
Cálculo I	102	Thomas, G. (2006). Cálculo en una Variable. México: Pearson Educación.	OBLIGATORIA		0		0
Física I	102	Freedman, R. A., Sears, F. W., Young, H. D. & Zemansky, M. W. (2009). Física universitaria México: Addison Wesley Longman. Clasificación Biblioteca UDA: 530 F537fis 2009	OBLIGATORIA		25	22557	1
Física I	102	Raymond, A. S. &y Jerry, S. F. (2001). México: Pearson Educación. Clasificación Biblioteca UDA: 530 S492 2001	OBLIGATORIA		231	18152	1
Física I	102	Resnick, R., Halliday, D. & Krane, K. S. (2004). Física, vol. 1. México: Compañia Editorial Clasificación Biblioteca UDA: 530 R434 v.1 2004)	OBLIGATORIA		142	18282	1
Física I	102	Giancoli, D. C. (2002). Física para Universitarios. México: Pearson Educación. Clasificación Biblioteca UDA: 530 G433 2002	OBLIGATORIA		129	18168	1
Cristalografía y Mineralogía Óptica	201	Klein, C., Dana, J., & Hurlbut, C. (2011). Manual de Mineralogía (4th ed.).  arcelona: Reverté.	OBLIGATORIA		21	9793	1
Cristalografía y Mineralogía Óptica	201	MacKenzie, W., Guilford, C., Lago San José, M., & Arranz  ag e, E. (1996). Atlas de petrografía. Barcelona: Masson.	OBLIGATORIA		0		0
Cristalografía y Mineralogía Óptica	201	MacKenzie, W., Donaldson, C., & Guilford, C. (1996). Atlas de rocas ígneas y sus texturas. Barcelona: Masson.	OBLIGATORIA		0		0
Cristalografía y Mineralogía Óptica	201	Melgarejo, J. (2003). Atlas de asociaciones minerales en lámina delgada.  arcelona: Universidad de Barcelona.	OBLIGATORIA		4	22286	1
Cristalografía y Mineralogía Óptica	201	 Raith, M., Raase, P., & Reinhardt, J. (2012). . Guide to Thin Section MicroBonn: University of Bonn.	OBLIGATORIA		0		0
Cristalografía y Mineralogía Óptica	201	Mottana, A., Crespi, R., & Liborio, G. (2003). Minerales y rocas. Barcelona: Grijalbo.	OBLIGATORIA		0		0
Inglés II	201	Kay, S. (1997). Move Up Starter Resource Pack. Oxford: Heinemann ELT.	OBLIGATORIA		0		0
Inglés II	201	Markner-Jäger, B. (2008). Technical English for geosciences. Berlin: Springer.	OBLIGATORIA		0		0
Inglés II	201	McCarthy, M., McCarten, J. & Sandiford, H. (2005). “Touchstone 1”. Cambridge: Cambridge University Press.	OBLIGATORIA		1	28297	1
Inglés II	201	Murphy, R. (2014). English grammar in use elementary. Cambridge: Cambridge University Press.	OBLIGATORIA		0		0
Inglés II	201	Richards, J. C. (2004). Interchange intro. Cambridge: Cambridge University Press.	OBLIGATORIA		0		0
Inglés II	201	Alexander, L. G. (1998). Longman English Grammar Practice. New York: Wesley Longman.	COMPLEMENTARIA		0		0
Inglés II	201	Marks, J. (2007). English pronunciation in use elementary. Cambridge: Cambridge University Press.	COMPLEMENTARIA		12	27074	1
Paleontología	201	Benton, M. J. & Harper D.A. T.  (2009). Introduction to paleobiology and the fossil record.Hoboken, NJ: Wiley-Blackwell, 2009	OBLIGATORIA		5	26565	1
Paleontología	201	Meléndez, B., 1998. Tratado de paleontología. Tomo I. Madrid: CSIC	OBLIGATORIA		2	24676	1
Paleontología	201	Allison, P. A. & Bottjer, D. J. (2010). Taphonomy: process and bias through time. New York: Springer.	COMPLEMENTARIA		6	24972	1
Paleontología	201	 Benton M. J. (2008). The history of life. A very short introduction. New York: Oxford University Press.	COMPLEMENTARIA		0		0
Paleontología	201	Camacho H. (2007). Los invertebrados fósiles. Editado por Monica Longobucco. Tomo I. Buenos Aires: Vazquez Mazzini Editores.	COMPLEMENTARIA		0		0
Paleontología	201	Fernández-López, S. R. (2000). Fernández-López, S. R. (2000). Temas de tafonomía. Madrid: Departamento de Paleontología. Universidad Complutense de Madrid.Madrid: Departamento de Paleontología. Universidad Complutense de Madrid.	COMPLEMENTARIA		0		0
Paleontología	201	Martin, R. E. (1999). Taphonomy: a process approach. Cambridge: Cambridge University Press.	COMPLEMENTARIA		0		0
Paleontología	201	Miller, W. (Ed.). (2007). Trace fossils concepts, problems, prospects. Oxford: Elsevier.	COMPLEMENTARIA		3	25020	1
Paleontología	201	Turner D. (1974). Paleontology: a philosophical introduction. Cambridge: Cambridge University Press.	COMPLEMENTARIA		1	24970	1
Cálculo II	201	Leithold, L. (1998). El cálculo. México: Oxford University Press Harla.	OBLIGATORIA		306	11253	1
Cálculo II	201	Larson, R., Hostetler, R. P. & Edwards, B. H. (2009). Cálculo integral: Matemáticas 2. México: McGrawHill.	OBLIGATORIA		2	22563	1
Cálculo II	201	Thomas, G. (2006). Cálculo en una Variable. México: Pearson Educación.	COMPLEMENTARIA		0		0
Física II	201	Freedman, R. A., Sears, F. W., Young, H. D. & Zemansky, M. W. (2009). Física universitaria	OBLIGATORIA		25	22557	1
Física II	201	México: Addison Wesley Longman. Clasificación Biblioteca UDA: 530 F537fis 2009	OBLIGATORIA		25	22557	1
Física II	201	Díaz, J. E., Ibarra, M., Leiva, R. & Villarroel, L. Física “Electromagnetismo”. Copiapó: Universidad de Atacama	OBLIGATORIA		198	7921	1
Física II	201	Alonso, M. & Finn, E. (2000). Física. México: Pearson Educación	OBLIGATORIA		47	18161	1
Física II	201	Resnick, R., Halliday, D. & Krane, K. S. (2004). Física, vol. 2. México: Compañia Editorial	OBLIGATORIA		142	18282	1
Física II	201	Giancoli, D. C. (2002). Física para Universitarios. México: Pearson Educación.	OBLIGATORIA		129	18168	1
Autogestión del aprendizaje	201	Brockbank, A. & McGill, I. (2002). Aprendizaje reflexivo en la educación superior. Madrid: Morata.	OBLIGATORIA		6	23070	1
Autogestión del aprendizaje	201	Monte, M. & Sebastiani, E.M. (2006). Ser estratégico y Autónomo Aprendiendo. Barcelona: Grao.	OBLIGATORIA		7	16677	1
Petrología Ígnea y Metamórfica I	202	Francis, J. T. & Verhoogen J. (1963). Petrología Ígnea y Metamórfica. Barcelona: Omega.	OBLIGATORIA		1	2924	1
Petrología Ígnea y Metamórfica I	202	Winkler, H. (1976). Petrogenesis of Metamorphic rocks. Berlin: Springer.	OBLIGATORIA		2	2979	1
Petrología Ígnea y Metamórfica I	202	Yardley, B. W. D. (1998). An introduction to metamorphic petrology. London: Longman.	OBLIGATORIA		2	11604	1
Petrología Ígnea y Metamórfica I	202	Winter, J. (2010). An introduction to igneous and metamorphic petrology. New York: Prentice Hall.	OBLIGATORIA		2	23914	1
Petrología Ígnea y Metamórfica I	202	Sigurdsson, H., Houghton, B., Rymer, H., Stix, J., and McNutt, S. (2015). Encyclopedia of Volcanoes. New York, United States: Academic Press.	COMPLEMENTARIA		2	23190	1
Petrología Ígnea y Metamórfica I	202	Tyrrell, G. W. (1969). Principios de petrología: introducción al estudio de las ciencias de las rocas. Ciudad de México, México: Continental.	COMPLEMENTARIA		2	2937	1
Petrología Ígnea y Metamórfica I	202	Pérez. E. (1961). Petrografía Macroscópica. Santiago, Chile: Universidad de Chile.	COMPLEMENTARIA		1	2954	1
Petrología Ígnea y Metamórfica I	202	Best, M.G. (1995). Igneous and metamorphic petrology. Massachusetts, United States: Blackwell science.	COMPLEMENTARIA		3	2637	1
Petrología Ígnea y Metamórfica I	202	Wilson, M. (1989). Igneous petrogenesis. London, United Kingdom: Chapman & Hall.	COMPLEMENTARIA		0		0
Petrología Ígnea y Metamórfica I	202	Cas, R., and Wright, J. (1987). Volcanic Successions. London, United Kingdom: Unwin Hyman.	COMPLEMENTARIA		0		0
Inglés III	202	Alexander, L. G. (1998). Longman English Grammar Practice. New York: Wesley Longman.	OBLIGATORIA		0		0
Inglés III	202	Markner-Jäger, B. (2008). Technical English for geosciences. Berlin: Springer.	OBLIGATORIA		0		0
Inglés III	202	Murphy, R. (2014). English grammar in use elementary. Cambridge: Cambridge University Press.	OBLIGATORIA		0		0
Inglés III	202	Allaby, M.  (2013). A Dictionary of Geology and Earth Sciences Oxford: Oxford University Press.Crowther, J. (1995). Oxford Advanced Learner‟s Dictionary: Of Current English. Oxford: Oxford	COMPLEMENTARIA		0		0
Inglés III	202	Crowther, J. (1995). Oxford Advanced Learner‟s Dictionary: Of Current English. Oxford: Oxford University Press.	COMPLEMENTARIA		10	9992	1
Geología Estructural	202	Billings, M. P. (1974). Geología Estructural. Buenos Aires: Editorial Universitaria de Buenos Aires.	OBLIGATORIA		9	2948	1
Geología Estructural	202	Marshak, S. & Mitra, G. (Eds). (1988) Basic methods of structural geology. New Jersey: Prentice-Hall.	OBLIGATORIA		2	22285	1
Geología Estructural	202	Lahee, F. H. (1075). Geología práctica. Barcelona: Omega.	OBLIGATORIA		10	2964	1
Geología Estructural	202	Lisle, R. J. (1996). Geological structures and maps: a practical guide. Amsterdam: Elsevier.	OBLIGATORIA		1	25938	1
Geología Estructural	202	Ragan, D. M. (1973). Structural Geology: An introduction to geometrical techniques. Cambridge: Cambridge Univesity Press	OBLIGATORIA		2	2411	1
Geología Estructural	202	Niemeyer, H. (2008). Geología Estructural. Santiago: RIL Editores.	OBLIGATORIA		11	22088	1
Estadística Aplicada	202	Freund, J. E., Miller, I. & Miller, M. (2000). Estadística matemática con aplicaciones. México: Pearson Educación.	OBLIGATORIA		103	18165	1
Estadística Aplicada	202	Devore, J. L. (2005). Probabilidad y estadística para ingeniería y ciencias. México: International Thomson Editores.	COMPLEMENTARIA		11	20883	1
Estadística Aplicada	202	Montgomery, D. C. & Runger, G. C. (1996). Probabilidad y estadística aplicadas a la ingeniería. México: McGraw-Hill.	COMPLEMENTARIA		2	7576	1
Física III	202	Díaz, J. E., Ibarra, M., Leiva, R. & Villarroel L. Física: electromagnetismo y óptica. Copiapó: Universidad de Atacama.	OBLIGATORIA		198	7921	1
Física III	202	Resnick, R., Halliday, D. & Krane, K. S. (2002). Física Volumen I y II, México: CECSA.	OBLIGATORIA		20	15076	1
Física III	202	Freedman, R. A., Sears, F. W., Young, H. D. & Zemansky, M. W. (2009). Física universitaria México: Addison Wesley Longman	OBLIGATORIA		25	22557	1
Física III	202	Alonso, M. & Finn, E. (2000). Física. México: Pearson Educación	OBLIGATORIA		47	18161	1
Física III	202	Serway, R. A. & Serway & Jewett, J. W. (2014). Física para ciencias e ingeniería vol II. México : Cengage Learning.	OBLIGATORIA		10	26198	1
Termodinámica	202	Aguilar-Pérez, J. (2001).Curso de termodinámica. Madrid: Alhambra Universidad.	OBLIGATORIA		63	18170	1
Termodinámica	202	Castellan, G. (1998). Físico-química.  México: Editorial Addison-Wesley Iberoamericana.	OBLIGATORIA		29	2817	1
Termodinámica	202	Gaskell, D. R. (1973). Introduction to Metallurgical Thermodynamics. New York: McGraw-Hill.	OBLIGATORIA		16	3050	1
Termodinámica	202	Gurry, R. & Darken, L. (1953) Physical Chemistry of Metals. New York: McGraw-Hill.	OBLIGATORIA		2	13942	1
Termodinámica	202	Atkins, P. (1985). Físicoquímica. Mexico: FEI.	OBLIGATORIA		5	2965	1
Termodinámica	202	Zemansky, M. (1984). Fisicoquímica”  Madrid: La Colina.	OBLIGATORIA		0		0
Termodinámica	202	Upadhyaya, G. S. (1979). Problemas de termodinámica y cinética en metalurgia. Buenos Aires: Genrinis.	OBLIGATORIA		5	190	1
Geoquímica	301	Albarède, F. (2009). Geochemistry: An introduction. Cambridge: Cambridge University Press.	OBLIGATORIA		2	23896	1
Geoquímica	301	Dickin, A.P. (1995). Radiogenic isotope geology. Cambridge: Cambridge University Press.	OBLIGATORIA		1	22485	1
Geoquímica	301	Faure, G. & Mensing, T. S. (2005). Isotopes: Principles and applications. Hoboken, N.J.: Wiley.	OBLIGATORIA		1	22472	1
Geoquímica	301	Fyfe, W. S. (1981). Introducción a la geoquímica (versión española por José Beltrán). Barcelona: Reverté.	OBLIGATORIA		1	25581	1
Geoquímica	301	Garrels, R. M. & Christ, C. L. (1965). Solutions, minerals, and equilibria. San Francisco: Freeman.	OBLIGATORIA		1	22395	1
Geoquímica	301	Hoefs, J. (1997). Stable isotope geochemistry. New York: Springer-Verlag.	OBLIGATORIA		1	12317	1
Geoquímica	301	Krauskopf, K. B. (1979). Introduction to geochemistry. New York: MacGraw-Hill Book Company.	OBLIGATORIA		2	22379	1
Geoquímica	301	Misra, K. C. (2012). Introduction to geochemistry: Principles and applications. Oxford: Wiley-Blackwell.	OBLIGATORIA		2	23904	1
Geoquímica	301	Rankama, K. & Sahama, T. G. (1962). Geoquímica (traducido del inglés por Ignacio Bolívar Izquierdo). Madrid: Aguilar.	OBLIGATORIA		3	20452	1
Geoquímica	301	Albarède, F. (1995). Introduction to geochemical modeling. Cambridge: Cambridge University Press.	OBLIGATORIA		0		0
Geoquímica	301	Anderson, G. M. & Crerar, D. A. (1993). Thermodynamics in geochemistry: The equilibrium model. Oxford: Oxford University Press.	COMPLEMENTARIA		0		0
Geoquímica	301	Bowen, R. (1988). Isotopes in the earth science. London: Elsevier Applied Science.	COMPLEMENTARIA		0		0
Geoquímica	301	Brownlow, A. H. (1995). Geochemistry. New Jersey: Prentice-Hall.	COMPLEMENTARIA		0		0
Geoquímica	301	Davis, J. C. (1973). Statistics and data analysis in geology. New York: John Wiley & Sons.	COMPLEMENTARIA		2	11135	1
Geoquímica	301	Faure, G. (1986). Principles of isotope geology. New York: Wiley.	COMPLEMENTARIA		0		0
Geoquímica	301	Faure, G. (1998). Principles and applications of geochemistry. New Jersey: Prentice Hall.	COMPLEMENTARIA		0		0
Geoquímica	301	Faure, G. (2001). Origin of the igneous rocks: The isotopic evidence. Berlin: Springer.	COMPLEMENTARIA		0		0
Geoquímica	301	Henderson, P. (1982). Inorganic geochemistry. Oxford: Pergamon Press.	COMPLEMENTARIA		0		0
Geoquímica	301	Holland, H. D. & Turekian, K. K (Eds.) (2003). Treatise on Geochemistry. Oxford: Elsevier Pergamon.	COMPLEMENTARIA		0		0
Geoquímica	301	Le Maitre, R. W. (1982). Numerical petrology: Statistical interpretation of geochemical data. Amsterdam: Elsevier.	COMPLEMENTARIA		0		0
Geoquímica	301	Marshall, C. P. & Fairbridge, R. W. (Eds.) (1999). Encyclopedia of Geochemistry (Encyclopedia of Earth Sciences Series). Berlin: Springer.	COMPLEMENTARIA		0		0
Geoquímica	301	Mason, B. & Moore, C. B. (1982). Principles of Geochemistry. New York: John Wiley & Sons.	COMPLEMENTARIA		0		0
Geoquímica	301	McSween, H. Y., Richardson, S. M. & Uhle, M. (2003). Geochemistry: Pathways and Processes. New York: Columbia University Press.	COMPLEMENTARIA		0		0
Geoquímica	301	Nordstrom, D. K. & Muñoz, J. L. (2006). Geochemical thermodynamics. Caldwell, New Jersey: Blackburn Press.	COMPLEMENTARIA		0		0
Geoquímica	301	Rollinson, H. (1993). Using geochemical data: evaluation, presentation, interpretation. New York: Longman Scientific & Technical.	COMPLEMENTARIA		0		0
Geoquímica	301	Rose, A. W., Hawkes, H. E. & Webb, J. S. (1979). Geochemistry in mineral exploration. New York: Academic Press.	COMPLEMENTARIA		5	10406	1
Geoquímica	301	Smith, D. G. (1989). The Cambridge Encyclopedia of Earth Sciences. Cambridge: Cambridge University Press.	COMPLEMENTARIA		0		0
Geoquímica	301	Walther, J. V. (2009). Essentials of geochemistry. Boston: Jones and Barlett.	COMPLEMENTARIA		0		0
Geoquímica	301	White, W. M. (2013) Geochemistry. Chichester: Wiley-Blackwell.	COMPLEMENTARIA		0		0
Geoquímica	301	Zou, H. (2009). Quantitative geochemistry. London: Imperial College Press.	COMPLEMENTARIA		0		0
Inglés IV	301	Alexander, L. G. (1998). Longman English Grammar Practice. New York: Wesley Longman.	OBLIGATORIA		0		0
Inglés IV	301	Markner-Jäger, B. (2008). Technical English for geosciences. Berlin: Springer.	OBLIGATORIA		0		0
Inglés IV	301	Moreno, T. & Wibbons, W. (Eds.). (2007). The geology of Chile. London: The Geological Society of London.	OBLIGATORIA		4	22440	1
Inglés IV	301	Murphy, R. (2014). English grammar in use elementary. Cambridge: Cambridge University Press.	OBLIGATORIA		0		0
Inglés IV	301	UDA English Center (2017). Material propio elaborado por académicos.	OBLIGATORIA		0		0
Inglés IV	301	Allaby, M.  (2013). A Dictionary of Geology and Earth Sciences Oxford: Oxford University Press.	COMPLEMENTARIA		0		0
Inglés IV	301	Crowther, J. (1995). Oxford Advanced Learner‟s Dictionary: Of Current English. Oxford: Oxford University Press.	COMPLEMENTARIA		10	9992	1
Cartografía geológica y SIG	301	Marshak, S. & Mitra, G. (1988). Basic methods of structural geology. London, London: Prentice	OBLIGATORIA		2	22285	1
Cartografía geológica y SIG	301	Lahee,  F. H. (1975). Geología práctica. Barcelona, España: Omega.	OBLIGATORIA		10	2964	1
Cartografía geológica y SIG	301	Lisle, R. J. (1996) Geological structures and maps: a practical guide. Oxford: Butterworth-Heinemann.	OBLIGATORIA		1	25938	1
Petrología Sedimentaria	301	Arche, A. (2010). Sedimentología: Del proceso físico a la cuenca sedimentaria. Madrid, España: Consejo Superior de Investigaciones Científicas.	OBLIGATORIA		8	25003	1
Petrología Sedimentaria	301	Boggs, S. (2009). Petrology of Sedimentary Rocks. - 2nd Edition. Cambridge, Cambridge: University Press.	OBLIGATORIA		1	27617	1
Petrología Sedimentaria	301	Flugel, E. (2004).  Microfacies of Carbonate Rocks. Berlín. Springer-Verlag Berlin Heidelberg.	OBLIGATORIA		0		0
Petrología Sedimentaria	301	Hallam A. (1981).  Facies interpretation and stratigraphic record. Oxford, Ingland:Geol. J., 17: 345–346.	OBLIGATORIA		1	20723	1
Petrología Sedimentaria	301	Krumbein, W. & L Sloss, L. (1969).  Estratigrafía y sedimentación. México, México : Unión Tipográfica Editorial Hispano Americana.	OBLIGATORIA		3	2938	1
Petrología Sedimentaria	301	Mackenzie, F. T. (2005). Sediments, diagenesis, and sedimentary rocks. Treatise on geochemistry. Volumen 7. Amsterdam, Alemania: Elsevier.	OBLIGATORIA		0		0
Petrología Sedimentaria	301	Nichols, G. (1999). Sedimentology and Stratigraphy, Second Edition. India Printed and bound in the United Kingdom :Wiley and Blackwell.	OBLIGATORIA		1	27804	1
Petrología Sedimentaria	301	Pettijohn, F. (1963). Rocas sedimentarias. Buenos Aires, Argentina: EUDEBA.	OBLIGATORIA		1	3012	1
Petrología Sedimentaria	301	Pettijohn, F., Potter, P. E. & Siever, R. (1973). Sand and sandstone. New York: Springer- Verlag.	OBLIGATORIA		3	16994	1
Petrología Sedimentaria	301	Potter, P. & Pettijohn, F. J. (1977). Paleocurrents and basin analysis. New York: Springer-Verlag Berlin Heidelberg.	OBLIGATORIA		1	21434	1
Petrología Sedimentaria	301	Reading H. G. (1986). Sedimentary Enviroment and Facies. Second Edition.  United Kingdom: Blackwell Scientific.	OBLIGATORIA		1	25943	1
Petrología Sedimentaria	301	Reineck, H. E. (1980). Depositional sedimentary environments. New York: Springer-Verlag.	OBLIGATORIA		2	21437	1
Petrología Sedimentaria	301	Tow, A. V. (2007). Sedimentary Rocks in the Field. -  A color Guide. 3rd edition. London, Canadá Manson Publishing LTD.	OBLIGATORIA		2	24993	1
Petrología Sedimentaria	301	Tucker, M. E. (2001). Sedimentary Petrology. An introduction to the origin of sedimentary rocks. (3rd Ed.).Oxford, Ingland: Blackwell Scientific Publications.	OBLIGATORIA		2	22445	1
Mecánica de fluidos	301	Mott, R. L. (2006). Mecánica de fluidos aplicada. México: Pearson Educación.	OBLIGATORIA		7	21832	1
Mecánica de fluidos	301	Munson, B., Young, D. & Okiishi, T. (2004). Fundamentos de mecánica de fluidos. México: Limusa-Wiley.	OBLIGATORIA		8	18374	1
Mecánica de fluidos	301	 Shames, I. H. (1995). Mecánica de fluidos. Bogota: McGraw-Hill.	OBLIGATORIA		7	2465	1
Mecánica de fluidos	301	Ocon, J. & Tojo, G. (1968) Problemas de ingeniería química. Madrid: Aguilar.	OBLIGATORIA		2	783	1
Mecánica de fluidos	301	Gaskell, D. R. (2013). An introduction to transport phenomena in materials engineering. New Jersey: Momentum Press.	OBLIGATORIA		0		0
Mecánica de fluidos	301	 Vega, R. & Christiansen, A. (1984). Transporte hidráulico de sólidos. Copiapó: Universidad de Atacama	OBLIGATORIA		31	2866	1
Técnicas de la comunicación	301	Balmes, Z. & González, G. (2001). Comunicación escrita. México: Trillas.	OBLIGATORIA		1	7584	1
Técnicas de la comunicación	301	Cessany, D. (1999). Construir la escritura. Barcelona: Paidós.	OBLIGATORIA		11	14260	1
Técnicas de la comunicación	301	Ender-Egg, E. & Aguilar, M. (1994). Como Aprender a Hablar en Público. Buenos Aires: Editorial Lumen.	OBLIGATORIA		1	10598	1
Técnicas de la comunicación	301	Gonzáles, A. (2004). Estrategias de Comprensión Lectora. Revista Galego-Portuguesa de psicoloxía e educación. Madrid.	OBLIGATORIA		3	22422	1
Técnicas de la comunicación	301	González, W. (1990). Aspectos metodológicos de la investigación científica: un enfoque multidisciplinario. España: Universidad Autónoma de Madrid.	OBLIGATORIA		5	5383	1
Técnicas de la comunicación	301	Hernández, R., Fernández, C. &  Baptista, P. (1991). Metodología de la investigación. México: Editorial McGraw-Hill.	OBLIGATORIA		7	5098	1
Técnicas de la comunicación	301	Pérez, H. (1995). Comunicación Escrita: Producción e Interpretación del Discurso Escrito.	OBLIGATORIA		1	12301	1
Técnicas de la comunicación	301	Pérez, H. (1995). Comunicación Escrita: Producción e Interpretación del Discurso Escrito.	OBLIGATORIA		1	12301	1
Ejercicio físico y salud	301	Blanco, A.  (2007).   1000 Ejercicios de Preparación Física. (3. ed.).  Madrid, España: Paidotribo.	OBLIGATORIA		2	7320	1
Ejercicio físico y salud	301	Blázquez, D. (2010). Evaluar en Educación Física. (11.ed.) Barcelona, España. INDE.	OBLIGATORIA		1	26145	1
Ejercicio físico y salud	301	Rueda, A., Frías, G., Quintana, R. M. & Portilla, J. L.  (2001).   La condición física en la educación secundaria. (2.ed.). Barcelona, España. INDE	COMPLEMENTARIA		0		0
Petrología Ígnea y Metamórfica II	302	Francis, J. T. & Verhoogen J. (1963). Petrología Ígnea y Metamórfica. Barcelona: Omega.	OBLIGATORIA		1	2924	1
Petrología Ígnea y Metamórfica II	302	Winkler, H. (1976). Petrogenesis of Metamorphic rocks. Berlin: Springer.	OBLIGATORIA		2	2979	1
Petrología Ígnea y Metamórfica II	302	Best, M. G. (1995). Igneous and metamorphic petrology. Massachusetts: Blackwell science	OBLIGATORIA		3	2637	1
Petrología Ígnea y Metamórfica II	302	Winter, J. (2010). An introduction to igneous and metamorphic petrology. New York: Pearson.	OBLIGATORIA		2	23914	1
Petrología Ígnea y Metamórfica II	302	Yardley, B. W. D. (1998). An introduction to metamorphic petrology. London: Longman.	OBLIGATORIA		2	11604	1
Petrología Ígnea y Metamórfica II	302	Sigurdsson, H., Houghton, B., Rymer, H., Stix, J. & McNutt, S. (2015). Encyclopedia ofVolcanoes. Cambridge, United States: Academic Press.	COMPLEMENTARIA		2	23190	1
Petrología Ígnea y Metamórfica II	302	Kornprobst, J. (2002). Metamorphic Rocks and Their Geodynamic Significance. A petrologicalHandbook. Dordrecht, Netherlands: Kluwer Academic Publishers.	COMPLEMENTARIA		0		0
Petrología Ígnea y Metamórfica II	302	Spear, F. S. (1993). Metamorphic Phase Equilibria and Pressure-Temperature-Time Paths.	COMPLEMENTARIA		0		0
Petrología Ígnea y Metamórfica II	302	Chantilly, United States: Mineralogical Society of America. Monograph.	COMPLEMENTARIA		0		0
Geología Histórica	302	Benedetto, J. L. (2010). El continente de Gondwana a través del tiempo. Una introducción a la Geología Histórica. Córdoba, Argentina: Academia Nacional de Ciencias.	OBLIGATORIA		0		0
Geología Histórica	302	Stanley, S. M. (2009). Earth System History 3ª ed. New York: W.H. Freeman and Company.	OBLIGATORIA		2	24681	1
Geología Histórica	302	Wicander, R. & Monroe, J. S. (2012). Historical geology: evolution of earth and life through time. Belmont, California : Books/Cole	OBLIGATORIA		2	24682	1
Geología Histórica	302	Anguita, F. (1988). Origen e historia de la Tierra.	COMPLEMENTARIA		1	10191	1
Geología Histórica	302	Benton, M. J. (2008). The History of Life. A very Short Introduction. Oxford University Press Inc.,New York.	COMPLEMENTARIA		0		0
Geología Histórica	302	Catuneanu, O. (2007). Principles of Sequence Stratigraphy. Elsevier.	COMPLEMENTARIA		2	25939	1
Geología Histórica	302	Davies, G. F. (2009). Dynamic Earth: Plates, Plumes and Mantle Convection.	COMPLEMENTARIA		1	24954	1
Geología Histórica	302	Sedimentological Impact. Geological Society, London, Special Publications.	COMPLEMENTARIA		1	24950	1
Geología Histórica	302	Gould, S. (1989). La Vida Maravillosa. Burgess Shale y la naturaleza de la historia. Crítica. Barcelona.	COMPLEMENTARIA		0		0
Geología Histórica	302	Gradstein, F. M. (2012). The Geologic Time Scale. Elsevier.	COMPLEMENTARIA		0		0
Geología Histórica	302	Hallam, A. (1981). Facies interpretation and stratigraphic record. Oxford.	COMPLEMENTARIA		1	20723	1
Geología Histórica	302	Langmuir, Ch. H. & Broecker, W. (2012). How to Build a Habitable Planet: The History of Earth from the BigBang to Humankind.	COMPLEMENTARIA		4	24660	1
Geología Histórica	302	Murck, B. & Skinner, B. (1999). Geology today: understanding our planet. John Wiley & Sons Inc.	COMPLEMENTARIA		8	18366	1
Geología Histórica	302	Nichols G. (1999). Sedimentology and Stratigraphy, Second Edition. Wiley – Blackwell.	COMPLEMENTARIA		1	27804	1
Geología Histórica	302	Poblet, J. & Lisle R. J. (2011). Kinematic Evolution and Structural Styles of Fold-and-Thrust Belts. Geological Society, London, Special Publications.	COMPLEMENTARIA		1	25021	1
Geología Histórica	302	Reading, H. G. (1986). Sedimentary Enviroment and Facies, Second Edition, Blackwell.	COMPLEMENTARIA		1	25943	1
Geología Histórica	302	Stanley, S. M. (2009). Earth System History 3ª ed. W.H. Freeman and Company.	COMPLEMENTARIA		2	24681	1
Geología Histórica	302	Tarbuck, E. J. & Lutgens, F. K. (2005). Ciencias de la Tierra. Una introducción a la geología física. Octava edición. Pearson Education, Inc.	COMPLEMENTARIA		3	25951	1
Geología Histórica	302	Vecoli, M., Clément, G. & Meyer-Berthaud, B. (2010). The Terrestrialization Process: Modelling	COMPLEMENTARIA		1	24949	1
Geología Histórica	302	 Wyllie, P. (1971). The dynamic Earth: textbook in geosciences. Jhon Wiley & Sons	COMPLEMENTARIA		1	16250	1
Geotectónica	302	Condie, K. C. (2003). Plate tectonics and crustal evolution. London: Pergamon Press.	OBLIGATORIA		0		0
Geotectónica	302	Frisch, W., Meschede, M. & Blakey, R. (2011). Plate tectonics: continental drift and mountain building. Berlin Heidelberg: Springer-Verlag.	OBLIGATORIA		0		0
Geotectónica	302	Mc Clay, K. R. (1992). Thrust tectonics. London: Chapman and Hall. 	COMPLEMENTARIA		0		0
Geotectónica	302	Twiss, R. J. & Moore, E. (1992). Structural geology. Freeman and Company.	COMPLEMENTARIA		0		0
Geotectónica	302	Moores, E. & Twiss, R. (1995). Tectonics. New York: Freeman and Company.	COMPLEMENTARIA		0		0
Geotectónica	302	Park, R. (1993). Geological structures and moving plates. London: Blackie academic and professional.	COMPLEMENTARIA		0		0
Geotectónica	302	Ranalli, C. (1994). Geology of the Earth. London: Chapman and Hall.	COMPLEMENTARIA		1	2920	1
Estratigrafía y Análisis de Cuencas	302	Arche, A. (2010). Sedimentología: Del Proceso Físico a la Cuenca Sedimentaria Consejo Superior de Investigaciones Científicas.	OBLIGATORIA		8	25003	1
Estratigrafía y Análisis de Cuencas	302	Catunean, O. (2006). Principles of sequence stratigraphy. Elsevier, Amsterdam.	OBLIGATORIA		2	25939	1
Estratigrafía y Análisis de Cuencas	302	Fritz, W. J. & Moore, J. N. (1998). Basics of Physical Stratigraphy and Sedimentology. Ed. John Wiley.	OBLIGATORIA		1	25967	1
Estratigrafía y Análisis de Cuencas	302	Hallam, A. & Freeman, W. H. (1981). Facies Interpretation and The Stratigraphic Record by., Oxford, England.	OBLIGATORIA		1	20723	1
Estratigrafía y Análisis de Cuencas	302	 Hedberg, H. D. (1980). Guía estratigráfica internacional: Guía para la clasificación, terminología y procedimientos estratigráficos. Ed. Reverte.	OBLIGATORIA		1	26187	1
Estratigrafía y Análisis de Cuencas	302	Miall, A. D. (2010). The Geology of stratigraphic sequences. Springer Ed.	OBLIGATORIA		1	22464	1
Estratigrafía y Análisis de Cuencas	302	Nichols, G. (1999). Sedimentology & Stratigraphy. Blackwell Science, Oxford, U.K..	OBLIGATORIA		1	27804	1
Estratigrafía y Análisis de Cuencas	302	Vera Torres, J. A. (1994). Estratigrafía. Principios y Métodos, Rueda.	OBLIGATORIA		1	25959	1
Estratigrafía y Análisis de Cuencas	302	Albarède, F. (1995). Introduction to geochemical modeling. Cambridge: Cambridge University Press.	COMPLEMENTARIA		0		0
Estratigrafía y Análisis de Cuencas	302	Anderson, G. M. & Crerar, D. A. (1993). Thermodynamics in geochemistry: The equilibrium model.Oxford: Oxford University Press.	COMPLEMENTARIA		0		0
Estratigrafía y Análisis de Cuencas	302	Bowen, R. (1988). Isotopes in the earth science. London: Elsevier Applied Science.	COMPLEMENTARIA		0		0
Estratigrafía y Análisis de Cuencas	302	Brownlow, A. H. (1995). Geochemistry. New Jersey: Prentice-Hall.	COMPLEMENTARIA		0		0
Estratigrafía y Análisis de Cuencas	302	Davis, J. C. (1973). Statistics and data analysis in geology. New York: John Wiley & Sons.	COMPLEMENTARIA		2	11135	1
Estratigrafía y Análisis de Cuencas	302	Faure, G. (1986). Principles of isotope geology. New York: Wiley.	COMPLEMENTARIA		0		0
Estratigrafía y Análisis de Cuencas	302	Faure, G. (1998). Principles and applications of geochemistry. New Jersey: Prentice Hall.	COMPLEMENTARIA		0		0
Estratigrafía y Análisis de Cuencas	302	Faure, G. (2001). Origin of the igneous rocks: The isotopic evidence. Berlin: Springer.	COMPLEMENTARIA		0		0
Estratigrafía y Análisis de Cuencas	302	Henderson, P. (1982). Inorganic geochemistry. Oxford: Pergamon Press.	COMPLEMENTARIA		0		0
Estratigrafía y Análisis de Cuencas	302	Holland, H. D. & Turekian, K. K (2003). Treatise on Geochemistry. Oxford: Elsevier Pergamon.	COMPLEMENTARIA		0		0
Estratigrafía y Análisis de Cuencas	302	Le Maitre, R. W. (1982). Numerical petrology: Statistical interpretation of geochemical data. Amsterdam: Elsevier.	COMPLEMENTARIA		0		0
Estratigrafía y Análisis de Cuencas	302	Marshall, C. P. & Fairbridge, R. W. (1999). Encyclopedia of Geochemistry (Encyclopedia of Earth Sciences Series). Berlin: Springer.	COMPLEMENTARIA		0		0
Estratigrafía y Análisis de Cuencas	302	Mason, B. & Moore, C. B. (1982). Principles of Geochemistry. New York: John Wiley & Sons.	COMPLEMENTARIA		0		0
Estratigrafía y Análisis de Cuencas	302	McSween, H. Y., Richardson, S. M. & Uhle, M. (2003). Geochemistry: Pathways and Processes. New York: Columbia University Press.	COMPLEMENTARIA		0		0
Estratigrafía y Análisis de Cuencas	302	Nordstrom, D. K. & Muñoz, J. L. (2006). Geochemical thermodynamics. Caldwell, New Jersey: Blackburn Press.	COMPLEMENTARIA		0		0
Estratigrafía y Análisis de Cuencas	302	Rollinson, H. (1993). Using geochemical data: evaluation, presentation, interpretation. New York: Longman Scientific & Technical.	COMPLEMENTARIA		0		0
Estratigrafía y Análisis de Cuencas	302	Rose, A. W., Hawkes, H. E. & Webb, J. S. (1979). Geochemistry in mineral exploration. New York: Academic Press.	COMPLEMENTARIA		5	10406	1
Estratigrafía y Análisis de Cuencas	302	Smith, D. G. (1989). The Cambridge Encyclopedia of Earth Sciences. Cambridge: Cambridge University Press.	COMPLEMENTARIA		0		0
Estratigrafía y Análisis de Cuencas	302	Walther, J. V. (2009). Essentials of geochemistry. Boston: Jones and Barlett.	COMPLEMENTARIA		0		0
Estratigrafía y Análisis de Cuencas	302	White, W. M. (2013) Geochemistry. Chichester: Wiley-Blackwell.	COMPLEMENTARIA		0		0
Estratigrafía y Análisis de Cuencas	302	Zou, H. (2009). Quantitative geochemistry. London: Imperial College Press.	COMPLEMENTARIA		0		0
Estratigrafía y Análisis de Cuencas	302	Dabrio, C. & Hernando, S. (2003). Estratigrafía. Colección Geociencias. Facultad de Ciencias Geológicas, U.C.M., Madrid.	COMPLEMENTARIA		0		0
Estratigrafía y Análisis de Cuencas	302	Einsele, G. (2000). Sedimentary basins. Evolution, Facies and Sediment Budget. Springer-Verlag, Berlin.	COMPLEMENTARIA		4	22449	1
Estratigrafía y Análisis de Cuencas	302	Hedberg, H. D. (1980). Guía para la clasificación, terminología y procedimientos estratigráficos. Editorial Reverté, S.A.	COMPLEMENTARIA		0		0
Estratigrafía y Análisis de Cuencas	302	Leeder, M. R. (1982). Sedimentology. Process and Product. George Allen & Unwin, London. 344 pp.	COMPLEMENTARIA		0		0
Estratigrafía y Análisis de Cuencas	302	Middleton, G. V. & Southard, J. B. (1984). Mechanics of sediment movement. S.E.P.M. Short Course Number 3.	COMPLEMENTARIA		7		1
Estratigrafía y Análisis de Cuencas	302	Reineck, H. E. & Singh, I. B. (1973). Depositional Sedimentary Environments. Springer-Verlag, New Cork.	COMPLEMENTARIA		2	21437	1
Estratigrafía y Análisis de Cuencas	302	Stow, D. A. V. (2007). Sedimentary Rocks in the Field. A colour Guide. Manson Publishing Ltd, London.	COMPLEMENTARIA		2	24933	1
Geofísica	302	Artur-Holmes, A. (1980).Geología Física.  Barcelona: Ed. Omega.	OBLIGATORIA		13	2798	1
Geofísica	302	Cantos-Figuerola, J. (1974). Tratado de Geofísica Aplicada. Madrid, España. Ed. Litoprint.	OBLIGATORIA		1	2879	1
Geofísica	302	Howell, B. F. (1962). Introducción a la Geofísica.  Barcelona, España. Ed. Omega.	OBLIGATORIA		6	2887	1
Geofísica	302	Lozano, C. L. (1972). Introducción a la Geofísica. Madrid, España. Ed. Paraninfo.	OBLIGATORIA		2	2995	1
Geofísica	302	Milton,  B. D. (1961). Introducción a la prospección geofísica. Barcelona, España. Ed.Omega.	OBLIGATORIA		6	302	1
Geofísica	302	Mironov, V. S. (1977). Curso de prospección gravimétrica. España. Ed. Reverté.	OBLIGATORIA		1	2427	1
Geofísica	302	Parasnis, D. S. (1962). Principios de Geofísica Aplicada. Madrid, España. Ed. Paraninfo.	OBLIGATORIA		2	2890	1
Petrogénesis avanzada	302	Francis, J. T. & Verhoogen, J. (1963). Petrología Ígnea y Metamórfica. Barcelona: Omega.	OBLIGATORIA		1	2924	1
Petrogénesis avanzada	302	Winkler, H. (1976). Petrogenesis of Metamorphic rocks. Berlin: Springer.	OBLIGATORIA		2	2979	1
Petrogénesis avanzada	302	Best, M. G. (1995). Igneous and metamorphic petrology. Massachusetts: Blackwell Science.	OBLIGATORIA		3	2637	1
Petrogénesis avanzada	302	Winter, J. (2010). An introduction to igneous and metamorphic petrology. New York: Pearson, Prentice Hall.	OBLIGATORIA		2	23914	1
Petrogénesis avanzada	302	Yardley, B. W. D. (1998). An introduction to metamorphic petrology. London, England: Longman.	OBLIGATORIA		2	11604	1
Petrogénesis avanzada	302	Bucher, K. & Frey, M. (2002). Petrogenesis of Metamorphic Rocks. Berlin/Heidelberg: Springer.	COMPLEMENTARIA		0		0
Petrogénesis avanzada	302	De Paolo, D. J. (1988). Neodymium Isotope Geochemistry. An Introduction. Berlin/Heidelberg: Springer.	COMPLEMENTARIA		0		0
Petrogénesis avanzada	302	Dickinson, W. (1974). Plate tectonics and sedimentation. Society of Economic Paleontologists and Mineralogists, Special Publication.	COMPLEMENTARIA		0		0
Petrogénesis avanzada	302	Faure, G. (1986). Principles of Isotope Geology. New York: John Wyley.	COMPLEMENTARIA		0		0
Petrogénesis avanzada	302	Garrels, R. M. & Mackenzie, F. T. (1971). Evolution of sedimentary rocks. New York: Norton y Cía.	COMPLEMENTARIA		0		0
Petrogénesis avanzada	302	Kornprobst, J. (2002). Metamorphic Rocks and Their Geodynamic Significance. A petrological Handbook. Dordrecht: Kluwer Academic Publishers.	COMPLEMENTARIA		0		0
Petrogénesis avanzada	302	Sigurdsson, H., Houghton, B., Rymer, H., Stix, J. & Metamorphic Rocks and Their Geodynamic SignificanMcNutt, S. (2015). Encyclopedia of Volcanoes. Cambridge: Academic Press.	COMPLEMENTARIA		0		0
Petrogénesis avanzada	302	Spear, F. S. (1993). Metamorphic Phase Equilibria and Pressure-Temperature-Time Paths. Chantilly: Mineralogical Society of America.	COMPLEMENTARIA		0		0
Hidrogeología I 	401	Appelo, C. & Postma, D.  (2005). Geochemistry, Groundwater and Pollution. Leiden: Balkema.	OBLIGATORIA		0		0
Hidrogeología I 	401	Custodio, E. & Llamas, R. (2001). Hidrología subterránea.  arcelona: Omega.	OBLIGATORIA		10	25761	1
Hidrogeología I 	401	Davis, S. & Wiest, R. (1971). Hidrogeología.  arcelona: Arial.	OBLIGATORIA		1	17	1
Hidrogeología I 	401	Drever, J. (2002). The geochemistry of natural waters. Upper Saddle River, N.J.: Prentice Hall.	OBLIGATORIA		0		0
Hidrogeología I 	401	Fetter, C. (2014). Applied hydrogeology. Essex: Pearson Education.	OBLIGATORIA		0		0
Hidrogeología I 	401	Freeze, R. & Cherry, J. (1982). Groundwater. Englewood Cliffs, N.J.: Prentice-Hall.	OBLIGATORIA		0		0
Hidrogeología I 	401	Domenico, P. & Schwartz, F. (1998). Physical and chemical hydrogeology. New York: Wiley.	COMPLEMENTARIA		0		0
Hidrogeología I 	401	Fitts, C. (2017). Groundwater science. Amsterdam: Elsevier Academic Press.	COMPLEMENTARIA		0		0
Hidrogeología I 	401	Hiscock, K. & Bense, V. (2014). Hydrogeology. Hoboken: Wiley.	COMPLEMENTARIA		0		0
Hidrogeología I 	401	Kasenow, M. (2010). Applied ground-water hydrology and well hydraulics. Highlands Ranch, Colo.: Water Resources Publications.	COMPLEMENTARIA		0		0
Hidrogeología I 	401	Merkel, B., Nordstrom, D. & Planer-Friedrich, B. (2008). Groundwater Geochemistry. Berlin, Heidelberg: Springer-Verlag.	COMPLEMENTARIA		0		0
Hidrogeología I 	401	Schwartz, F. & Zhang, H. (2003). Fundamentals of ground water. New York: Wiley.	COMPLEMENTARIA		0		0
Geomorfología	401	Derruau, M. (1991). Geomorfología. Barcelona, España: Editorial Ariel Geografía.	OBLIGATORIA		1	2863	1
Geomorfología	401	Muñoz-Jimenez, J. (1993). Geomorfología General. Madrid, España: Editorial Síntesis.	OBLIGATORIA		1	2962	1
Geomorfología	401	Martinez de Pinzon, E., Tello, B. (1983). Atlas de Geomorfología. Madrid, España, AlianzaEditorial.	OBLIGATORIA		1	2734	1
Metodología de la investigación	401	Benton, M.J. & Harper, D.A.T. (2009). Introduction to Paleobiology and the Fossil Record. WileyBlackwell. 592 p.	OBLIGATORIA		5	26565	1
Metodología de la investigación	401	Bold, H.C., Alexopoulos, C.J. & Delevoryas, T. (1987). Morphology of Plants and Fungi. Harper  and Row Publishers. 912 p.	OBLIGATORIA		1	21695	1
Metodología de la investigación	401	Sues, H.D. & Fraser, N.C. (2010). Triassic Life on Land: The Great Transition. Columbia University Press. 224 p.	OBLIGATORIA		1	25015	1
Metodología de la investigación	401	Vecoli, M., Clement, G. & Meyer-Berthaud, B. (2010). The Terrestrialization Process: Modelling Complex Interactions at the Biosphere-Geosphere Interface. Geological Society Publication. 187 p.	OBLIGATORIA		1	24949	1
Metodología de la investigación	401	Archangelsky, S. (1970). Fundamentos de paleobotánica. Serie Técnica y Didáctica no. 11,Facultad de Ciencias Naturales y Museo, Universidad de la Plata, Argentina, 347 p.	COMPLEMENTARIA		0		0
Metodología de la investigación	401	Behrensmeyer, A. K., Damuth, J. D., DiMichele, W. A., Potts, R., Sues, H.-D. & Wing, S.L. (1992). Terrestrial ecosystems through time - Evolutionary paleoecology of terrestrial plants and animals. The University of Chicago Press.  588 p	COMPLEMENTARIA		0		0
Metodología de la investigación	401	Fraser, N.C. & Sues, H.-D. (2017). Terrestrial Conservation Lagerstatten: Windows into the Evolution of Life on Land. 356 p.	COMPLEMENTARIA		0		0
Metodología de la investigación	401	Damage Types on Compressed Plant Fossils. Version 3.0. Smithsonian Institution, Washington, D.C. 25 p.	COMPLEMENTARIA		0		0
Metodología de la investigación	401	Jones, T.P. & Rowe, N.P. (1999). Fossil Plants and Spores: Modern Techniques. Geological Society Pub House. 396 p.	COMPLEMENTARIA		1	27766	1
Metodología de la investigación	401	Stewart, W. N. & Rothwell., G. W. (1993). Paleobotany and the evolution of plants. 2nd edition. Cambridge University Press, Cambridge. 521 p.	COMPLEMENTARIA		0		0
Metodología de la investigación	401	Taylor, T.N., Taylor, E.L. & Krings, M. (2008). Paleobotany: The Biology and Evolution of Fossil Plants. 2nd Edition. Academic Press. 1252 p.	COMPLEMENTARIA		0		0
Metodología de la investigación	401	Tiffney, B. 1985. Geological factors and the evolution of plants. Yale University Press. 294 p.	COMPLEMENTARIA		0		0
Metodología de la investigación	401	Willis, K. & McElwain, J. The Evolution of Plants. 2nd Edition. Oxford University Press. 425 p.	COMPLEMENTARIA		1	27157	1
Paleobotánica	401	Benton, M.J. & Harper, D.A.T. 2009. Introduction to Paleobiology and the Fossil Record. WileyBlackwell. 592 p.	OBLIGATORIA		5	26565	1
Paleobotánica	401	Bold, H.C., Alexopoulos, C.J. & Delevoryas, T. 1987. Morphology of Plants and Fungi. Harper and Row Publishers. 912 p.	OBLIGATORIA		1	21695	1
Paleobotánica	401	Sues, H.D. & Fraser, N.C. 2010. Triassic Life on Land: The Great Transition. Columbia University Press. 224 p.	OBLIGATORIA		1	25015	1
Paleobotánica	401	Vecoli, M., Clement, G. & Meyer-Berthaud, B. 2010. The Terrestrialization Process: Modelling Complex Interactions at the Biosphere-Geosphere Interface. Geological Society Publication. 187 p.	OBLIGATORIA		1	24949	1
Paleobotánica	401	Archangelsky, S. 1970. Fundamentos de paleobotánica. Serie Técnica y Didáctica no. 11, Facultad de Ciencias Naturales y Museo, Universidad de la Plata, Argentina, 347 p.	COMPLEMENTARIA		0		0
Paleobotánica	401	Behrensmeyer, A. K., Damuth, J. D., DiMichele, W. A., Potts, R., Sues, H.-D. & Wing, S.L. 1992. Terrestrial ecosystems through time - Evolutionary paleoecology of terrestrial plants and animals. The University of Chicago Press.  588 p	COMPLEMENTARIA		0		0
Paleobotánica	401	Fraser, N.C. & Sues, H.-D. 2017. Terrestrial Conservation Lagerstatten: Windows into the Evolution of Life on Land. 356 p.	COMPLEMENTARIA		0		0
Paleobotánica	401	Labandeira, C.C., Wilf, P., Johnson, K.R. & Marsh, F. 2007. Guide to Insect (and Other) Damage Types on Compressed Plant Fossils. Version 3.0. Smithsonian Institution, Washington, D.C. 25 p.	COMPLEMENTARIA		0		0
Paleobotánica	401	Jones, T.P. & Rowe, N.P. 1999. Fossil Plants and Spores: Modern Techniques. Geological Society Pub House. 396 p.	COMPLEMENTARIA		1	27766	1
Paleobotánica	401	Stewart, W. N. & Rothwell., G. W. 1993. Paleobotany and the evolution of plants. 2nd edition. Cambridge University Press, Cambridge. 521 p.	COMPLEMENTARIA		0		0
Paleobotánica	401	Taylor, T.N., Taylor, E.L. & Krings, M. 2008. Paleobotany:The Biolo gy and Evolution of Fossil Plants. 2nd Edition. Academic Press. 1252 p.	COMPLEMENTARIA		0		0
Paleobotánica	401	Tiffney, B. 1985. Geological factors and the evolution of plants. Yale University Press. 294 p.	COMPLEMENTARIA		0		0
Paleobotánica	401	Willis, K. & McElwain, J. The Evolution of Plants. 2nd Edition. Oxford University Press. 425 p.	COMPLEMENTARIA		1	27157	1
Geología de campo I	402	Barnes, J. W. (1991). Basic Geological Mapping. New York: John Wiley & Sons.	OBLIGATORIA		1	26190	1
Geología de campo I	402	McClay, K. R. (1987). The Mapping of Geological Structures. New York:. John Wiley & Sons.	OBLIGATORIA		4	26189	1
Geología Ambiental	402	Keller, E. A. (2011). Environmental Geology. Boston: Pearson.	OBLIGATORIA		1	23912	1
Geología Ambiental	402	Keller, E. A. & Blodgett, R. H. (2007). Riesgos naturales: Procesos de la tierra como riesgos, desastres y catástrofes. Madrid: Pearson	OBLIGATORIA		3	25561	1
Geología Ambiental	402	Strahler, A. N. (1992). Geología Fisica. Barcelona: Omega. Cereceda, P., Errazuriz, A. & Lagos, M. (2011). Terremotos y Tsunamis en Chile. Chile: Origo Ediciones.	OBLIGATORIA		61	3082	1
Geología Económica	402	 Peters, W. C. (1987). Exploration and mining geology. New York: John Wiley. 	OBLIGATORIA		4	981	1
Geología Económica	402	Laznicka, P. (2010). Giant metallic deposits: Future sources of industrial metals. Australia: Springer.	COMPLEMENTARIA		2	23902	1
Seminario de proyecto	402	Millán, A. (1996). Evaluación y factibilidad de proyectos mineros. Santiago: Universitaria.	OBLIGATORIA		13	7324	1
Seminario de proyecto	402	Tamayo, M. (1999). El proceso de la investigacion cientifica: Incluye glosario y manual de evaluacion de proyectos. Mexico: Limusa.	OBLIGATORIA		1	12810	1
Seminario de proyecto	402	Bunge, M. (1989). La investigación científica: su estrategia y filosofía. Barcelona: España.	COMPLEMENTARIA		2	2921	1
Seminario de proyecto	402	González, W. (1990). Aspectos metodológicos de la investigación científica: un enfoque multidisciplinario. Madrid: Universidad Autónoma de Madrid.	COMPLEMENTARIA		5	5383	1
Seminario de proyecto	402	Muñoz, I. (2000). La investigación universitaria hacia el siglo XXI: propuestas y desafíos desde las regiones. Chile: Ediciones Universidad de Tarapacá.	COMPLEMENTARIA		1	17408	1
Hidroquímica y Geoquímica Ambiental	402	Appelo, C. y Postama, D. (2005). Geochemistry, groundwater and pollution. 2ª ed. London: Taylor & Francis.	OBLIGATORIA		0		0
Hidroquímica y Geoquímica Ambiental	402	Drever, J. I. (1982). The geochemistry of natural waters. New York: Prentice-Hall Inc.	OBLIGATORIA		0		0
Hidroquímica y Geoquímica Ambiental	402	Hem, J. D. (1992). Study and interpretation of the chemical characteristics of natural waters. U.S.G.S. Water-Supply Paper 2254.	OBLIGATORIA		0		0
Hidroquímica y Geoquímica Ambiental	402	Langmuir, D. (1997). Aqueous environmental geochemistry. NewJersey: Prentice Hall.	OBLIGATORIA		0		0
Hidroquímica y Geoquímica Ambiental	402	Misra, K. C. (2012). Introduction to geochemistry: Principles and applications. Oxford: Wiley-Blackwell.	OBLIGATORIA		2	23904	1
Hidroquímica y Geoquímica Ambiental	402	Mackenzie, F. T. (2010). Our Changing Planet: An Introduction to Earth System Science and Global Environmental Change, 4° ed. New York: Pearson.	COMPLEMENTARIA		1	26653	1
Hidroquímica y Geoquímica Ambiental	402	Custodio, E. y Llamas, M. R. (1983). Hidrología subterránea. Barcelona: Omega. [Sección 4: Principios básicos de química y radioquímica de aguas subterráneas. pp. 177-282].	COMPLEMENTARIA		10	25761	1
Hidroquímica y Geoquímica Ambiental	402	Custodio, E. y Llamas, M. R. (1983). Hidrología subterránea.  Barcelona: Omega. [Sección 10:Hidrogeoquímica. pp.1005-1098].	COMPLEMENTARIA		10	25761	1
Exploraciones mineras	501	Bustillo Revuelta, M. & López Jimeno, C. (1996). Recursos minerales. topología, prospección, evaluación, explotación, mineralurgía, impacto ambiental. Madrid: Mostoles.	OBLIGATORIA		3	9850	1
Exploraciones mineras	501	Chuvieco, E. (1995). Fundamentos de teledetección espacial. Madrid: RIALP.	OBLIGATORIA		1	2972	1
Exploraciones mineras	501	Dobrin, M. B. & Savit, C. H. (1988). Introduction to Geophysical Prospecting. Estados Unidos:Editorial McGraw-Hill.	OBLIGATORIA		1	9077	1
Exploraciones mineras	501	Ellis, D. V. & Singer, J. M. (2008). Well logging for earth scientists. Amsterdam: Springer.	OBLIGATORIA		0		0
Exploraciones mineras	501	Fontboté, L., Amstutz, G. C., Cardozo, M., Cedillo, E. & Frutos, J. (1990). Stratabound ore deposits in the Andes. Berlín: Springer.	OBLIGATORIA		1	2661	1
Exploraciones mineras	501	Frutos, J., Oyarzún, R. & Pincheira, M. (1985). Geología y recursos minerales de Chile. Concepción. Chile: Universidad de Concepción.	OBLIGATORIA		4	2201	1
Exploraciones mineras	501	Hartman, H. L. (1987). Introductury mining engineering. New York: John Wiley & Sons.	OBLIGATORIA		1	711	1
Exploraciones mineras	501	Hartman, H. L. (1992). SME mining engineering handbook. United States: SME Portcity Press.	OBLIGATORIA		2	373	1
Exploraciones mineras	501	Kearey, P., Brooks, M. & Hill, I. (2002). An Introduction to geophysical exploration. Oxford: Blackwell Science.	OBLIGATORIA		0		0
Exploraciones mineras	501	Koefoed, O. (1979). Geosounding principles: methods in geochemistry and geophysics. Amsterdam: Elsevier Scientific Publishing Company.	OBLIGATORIA		2	21894	1
Exploraciones mineras	501	 Lowrie, W. (2007). Fundamentals of geophysics. Cambridge: Cambridge University Press.	OBLIGATORIA		0		0
Exploraciones mineras	501	Miguel, L. de (1980). Geomagnetismo. Madrid: Instituto Geográfico Nacional	OBLIGATORIA		1	9857	1
Exploraciones mineras	501	Orche, E. (2001). Manual de geología e investigación de yacimientos minerales. Madrid: Carlos Lopez Jimeno.	OBLIGATORIA		1	21150	1
Exploraciones mineras	501	Orellana, E. (1972). Prospección geoeléctrica en corriente continua. Madrid: Paraninfo	OBLIGATORIA		2	2749	1
Exploraciones mineras	501	Parasnis, D. S. (1975). Mining geophysics. In serie: Methods in Geochemistry and Geophysics. Amsterdam: Elsevier Scientific Publishing Company.	OBLIGATORIA		1	1011	1
Exploraciones mineras	501	Peters, W. C. (1987). Exploration and mining geology. New York: John Wiley & Sons.	OBLIGATORIA		4	981	1
Exploraciones mineras	501	Rose, A. W., Hawkes, H. E. & Webb, J. S. (1979). Geochemistry in Mineral Exploration. New York: Academic Press.	OBLIGATORIA		5	10406	1
Exploraciones mineras	501	Ruiz-Fuller, C. & Peebles L. F. (1988). Geología, Distribución y Génesis de los Yacimientos Metalíferos Chilenos. Santiago: Universitaria.	OBLIGATORIA		7	5349	1
Exploraciones mineras	501	Sabins, F. F. (1997). Remote Sensing. Principles and Interpretation. New York: Freeman.	OBLIGATORIA		1	9081	1
Exploraciones mineras	501	Sheriff, R. E. & Geldart, L.P. (1991). Exploración sismológica. Vol.I: Historia, teoría y obtención de datos; Mexico: Noriega Limusa.	OBLIGATORIA		2	12883	1
Exploraciones mineras	501	Sheriff, R. E. & Geldart, L.P. (1991). Exploración sismológica. Vol.II: Procesamiento e interpretación de datos. México: Noriega Limusa.	OBLIGATORIA		2	12883	1
Exploraciones mineras	501	Instituto de Ingenieros de Minas de Chile (1980). Minería de Cobres Porfídicos. - Anales del congreso cincuentenario, 23-29 Nov.1980, Vol. I, II, III (SCL).	COMPLEMENTARIA		3	1056	1
Exploraciones mineras	501	Mirónov, V.S. (1977). Curso de prospección gravimétrica. Barcelona: Reverté.	COMPLEMENTARIA		1	2427	1
Geología de campo II	501	Barnes, J. W. (1991). Basic Geological Mapping. New York: John Wiley & Sons.	OBLIGATORIA		1	26190	1
Geología de campo II	501	McClay, K. R.(1987). The Mapping of Geological Structures. New York: Ed. John Wiley & Sons.	COMPLEMENTARIA		4	26189	1
Hidrogeología II 	501	Appelo, C. y Postma; D.  (2005). Geochemistry, Groundwater and Pollution. Leiden: Balkema.	OBLIGATORIA		0		0
Hidrogeología II 	501	Custodio, E. y Llamas, R. (2001). Hidrología subterránea.  arcelona: Omega.	OBLIGATORIA		10	25761	1
Hidrogeología II 	501	Davis, S. y Wiest, R. (1971). Hidrogeología.  arcelona: Arial.	OBLIGATORIA		1	17	1
Hidrogeología II 	501	Drever, J. (2002). The geochemistry of natural waters. Upper Saddle River, N.J.: Prentice Hall.	OBLIGATORIA		0		0
Hidrogeología II 	501	Fetter, C. (2014). Applied hydrogeology. Essex: Pearson Education.	OBLIGATORIA		0		0
Hidrogeología II 	501	Freeze, R. y Cherry, J. (1982). Groundwater. Englewood Cliffs, N.J.: Prentice-Hall.	OBLIGATORIA		0		0
Hidrogeología II 	501	Merkel, B., Nordstrom, D. y Planer-Friedrich, B. (2008). Groundwater Geochemistry. Berlin,Heidelberg: Springer-Verlag.	OBLIGATORIA		0		0
Hidrogeología II 	501	Domenico, P. y Schwartz, F. (1998). Physical and chemical hydrogeology. New York: Wiley.	COMPLEMENTARIA		0		0
Hidrogeología II 	501	Fitts, C. (2017). Groundwater science. Amsterdam: Elsevier Academic Press.	COMPLEMENTARIA		0		0
Hidrogeología II 	501	Hiscock, K. y Bense, V. (2014). Hydrogeology. Hoboken: Wiley.	COMPLEMENTARIA		0		0
Hidrogeología II 	501	Kasenow, M. (2010). Applied ground-water hydrology and well hydraulics. Highlands Ranch, Colo.: Water Resources Publications.	COMPLEMENTARIA		0		0
Hidrogeología II 	501	Schwartz, F. y Zhang, H. (2003). Fundamentals of ground water. New York: Wiley.	COMPLEMENTARIA		0		0
Geoestadística	501	Emery, X. (2000). Geoestadística lineal. Santiago: Universidad de Chile.	OBLIGATORIA		1	17218	1
Geoestadística	501	Montero, J. M. & Larras, B. (2008). Introducción a la geoestadística lineal. Coruña: Netbiblo	COMPLEMENTARIA		0		0
Geotermia	501	Economides, M. & Ungemach, P. (1987). Applied Geothermics. Nueva York: John Wiley & Sons.	OBLIGATORIA		0		0
Geotermia	501	Goguel, J. (1976). Geothermics (Translated from La Géothermie). Nueva York: McGraw Hill Book Company.	OBLIGATORIA		0		0
Geotermia	501	"Kruger, P. & Otte, C. (Eds) (1973). Geothermal Energy: Resources, Production, Simulation.Stanford, California: Stanford University Press.
"	OBLIGATORIA		0		0
Geotermia	501	Chandrasekharam, D. & Bundschuh, J. (Ed.) (2002). Geothermal Energy Resources for Developing Countries. Lisse, Holanda: A.A. Balkema Publishers.	OBLIGATORIA		0		0
Geotermia	501	Ellis, A.J. & Mahon, W. (1977). Water Chemistry and Geothermal Systems. Londres: Academy Press.	COMPLEMENTARIA		0		0
Geotermia	501	Nicholson, K. (1993). Geothermal Fluids: Chemistry and Exploration Techniques. Berlin: Springer-Verlag.	COMPLEMENTARIA		0		0
Geotermia	501	Arnórsson, S. (Ed) (2000). Isotopic and Chemical Techniques in Geothermal Exploration, Development and Use: Sampling Methods, Data Handling, Interpretation. Viena: International Atomic Energy Agency.	COMPLEMENTARIA		0		0
Geotermia	501	D‟Amore, F. (Ed) (1991). Application of Geochemistry in Geothermal Reservoir development -Series of Technical Guides on the Use of Geothermal Energy. Roma: UNITAR/UNDP Centre on Small Energy Resources.	COMPLEMENTARIA		0		0
Geotermia	501	Chandrasekharam, D. & Bundschuh, J. (2008). Low-Enthalpy Geothermal Resources for Power Generation. Ámsterdam: CRC Press.	COMPLEMENTARIA		0		0
Geología de minas	502	Hartman, H. L. (2002), Introductory mining engineering. New York: John Wiley and Sons.	OBLIGATORIA		1	711	1
Geología de minas	502	Peters, W. (1987), Exploration and mining geology. New York: John Wiley and Sons.	OBLIGATORIA		4	981	1
Geología de minas	502	Emery, X. (2000). Geoestadística lineal., Santiago: Universidad de Chile.	OBLIGATORIA		1	17218	1
Geología de campo III	502	Strahler, (2004). Geología fisica. New York: Harper & Row Publishers.	OBLIGATORIA		61	3082	1
Geología de campo III	502	Barnes, J. W. (1991). Basic geological mapping. New York: John Wiley & Sons.	OBLIGATORIA		1	26190	1
Geología de campo III	502	McClay, K. R. (1987). The mapping of geological structures. New York: Ed. John Wiley & Sons.	OBLIGATORIA		4	26189	1
Riesgos  geológicos	502	IGME (1987), Riesgos geológicos. Santiago: Instituto Geológico y Minero de España.	OBLIGATORIA		6	2776	1
Riesgos  geológicos	502	Keller, E. A. (2011). Environmental geology. Boston: Pearson.	OBLIGATORIA		1	23912	1
Riesgos  geológicos	502	Keller, E. A. & Blodgett, R. H. (2007). Riesgos naturales: Procesos de la tierra como riesgos, desastres y catástrofes. Madrid: Pearson	OBLIGATORIA		3	25561	1
Riesgos  geológicos	502	Strahler, A. N. (1992). Geología fisica. Barcelona: Omega.	OBLIGATORIA		61	3082	1
Riesgos  geológicos	502	Cereceda, P., Errazuriz, A. & Lagos, M. (2011). Terremotos y tsunamis en Chile. Santiago: Origo.	OBLIGATORIA		1	24035	1
Ingeniería geológica	502	 Bieniawski, Z.T. (1989). Engineering rock mass classifications. New York: Wiley-Interscience.	OBLIGATORIA		0		0
Ingeniería geológica	502	Crespo, C. (2004).  Mecánica de suelos y cimentaciones. México: Limusa.	OBLIGATORIA		0		0
Ingeniería geológica	502	Hoek E. & Brown E.T. (1980). Underground Excavations in Rock. London: Institution of Mining and Metallurgy.	OBLIGATORIA		4	977	1
Ingeniería geológica	502	Jaeger, J. C. & Cook, N. G. W. (2008). Fundamentals of rock mechanics. London: Methuen.	OBLIGATORIA		4	19681	1
Ingeniería geológica	502	Juárez, E. & Rodríguez, R. Mecánica de suelos, Tomo I. México: Limusa.	OBLIGATORIA		3	16946	1
Ingeniería geológica	502	Lambe, T. W. & Witman, R. (2004). Mecánica de suelos. México: Limusa.	OBLIGATORIA		3	14415	1
Ingeniería geológica	502	Laubscher, D. H. (1977). Geomechanics classification of jointed rock masses-mining applications.  Transactions of the Institution of Mining and Metallurgy, Section A, Mining industry, 86, PA1-A8.	OBLIGATORIA		0		0
Ingeniería geológica	502	Terzaghi, K. & Peck, R.B. (1978). Mecánica de suelos en la ingeniería práctica, Barcelona: El Ateneo.	OBLIGATORIA		0		0
Ingeniería geológica	502	Brady, B. H. G. & Brown, E. T. (1999), Rock mechanics for underground mining. Kluwer Academic Publishers.	COMPLEMENTARIA		0		0
Ingeniería geológica	502	Terzaghi, K., Peck, R. B. & Mesri, G. (1996). Soil Mechanics in Engineering Practice. New York: John Wiley & Sons, Inc.	COMPLEMENTARIA		0		0
Proyecto de titulación	502	Bunge, M. (1989). La investigación científica: su estrategia y filosofía. Barcelona. España.	OBLIGATORIA		2	2921	1
Proyecto de titulación	502	González., W. (1990). Aspectos metodológicos de la investigación científica: un enfoque multidisciplinario. Universidad Autónoma de Madrid. España	OBLIGATORIA		5	5383	1
Proyecto de titulación	502	Muñoz, I. (2000). La investigación universitaria hacia el siglo XXI: propuestas y desafíos desde las regiones. Ediciones Universidad de Tarapacá	OBLIGATORIA		1	17408	1
Geoquímica geotérmica	502	Arnórsson, S. (Ed) (2000). Isotopic and chemical techniques in geothermal exploration, development and use: sampling methods, data handling, interpretation. Vienna: International Atomic Energy Agency.	OBLIGATORIA		0		0
Geoquímica geotérmica	502	D‟Amore, F. (Coordinator) (1991). Application of Geochemistry in Geothermal Reservoir development - Series of Technical Guides on the Use of Geothermal Energy. Rome: UNITAR/UNDP Centre on Small Energy Resources.	OBLIGATORIA		0		0
Geoquímica geotérmica	502	Drever, J. (2002). The geochemistry of natural waters. Upper Saddle River, N.J.: Prentice Hall.	OBLIGATORIA		0		0
Geoquímica geotérmica	502	Ellis, A. J., Mahon, W. A. J. (1977). Chemistry and Geothermal System. New York: Academic Press.	OBLIGATORIA		0		0
Geoquímica geotérmica	502	Nicholson, K. (1993) Geothermal Fluids: Chemistry and Exploration Techniques. Berlin: Springer-Verlag.	OBLIGATORIA		0		0
Geoquímica geotérmica	502	Albarède, F. (1995). Introduction to Geochemical Modeling. Cambridge: Cambridge University Press, 543 p.	COMPLEMENTARIA		0		0
Geoquímica geotérmica	502	Bethke, C. M. (1996) Geochemical Reaction Modeling: Concepts and Applications. London: Oxford University Press.	COMPLEMENTARIA		0		0
Geoquímica geotérmica	502	Chandrasekharam, D. y Bundschuh, J. (2008). Low-Enthalpy Geothermal Resources for Power Generation. Ámsterdam: CRC Press.	COMPLEMENTARIA		0		0
Geoquímica geotérmica	502	Giggenbach, W. F. y Goguel, R. L. (1989) Collection and analysis of geothermal and volcanic water and gas discharges. Pentone: Chemistry Division, Department of Scientific and Industrial Research.	COMPLEMENTARIA		0		0
Geoquímica geotérmica	502	Kühn, M. (2004). Reactive Flow Modeling of Hydrothermal Systems. Berlin: Springer-Verlag.	COMPLEMENTARIA		0		0
Geoquímica geotérmica	502	Paces, T. (Ed) (1991). Fluid Sampling for Geothermal Prospecting - Series of Technical Guides on the Use of Geothermal Energy. Rome: UNTAR/UNDP Centre on Small Energy Resources.	COMPLEMENTARIA		0		0
Geoquímica geotérmica	502	Pirajno, F.  (2008). Hydrothermal Processes and Mineral Systems, Springer.	COMPLEMENTARIA		0		0
Práctica profesional	601	Lahee, F., (1979). Geología Práctica. Barcelona, España: Ediciones Omega.	OBLIGATORIA		10	2964	1
Práctica profesional	601	McClay, K. (1987): The Mapping of Geological Structures; New York, Estados Unidos: John Wiley and Sons	OBLIGATORIA		4	26189	1
Práctica profesional	601	Strahler, A., (1992). Geología Física.Barcelona, España: Omega ediciones	OBLIGATORIA		61	3082	1
Práctica profesional	601	Watt, A., (1986). Diccionario Ilustrado de la Geología. Madrid. España: Editorial Everest.	COMPLEMENTARIA		0		0
Trabajo de titulación	601	Bunge, M., (1989). La investigación científica: su estrategia y filosofía. México: Siglo Veintiuno Editores.	OBLIGATORIA		2	2921	1
Trabajo de titulación	601	González, W. (1990). Aspectos metodológicos de la investigación científica: un enfoque multidisciplinario. Madrid: Universidad Autónoma de Madrid.	OBLIGATORIA		5	8383	1
Trabajo de titulación	601	Muñoz, I. (2000). La investigación universitaria hacia el siglo XXI: propuestas y desafíos desde las regiones. Arica: Ediciones Universidad de Tarapacá	OBLIGATORIA		1	17408	1
