asignatura	semestre	detalle	tipoBibliografia	copias	id	disponibilidad	carrera
Comprensión Oral y Escrita 	0	Fournier, M.C. (2004). Comunicación verbal. México: Thomson.	OBLIGATORIA	5	20870	1	admin
Comprensión Oral y Escrita 	0	• Reyzábal, M. V., & Casanova, M. A. (2001). La comunicación oral y su didáctica. Madrid: La Muralla.	OBLIGATORIA	10	12042	1	admin
Comprensión Oral y Escrita 	0	• Vallés, A. A. (1996). Comprensión lectora 1: Programa de técnicas cognitivas y metacoqnitivos para comprender textos escritos: Educacion Primaria, 1er y 2o. ciclos. Madrid; Escuela Española	OBLIGATORIA	2	11626	1	admin
Comprensión Oral y Escrita 	0	• Verderber, R. F. (1999). Comunicación oral efectiva. México: lnternational Thomson.	OBLIGATORIA	3	22706	1	admin
Matemática Aplicada 	0	Britton, J. R., & Bello, l. (January 01, 1986). Algebra y trigonometría contemporáneas.	OBLIGATORIA	3	8916	1	admin
Matemática Aplicada 	0	• Swokowski, E. W., & Trigueros, M. (1989). Álgebra y trigonometría con geometría analítica. México: Grupo Edit. lberoamérica.	OBLIGATORIA	8	2567	1	admin
Matemática Aplicada 	0	Miller, C. D., Heeren, V. E., & Hornsby, E. J. (2006). Matemáticas: Razonamiento y aplicaciones. México: Pearson.	COMPLEMENTARIA	2	22704	1	admin
Gestión de La Informática 	0	jelen, B. (2010). Excel Macros y VBA. Madrid: Anaya Multimedia.	OBLIGATORIA	1	22931	1	admin
Gestión de La Informática 	0	• Menchén, P. A. (2009). Tablas dinámicas en Excel 2007. México: Alfaomega.	OBLIGATORIA	3	22925	1	admin
Gestión de La Informática 	0	• Hawley, D., & Hawley, R. (2004). Excel: Los mejores trucos. Madrid: Anaya Multimedia.	OBLIGATORIA	1	20743	1	admin
Gestión de La Informática 	0	• Virginia Caccuri (2009). 101 secretos de Excel: la mejor guía de trucos y consejos. Argentina: Grami.	OBLIGATORIA	2	22697	1	admin
Gestión de La Informática 	0	• Frye, C., & Scott, P. P. (2007). Microsoft O/fice Excel 2003 paso a paso. Madrid.	OBLIGATORIA	3	19430	1	admin
Gestión de La Informática 	0	• Online Training Solutions, lnc. (2004). Microsoft O/fice Word 2003 paso a paso. Madrid: McGraw-Hill, lnteramericana de España.	OBLIGATORIA	3	22688	1	admin
Gestión de La Informática 	0	Luque, C. M. J. (2001). Microsoft PowerPoint 2002: O/fice XP. Madrid: Anaya Multimedia. 	COMPLEMENTARIA	5	21010	1	admin
Introducción a la Administración 	0	Koontz, H., & Weihrich, H. (2007). Elementos de administración: Un enfoque internacional. México: McGraw-Hill.	OBLIGATORIA	13	22160	1	admin
Introducción a la Administración 	0	• Chiavenato, l., Mascaró, S. P., & In Mares, C. J. (2014). Introducción a la teoría general de la administración. México: McGraw-Hill lnteramericana Editores.	OBLIGATORIA	4	2828	1	admin
Introducción a la Administración 	0	• Jones, G. R., George, J. M., & ProQuest. (2010). Administración contemporánea (6a. ed.). Distrito Federal: McGraw-Hill Interamericana.	OBLIGATORIA	5	24714	1	admin
Introducción a la Administración 	0	• Robbins, S. P., & Coulter, M. (2006). Administración. México: Pearson.	OBLIGATORIA	2	10709	1	admin
Introducción a la Administración 	0	"Lavigne, M. A., & In Mares, C. J. (2009). Administración: Liderazgo y colaboración en un mundo competitivo. México: McGraw-Hill/lnteramericana	admin
Editores."	COMPLEMENTARIA	1	24721	1	admin
Introducción a la Administración 	0	• Chiavenato, l. (2002). Administración: Teoría, proceso y práctica. Bogotá: McGraw-Hill.	COMPLEMENTARIA	3	22677	1	admin
Contabilidad e lfrs 	0	Charles T. Horngren, Walter Harrison Jr. y M. Suzanne Oliver (201 O). Contabilidad, México: Pearson	OBLIGATORIA	2	24722	1	admin
Contabilidad e lfrs 	0	• Julio Bosch Bousquet, Luis Vargas Valdivia ( 1991 ). Contabilidad. Santiago, Chile: Coopecultura, 1991	OBLIGATORIA	10	54	1	admin
Contabilidad e lfrs 	0	• Boletines Técnicos Colegio de Contadores de Chile, (2018) Santiago, Chile	COMPLEMENTARIA	0	0	0	admin
Introducción a la Economía 	0	Parkin, M., & Esquivel, G, & Avalos M. (2006). Microeconomía: versión para América Látina. México: PEARSON.	OBLIGATORIA	3	22061	1	admin
Introducción a la Economía 	0	• Mankiw, G.(2012). Principios de Microeconomía. México: Cengage Learning.	OBLIGATORIA	1	11554	1	admin
Introducción a la Economía 	0	• Beker, V., & Mochón, F. (2000). Economía: elementos de micro y macroeconomía. México: McGraw-Hill	OBLIGATORIA	1	15741	1	admin
Introducción a la Economía 	0	• Massad, C., & Pattillo, G. (2000). Macroeconomía: en un mundo interdependiente. Chile: McGraw-Hill	COMPLEMENTARIA	1	15822	1	admin
Taller 1: Habilidades y Espíritu Emprendedor	0	Maximiano, A. C. A., & Chávez, S. J. L. (2008). Administración para emprendedores: Fundamentos para la creación y gestión de nuevos negocios. México: Pearson Educación.	OBLIGATORIA	2	24725	1	admin
Taller 1: Habilidades y Espíritu Emprendedor	0	• Dracker, P. F. (2004). La Disciplina de la Innovación. Harvard Business Review.	COMPLEMENTARIA	0	0	0	admin
Taller 1: Habilidades y Espíritu Emprendedor	0	• Kawasaki. G. (2008). El Arte de Empezar: el libro para emprendedores mas útil escrito hasta la fecha. Ed. 11 ustrae.	COMPLEMENTARIA	0	0	0	admin
Taller 1: Habilidades y Espíritu Emprendedor	0	• Fernández, J. (2009). 1010 Consejos para Emprendedores. Ed. LID.	COMPLEMENTARIA	0	0	0	admin
Inglés I 	0	UDA English Center. (2018). Material propio elaborado por académicos.	OBLIGATORIA	0	0	0	admin
Inglés I 	0	• Hill, H. (2016). Diccionario Cambridge Pocket (lQil ed.). Cambridge, United Kingdom: Cambridge University Press.	COMPLEMENTARIA	20	28320	1	admin
Inglés I 	0	• Marks, J. (2007). English Pronunciation in Use Elementary. Cambridge University Press.	COMPLEMENTARIA	2	28421	1	admin
Inglés I 	0	"• McCarthy, M., McCarten, J., & Sandiford, H. (2014). ""Touchstone 1"" (2nd ed.). Cambridge University Press."	COMPLEMENTARIA	1	28297	1	admin
Inglés I 	0	Murphy, R. (2015). English Grammar in Use Elementary. Cambridge University Press.	COMPLEMENTARIA	18	27054	1	admin
Inglés I 	0	• Wilson, K. (2016). Smart Choice 1 (3rd ed.). Oxford University Press.	COMPLEMENTARIA	3	27243	1	admin
Inglés I 	0	• Wilson, K., & Healy, T. (2016). Smart Choice Starter (3rd ed.). Oxford University Press.	COMPLEMENTARIA	3	27243	1	admin
Administración y Gestión en la Empresa 	0	Koontz, H., & Weihrich, H. (2007). Elementos de administración: Un enfoque internacional. México: McGraw-Hill.	OBLIGATORIA	13	22160	1	admin
Administración y Gestión en la Empresa 	0	• Chiavenato, l., Mascaró, S. P., & In Mares, C. J. (2014). Introducción a La teoría general de la administración. México: McGraw-Hill Interamericana Editores.	OBLIGATORIA	4	2828	1	admin
Administración y Gestión en la Empresa 	0	• Hill. Chiavenato, l. (2004). Introducion a teoría general da administracdo. Rio de .Janeiro: Elsevier.	OBLIGATORIA	0	0	0	admin
Administración y Gestión en la Empresa 	0	• Jones, G. R., George, J. M., & ProQuest. (201 O). Administración contemporánea (6a. ed.). Distrito Federal: McGraw-Hill lnteramericana.	OBLIGATORIA	5	24714	1	admin
Administración y Gestión en la Empresa 	0	• Robbins, S. P., & Coulter, M. (2006). Administración. México: Pearson.	OBLIGATORIA	2	10709	1	admin
Administración y Gestión en la Empresa 	0	• Chiavenato, l., Sapiro, A., & Mascaró, S. P. (2011 ). Planeacián estratégica: Fundamentos y aplicaciones. México: McGraw-Hill/lnteramericana Editores.	COMPLEMENTARIA	1	24717	1	admin
Administración y Gestión en la Empresa 	0	• Chiavenato, l., Guzmán, B. M. P., & Mascaró, S. P. (2009). Comportamiento organizacional: La dinámica del éxito en Las organizaciones. México: McGraw	COMPLEMENTARIA	5	28645	1	admin
Administración y Gestión en la Empresa 	0	• Chiavenato, l. (2002). Administracin: Teora. proceso y prctica, Bogot: McGraw-Hill.	COMPLEMENTARIA	3	22677	1	admin
Gestión Financiera 	0	Brigharn, E., & Houston, J. (2001 ). Fundamentos de adrn in istración financiera. México: Continental.	OBLIGATORIA	4	21209	1	admin
Gestión Financiera 	0	• Besley, S., & Brigham, E. (2001 ). Fundamentos de administración financiera. México: McGraw-Hill.	OBLIGATORIA	1	23697	1	admin
Gestión Financiera 	0	• Van Horne, J. (1997). Administración Financiera. México: PEARSON.	OBLIGATORIA	2	10874	1	admin
Gestión Financiera 	0	• Torres Gabriel (2001 ). Estados Financieros. Chile: Cono Sur.	COMPLEMENTARIA	2	560	1	admin
Normativa Laboral de Personas y Empresas 	0	Carlos A. González M, (1991), Nuevo código del trabajo, Santiago, Chile, Publiley,	OBLIGATORIA	3	3327	1	admin
Costos y Presupuestos 	0	Humberto Varas C, (2018); Fundamentos de la Contabilidad de Costos 	OBLIGATORIA	2	28132	1	admin
Taller 11 Aplicaciones Tics 	0	• Boggino, N. (2009). Cómo elaborar mapas conceptuales en la escuela: Aprendizaje significatio y globalizado. Rosario: Horno Sapiens.	OBLIGATORIA	5	21018	1	admin
Taller 11 Aplicaciones Tics 	0	"• Novak, J. D., & González, C. ( 1998). Conocimiento y aprendizaje: Los mapas conceptuales como herramientas facilitadoras para escuelas y empresas. Madrid: Editorial	admin
Alianza."	OBLIGATORIA	1	21570	1	admin
Taller 11 Aplicaciones Tics 	0	• Sambrano, J., & Steiner, A. (2000). Mapas mentales: Agenda para el éxito. México, D.F: Alfaomega.	OBLIGATORIA	2	22624	1	admin
Taller 11 Aplicaciones Tics 	0	"• Colmenar, S. A. (2007). Gesrión de proyectos con Microsoft Project 2007. México:	admin
A lfaornega."	COMPLEMENTARIA	1	22930	1	admin
Inglés II 	0	UDA English Center. (2018). Material propio elaborado por académicos.	OBLIGATORIA	0	0	0	admin
Inglés II 	0	• Hill, H. (2016). Diccionario Cambridge Pocket (10ª ed.). Cambridge, United Kingdom: Cambridge University Press.	COMPLEMENTARIA	20	28320	1	admin
Inglés II 	0	• Marks, J. (2007). English Pronunciation in Use Elementary. Cambridge University Press.	COMPLEMENTARIA	2	28421	1	admin
Inglés II 	0	"• McCarthy, M., McCarten, J., & Sandiford, H. (2014). ""Touchstone 1"" (2nd ed.). Cambridge University Press."	COMPLEMENTARIA	1	28297	1	admin
Inglés II 	0	• Murphy, R. (2015). English Grammar in Use Elementary. Cambridge University Press.	COMPLEMENTARIA	2	26240	1	admin
Inglés II 	0	• Wilson, K. (2016). Smart Choice 1 (3rd ed.). Oxford University Press.	COMPLEMENTARIA	3	27243	1	admin
Inglés II 	0	• Wilson, K., & Healy, T. (2016). Smart Choice Starter (3rd ed.). Oxford University Press.	COMPLEMENTARIA	3	27243	1	admin
Innovación y Emprendimiento	0	Femández, S. E. (201 O). Estrategia de innovación. Madrid: Paraninfo.	OBLIGATORIA	4	19246	1	admin
Innovación y Emprendimiento	0	• Koontz, H., Weihrich, H., Sánchez, S. G. A., & Gómez, M. J. (2013). Elementos de administración: Un enfoque internacional de innovación.	OBLIGATORIA	10	27178	1	admin
Innovación y Emprendimiento	0	• Yarela, R. (2008). Innovación empresarial: Arte y ciencia en la creación de empresas. Bogotá, D.C., Colombia: Pearson Educación.	OBLIGATORIA	3	22110	1	admin
Innovación y Emprendimiento	0	• Cohen, K. D., & Asín, L. E. (2009). Tecnologías de información en los negocios. México: McGraw-Hill	OBLIGATORIA	1	22735	1	admin
Innovación y Emprendimiento	0	• Kelley, T., & Littman, J. (201 O). Las Diez caras de la innovación: Estrategias para una creatividad excelente. Barcelona: Paidós.	COMPLEMENTARIA	2	247441	1	admin
Innovación y Emprendimiento	0	• Lolas, F. (2006). Ética e innovación tecnológica. Chile: Centro lnterdisciplinario de Estudios en Bioética (CIEB), Yicerrectoría de Investigación y Desarrollo, Universidad de Chile.	COMPLEMENTARIA	1	19909	1	admin
Innovación y Emprendimiento	0	• Schilling, M. A. (2008). Dirección estratégica de la innovación tecnológica. Madrid: McGraw-Hill.	COMPLEMENTARIA	1	21941	1	admin
Gestión del Capital Humano 	0	Alles, M. A. (2006). Dirección estratégica de recursos humanos: Gesnán por competencias. Buenos Aires: Granica.	OBLIGATORIA	1	22638	1	admin
Gestión del Capital Humano 	0	• Arias, G. F., & Heredia, E. V.(2015). Administración de recursos humanos: Para el alto desempeño. México, D.F: Trillas.	OBLIGATORIA	1	20961	1	admin
Gestión del Capital Humano 	0	• Byars, L. L., & Rue, L. W. ( 1996). Gestión de recursos humanos. Madrid: lrwin.	OBLIGATORIA	2	5331	1	admin
Gestión del Capital Humano 	0	• Chiavenato l. (2000) , Administración de Recursos Humanos (7a. ed.). Colombia: Ed. McGraw Hill.	OBLIGATORIA	5	814	1	admin
Gestión del Capital Humano 	0	• Chiavenato l. (2019), Administración de Recursos Humanos: El Capital humano de las organizaciones (1 Oa. Ed.). México, McGraw Hill.	OBLIGATORIA	5	24716	1	admin
Gestión del Capital Humano 	0	• Dressler G. ( 1996), Administración de Personal (6a. ed.). México: Ed. Prentice.	OBLIGATORIA	1	10866	1	admin
Formulación y Evaluación de Proyectos	0	Sapag, N. (2011 ). Proyectos de inversión: Formulación y evaluación. Chile: PEARSON.	OBLIGATORIA	4	24740	1	admin
Formulación y Evaluación de Proyectos	0	• Sapag, N. (2003). Preparación y Evaluación de Proyectos. Chile: McGraw-Hill I nterarnericana.	OBLIGATORIA	11	18663	1	admin
Formulación y Evaluación de Proyectos	0	• Ocarnpo, S. J. E. (2007). Costos y evaluación de proyectos.	COMPLEMENTARIA	5	22159	1	admin
Formulación y Evaluación de Proyectos	0	• Baca, G. (2006). Evaluación de proyectos. México: McGraw-1-lill.	COMPLEMENTARIA	2	22553	1	admin
Taller 111 Empresas 	0	Maximiano, A. C. A., & Chávez, S. J. L. (2008). Administración para emprendedores: Fundamentos para la creación y gestión de nuevos negocios. México: Pearson Educación.	OBLIGATORIA	2	24725	1	admin
Taller 111 Empresas 	0	• Kotler, P., Armstrong, G., & Cámara, l. D. (2004). Marketing ( 1 Oa. ed.). Ciudad de México: Pearson Educación.	OBLIGATORIA	11	18650	1	admin
Taller 111 Empresas 	0	Dessler, G., Varela, J. R., Pineda, A. L. E., & Campos, O. V. (2011). Administración de recursos humanos: Enfoque latinoamericano.	OBLIGATORIA	1	0	1	admin
Taller 111 Empresas 	0	• Varela, R. (2008). lnnovación empresarial: Arte y ciencia en la creación de empresas. Bogotá, D.C., Colombia: Pearson Educación.	COMPLEMENTARIA	3	22110	1	admin
Taller 111 Empresas 	0	• Costa, M., & López, M. E. (2009). Los secretos de la dirección: Liderar y fortalecer personas y equipos. Madrid: Pirámide.	COMPLEMENTARIA	2	22151	1	admin
Taller 111 Empresas 	0	• Sapag, C. N. (2011). Proyectos de inversión formulación y evaluación. México: Prentice-Hall.	COMPLEMENTARIA	4	24740	1	admin
Proyecto de Titulación 	0	Tugendhat, E., Vicuña, A.M., & López, C. (2001). El libro de Manuel y Camita: Diálogos sobre ética. Barcelona: Gedisa Editorial.	OBLIGATORIA	0	0	0	admin
Proyecto de Titulación 	0	• Muñoz, R. C. (201 1 ). Cómo elaborar y asesorar una investigación de tesis (2a. ed.). Naucalpan de Juárez: Pearson Educación.	OBLIGATORIA	1	24839	1	admin
Proyecto de Titulación 	0	• Ñaupas, P. H., Yaldivia, D.M. R., Palacios, Y. J. J., & Romero, D. H. E. (2018). Metodología de la investigación: Cuantitativa-cualitativa y redacción de la tesis.	COMPLEMENTARIA	9	27861	1	admin
Proyecto de Titulación 	0	• Hernández, S. R., & Fernández, C. C. B. L. M. P. (January O 1, 201 O). Metodología de la investigación.	COMPLEMENTARIA	18	25115	1	admin
Practica Laboral 	0	Barbera, E. (2008). El estilo e-portafolio. Barcelona: UOC.	OBLIGATORIA	1	25975	1	admin
Practica Laboral 	0	"Klenowski, V. (2014). Desarrollo de portafolios para el aprendizaje y la evaluación.Madrid: Narcea Edición.	admin
"	OBLIGATORIA	1	22639	1	admin
Practica Laboral 	0	Valles, M. M. S. (2009). Técnicas cualitativae investigación social: Reflexión metodológica y práctica profesional. Madrid: Síntesis.	COMPLEMENTARIA	8	14923	1	admin
Practica Laboral 	0	Adler, R. 8., Elrnhorst, J. M., Mascaró, S. P., & González, P. J. R. (2005). Comunicación organizacional: Principios y prácticas para negocios y profesiones. México: McGraw-Hill.	COMPLEMENTARIA	2	20977	1	admin
Comprensión Oral y Escrita 	Primero	Fournier, M.C. (2004). Comunicación verbal. México: Thomson.	OBLIGATORIA	5	20870	1	asistenteGeologia
Comprensión Oral y Escrita 	Primero	• Reyzábal, M. V., & Casanova, M. /\. (2001). La comunicación oral y su didáctica. Madrid: La Muralla.	OBLIGATORIA	10	12042	1	asistenteGeologia
Comprensión Oral y Escrita 	Primero	• Vallés, . A. (1996). Comprensión lectora 1: Programa de técnicas cognitivas y metacoqnitivos para comprender textos escritos: Educacion Primaria, 1er y 2o. ciclos. Madrid; Escuela Española	OBLIGATORIA	2	11626	1	asistenteGeologia
Comprensión Oral y Escrita 	Primero	• Verderber, R. F. (1999). Comunicación oral efectiva. México: lnternational Thomson.	OBLIGATORIA	3	22706	1	asistenteGeologia
Matemática Aplicada 	PRIMERO	Britton, J. R., & Bello, l. (January 01, 1986). Algebra y trigonometría contemporáneas.	OBLIGATORIA	3	8916	1	asistenteGeologia
Matemática Aplicada 	PRIMERO	• Swokowski, E. W., & Trigueros, M. (1989). Álgebra y trigonometría con geometría analítica. México: Grupo Edit. lberoamérica.	OBLIGATORIA	8	2567	1	asistenteGeologia
Matemática Aplicada 	PRIMERO	Miller, C. D., Heeren, V. E., & Hornsby, E. J. (2006). Matemáticas: Razonamiento y aplicaciones. México: Pearson.	COMPLEMENTARIA	2	22704	1	asistenteGeologia
Gestión de La Informática 	PRIMERO	jelen, B. (2010). Excel Macros y VBA. Madrid: Anaya Multimedia.	OBLIGATORIA	1	22931	1	asistenteGeologia
Gestión de La Informática 	PRIMERO	• Menchén, P. A. (2009). Tablas dinámicas en Excel 2007. México: Alfaomega.	OBLIGATORIA	3	22925	1	asistenteGeologia
Gestión de La Informática 	PRIMERO	• Hawley, D., & Hawley, R. (2004). Excel: Los mejores trucos. Madrid: Anaya Multimedia.	OBLIGATORIA	1	20743	1	asistenteGeologia
Gestión de La Informática 	PRIMERO	• Virginia Caccuri (2009). 101 secretos de Excel: la mejor guía de trucos y consejos. Argentina: Grami.	OBLIGATORIA	2	22697	1	asistenteGeologia
Gestión de La Informática 	PRIMERO	• Frye, C., & Scott, P. P. (2007). Microsoft O/fice Excel 2003 paso a paso. Madrid.	OBLIGATORIA	3	19430	1	asistenteGeologia
Gestión de La Informática 	PRIMERO	• Online Training Solutions, lnc. (2004). Microsoft O/fice Word 2003 paso a paso. Madrid: McGraw-Hill, lnteramericana de España.	OBLIGATORIA	3	22688	1	asistenteGeologia
Gestión de La Informática 	PRIMERO	Luque, C. M. J. (2001). Microsoft PowerPoint 2002: O/fice XP. Madrid: Anaya Multimedia. 	COMPLEMENTARIA	5	21010	1	asistenteGeologia
Confección de Preparados 	SEGUNDO	"Jiménez, J., & Velilla, N. (2004)."" Óptica mineral"": una herramienta informática para el estudio de los minerales en el microscopio petrográfico. Enseñanza de las Ciencias	asistenteGeologia
de la Tierra, 12(1), 57-61."	OBLIGATORIA	0	0	0	asistenteGeologia
Confección de Preparados 	SEGUNDO	Kerr, P. F. (1965). Mineralogía óptica.	OBLIGATORIA	1	21689	1	asistenteGeologia
Confección de Preparados 	SEGUNDO	Cornelis Klein, Manual de Mineralogía vol.1 4° Edición.	COMPLEMENTARIA	0	0	0	asistenteGeologia
Confección de Preparados 	SEGUNDO	Cornelis Klein, Manual de Mineralogía vol.2 4° Edición.	COMPLEMENTARIA	0	0	0	asistenteGeologia
Confección de Preparados 	SEGUNDO	Heinrich, E. W. (1977). Identificación microscópica de los minerales. Urrno, SA de Ediciones	COMPLEMENTARIA	6	10146	1	asistenteGeologia
Confección de Preparados 	SEGUNDO	García, M.C. (2004). Guía de minerales de Andalucía. Boletín de la Asociación Provincial de Museos Locales de Córdoba, (5), 41-15.	COMPLEMENTARIA	0	0	0	asistenteGeologia
Geología General 	SEGUNDO	Tarbuck, E. J., & Lutgens, F. K. (2005). Ciencias de la Tierra. Universitario, 32.	OBLIGATORIA	3	25951	1	asistenteGeologia
Geología General 	SEGUNDO	Edwards, T. (2005). Ciencias de la Tierra. Una introducción a la geología física 	OBLIGATORIA	1	27471	1	asistenteGeologia
Geología General 	SEGUNDO	Barettino, D., Wimbledon, W. A1 P., & Gallego, E. (Eds.). (2000). Patrimonio geológico: conservación y gestión (Vol. 128). IGME.	COMPLEMENTARIA	0	0	0	asistenteGeologia
Geología General 	SEGUNDO	Mourgues. F. A., Schilling, M., & Castro, C. (2012). Propuesta de definición de los Contextos Geológicos Chilenos para la caracterización del patrimonio geológico nacional. In XIII Congreso Geol. Chileno, Antofagasta (pp. 890-892).	COMPLEMENTARIA	0	0	0	asistenteGeologia
Gestión Ambiental y Seguridad 	SEGUNDO	Gonzalez, M. R. (2003). Manual básico de prevención de riesgos laborales. Madrid, España: Thomson Paraninfo.	OBLIGATORIA	2	22714	1	asistenteGeologia
Gestión Ambiental y Seguridad 	SEGUNDO	Fernandez, B. P. (2013). Manual de derecho ambiental chileno: Colección tratados y manuales. Santiago de Chile: Legal Publishing.	OBLIGATORIA	1	26865	1	asistenteGeologia
Taller I Petrografía y Mineralogía 	SEGUNDO	Dorado, A. C. (2015). Petrografía de rocas ígneas y metamórficas. Ediciones Paraninfo, SA.	OBLIGATORIA	0	0	0	asistenteGeologia
Taller I Petrografía y Mineralogía 	SEGUNDO	Tarbuck, E. J., & Lutgens, F. K. (2005). Ciencias de la Tierra. Universitario, 32.	OBLIGATORIA	3	25951	1	asistenteGeologia
Taller I Petrografía y Mineralogía 	SEGUNDO	Dana, J. D., & Hurlbut, C. (1960). Manual de mineralogía (No. QE372 D26e 1960)	OBLIGATORIA	0	0	0	asistenteGeologia
Taller I Petrografía y Mineralogía 	SEGUNDO	Groeber, P. (1938). Mineralogía y geología. Espasa-Calpe Argentina.	COMPLEMENTARIA	0	0	0	asistenteGeologia
Taller I Petrografía y Mineralogía 	SEGUNDO	Klein, C., & l lurlbut, C. S. (1997). Manual de mineralogía (Vol. 2). Reverté,	COMPLEMENTARIA	21	9793	1	asistenteGeologia
Innglés I 	SEGUNDO	UDA English Center. (2018). Material propio elaborado por académicos.	OBLIGATORIA	0	0	0	asistenteGeologia
Innglés I 	SEGUNDO	• Hill, H. (2016). Diccionario Cambridge Pocket (lQil ed.). Cambridge, United Kingdom: Cambridge University Press.	COMPLEMENTARIA	20	28320	1	asistenteGeologia
Innglés I 	SEGUNDO	• Marks, J. (2007). English Pronunciation in Use Elementary. Cambridge University Press.	COMPLEMENTARIA	2	28421	1	asistenteGeologia
Innglés I 	SEGUNDO	"• McCarthy, M., McCarten, J., & Sandiford, H. (2014). ""Touchstone 1"" (2nd ed.). Cambridge University Press."	COMPLEMENTARIA	1	28297	1	asistenteGeologia
Innglés I 	SEGUNDO	Murphy, R. (2015). English Grammar in Use Elementary. Cambridge University Press.	COMPLEMENTARIA	2	26240	1	asistenteGeologia
Innglés I 	SEGUNDO	• Wilson, K. (2016). Smart Choice 1 (3rd ed.). Oxford University Press.	COMPLEMENTARIA	3	27243	1	asistenteGeologia
Innglés I 	SEGUNDO	• Wilson, K., & Healy, T. (2016). Smart Choice Starter (3rd ed.). Oxford University Press.	COMPLEMENTARIA	3	27245	1	asistenteGeologia
Topografía y Cartografía 	SEGUNDO	Bannister. A., Raymond, S., Baker, R., de la Cera Alonso, J., & López, R. O. (2002). Técnicas modernas en topografía (No. 711.12/13217). /Alfaomega.	OBLIGATORIA	3	2456	1	asistenteGeologia
Topografía y Cartografía 	SEGUNDO	Domínguez García Tejero, F., Thompson, M. M., Lillcsand, T. M., Kiefer, R. W., Venegas, M., Veruette, F., & Schmoock Pivaral, W. J. (2002). Topografía general y aplicada (No. 526.9 0671 2002). American Society of Photogrammetry, VI\ (EUJ\).	OBLIGATORIA	2	2403	1	asistenteGeologia
Topografía y Cartografía 	SEGUNDO	Gutiérrez, C. P., & Nieto, A. L. M. (2006). Teledetección: nociones y aplicaciones. Carlos Perez.	OBLIGATORIA	0	0	0	asistenteGeologia
Topografía y Cartografía 	SEGUNDO	Domínguez García-Tejero, F. (1998). Topografía general y aplicada. Mundi-Prensa.	COMPLEMENTARIA	2	2403	1	asistenteGeologia
Topografía y Cartografía 	SEGUNDO	McCormac, J. (2008). Topografía (No. 526.9 M131t). México, MX: Limusa: Wiley.	COMPLEMENTARIA	1	2459	1	asistenteGeologia
Topografía y Cartografía 	SEGUNDO	Wolf, P. R. B., Wolf, R. C. P. R., Brinker, R. C., Pasini, C. V., Domínguez García-Tejero, F., &	COMPLEMENTARIA	0	0	0	asistenteGeologia
Topografía y Cartografía 	SEGUNDO	Romeo, C. T.'!'. R. (1996). Topografía. Mundi-Prensa.	COMPLEMENTARIA	0	0	0	asistenteGeologia
Topografía y Cartografía 	SEGUNDO	Casanova, L. (2002). Topografía plana. Universidad de los Andes. Facultad de Ingeniería. Departamento de Vías. Venezuela.	COMPLEMENTARIA	0	0	0	asistenteGeologia
Topografía y Cartografía 	SEGUNDO	Leonardo, C. M. (2002). Topografía Plana. Taller de Publicaciones de Ingeniería ULA. Mérida. Venezuela.	COMPLEMENTARIA	0	0	0	asistenteGeologia
Topografía y Cartografía 	SEGUNDO	MARIA ISABEL SI LLANO· JORGE PEREZ ROJAS, DICCIONARIO DE MINERIA	COMPLEMENTARIA	0	0	0	asistenteGeologia
Sistema de Información Geográfica 	0	Arcadia Peralta, E.A. (2019). LlBRO ELECTRÓNICO MULTIMEDIA PARA EL AUTOAPRENDIZAJE DE SISTEMAS DE INFORMACIÓN GEOGRÁfICA.	OBLIGATORIA	0	0	0	asistenteGeologia
0	0	Buzai, G. D., & Baxendale, C. A. (2006). Análisis socioespacia/ con sistemas de información geográfica (pp. 950-892). Lugar.	OBLIGATORIA	1	28358	1	asistenteGeologia
0	0	"Gómez Delgado, M., Cano, B., & Ignaciocoaut, J. (2006). Sistemas de Información Geográfica y evaluación multicriterio en la ordenación del territorio (No. 910.285	asistenteGeologia
G65)."	OBLIGATORIA	2	28275	1	asistenteGeologia
0	0	Sendra, J. B. (1994). Sistema de información geográfica. Estudios Geográficos, 55(214), 201.	COMPLEMENTARIA	2	4025	1	asistenteGeologia
Microscopía 	0	"Romero, T. D .. & Martínez, E. P. (2012). Propiedades básicas de petrografía óptica aplicadas a la clasificación y estudio de las rocas ígneas. Enseñanza de las Ciencias de la	asistenteGeologia
Tierra, 20(2), 188."	OBLIGATORIA	0	0	0	asistenteGeologia
0	0	Tarbuck, E. J., & Lutgens, F. K. (2005). Ciencias de la Tierra. Universitario, 32.	OBLIGATORIA	3	25951	1	asistenteGeologia
0	0	Kerr, P. F. (1965). Mineralogía óptica.	COMPLEMENTARIA	1	21689	1	asistenteGeologia
0	0	González Bonorino, F. (1976). Mineralogía óptica. EU DEBA Buenos Aires, 342.	COMPLEMENTARIA	1	26038	1	asistenteGeologia
0	0	Perkins, D., l Ienke, K. R., & Kevin, R. 11. (2002). Minerales en lámina delgada (No. 549.9).	COMPLEMENTARIA	1	26061	1	asistenteGeologia
0	0	Klein, C., & l lurlbut, C. S. (1997). Manual de mineralogía (Vol. 2). Reverté.	COMPLEMENTARIA	21	9793	1	asistenteGeologia
0	0	Kraus, 11., l lunt, E. F .. Ramsdell, W. S., & Alvargonzález, L. N. (1965). Mineralogía: Una introducción el estudio de minerales y cristales.	COMPLEMENTARIA	3	17038	1	asistenteGeologia
Muestreo Geológico 	0	Cochran, W. G. (2015). TÉCNICAS DE MUESTREO. 3A.	OBLIGATORIA	10	3020	1	asistenteGeologia
Taller 11 Logística y Campañas de Terreno. 	0	Christopher, M. (2000). Logística. Aspectos estratégicos. Limusa.	OBLIGATORIA	0	0	0	asistenteGeologia
0	0	Ballou, R. H., & de Lemus, P. R. (1991). Logística empresarial: control y planificación (No.658 B36y.). Díaz de Santos.	OBLIGATORIA	1	636	1	asistenteGeologia
0	0	"Silvia Maturana, Primeros Auxilios (Incluye Cd) Helvio Soto Salles, Riesgos Y Peligros: Exploraciones Geologicas Para La Minería En	asistenteGeologia
Gran Altura Geografica"	COMPLEMENTARIA	1	28736	1	asistenteGeologia
Inglés II 	SEGUNDO	DA English Center. (2018). Material propio elaborado por académicos.	OBLIGATORIA	0	0	0	asistenteGeologia
Inglés II 	SEGUNDO	• Hill, H. (2016). Diccionario Cambridge Pocket (10ª ed.). Cambridge, United Kingdom: Cambridge University Press.	COMPLEMENTARIA	20	28320	1	asistenteGeologia
Inglés II 	SEGUNDO	• Marks, J. (2007). English Pronunciation in Use Elementary. Cambridge University Press.	COMPLEMENTARIA	2	28421	1	asistenteGeologia
Inglés II 	SEGUNDO	"• McCarthy, M., McCarten, J., & Sandiford, H. (2014). ""Touchstone 1"" (2nd ed.). Cambridge University Press."	COMPLEMENTARIA	1	28297	1	asistenteGeologia
Inglés II 	SEGUNDO	• Murphy, R. (2015). English Grammar in Use Elementary. Cambridge University Press.	COMPLEMENTARIA	2	26240	1	asistenteGeologia
Inglés II 	SEGUNDO	• Wilson, K. (2016). Smart Choice 1 (3rd ed.). Oxford University Press.	COMPLEMENTARIA	3	27243	1	asistenteGeologia
Inglés II 	SEGUNDO	• Wilson, K., & Healy, T. (2016). Smart Choice Starter (3rd ed.). Oxford University Press.	COMPLEMENTARIA	3	27245	1	asistenteGeologia
Métodos de Explotación	0	Qui quia, R., & Jesus, E. (2019). Optimización del método de hundimiento por subniveles convencional en Sociedad Minera Corona SA, Unidad Yauricocha, Mina Cachi Cachi.	OBLIGATORIA	0	0	0	asistenteGeologia
Métodos de Explotación	0	Bustillo Revuelta M. y López J imeno C. (1996). Recursos Minerales. Tipología, prospección,evaluación, explotación, mineralurgia e impacto ambiental. Ed. Gráficas Arias Montana.Madrid.	OBLIGATORIA	3	9850	1	asistenteGeologia
Métodos de Explotación	0	Novitzky A. (1966). Transporte y extracción en minas y a cielo abierto. Buenos Aires.	OBLIGATORIA	3	276	1	asistenteGeologia
Métodos de Explotación	0	Millan A. (1996) Evaluación y factibilidad de proyectos mineros. Ed Universitaria S.A. Santiago de Chile.	OBLIGATORIA	13	7324	1	asistenteGeologia
Métodos de Explotación	0	Novitzky A. (1978). Prospección, exploración y evaluación. Buenos Aires	OBLIGATORIA	0	0	0	asistenteGeologia
Métodos de Explotación	0	Rodríguez, R., & García-Cortés, Á. (2006). los residuos minero-metalúrgicos en el medio ambiente. Instituto Geológico y Minero de España.	COMPLEMENTARIA	0	0	0	asistenteGeologia
Métodos de Explotación	0	Mendieta Cordova, S. C. (2018). Elaboración de PETS y estándares operacionales para minimizar incidentes-accidentes en la Compañía Minera Lincuna SA año 2016.	COMPLEMENTARIA	0	0	0	asistenteGeologia
Metalogénesis 	Tercero	Castro Dorado, A. (2015). Petrografía de rocas ígneas y metamórficas. Madrid: Paraninfo.	OBLIGATORIA	0	0	0	asistenteGeologia
Metalogénesis 	Tercero	Rojas Caballero, D. and Paredes, J. (2008). Compendio de geología general. Lima: EDUNI.	OBLIGATORIA	0	0	0	asistenteGeologia
Metalogénesis 	Tercero	Sillitoe Richard. (2003). lron oxide-copper-gold deposits: an Andean view. Mineralium Deposita	OBLIGATORIA	0	0	0	asistenteGeologia
Metalogénesis 	Tercero	Tarbuck, E. and Lutgens, F. (2005). Ciencias de la tierra. Madrid: Prentice Hall.	OBLIGATORIA	3	25951	1	asistenteGeologia
Metalogénesis 	Tercero	Tosdal R. and Richards J. (2001). Magmatic and Structural Controls on the	OBLIGATORIA	0	0	0	asistenteGeologia
Metalogénesis 	Tercero	Development of Porphyry Cu+Mo+Au Deposits. Society of Economic Geologists	OBLIGATORIA	0	0	0	asistenteGeologia
Metalogénesis 	Tercero	Andrés Mac-Lean COCHILCO, Desarrollo Minero en Chile: Análisis y Desafíos	OBLIGATORIA	0	0	0	asistenteGeologia
Metalogénesis 	Tercero	Castro Dorado, A. (1989). Petrografía de rocas ígneas y metamórficas. Madrid: Paraninfo.	COMPLEMENTARIA	0	0	0	asistenteGeologia
Metalogénesis 	Tercero	Comisión Chilena del Cobre, Anuario de Estadística del Cobre y otros Minerales	COMPLEMENTARIA	0	0	0	asistenteGeologia
Geología de Campo 	Tercero	Castro, A (2015). Petrografía de rocas ígneas y metamórficas.	OBLIGATORIA	0	0	0	asistenteGeologia
Geología de Campo 	Tercero	Lisie, R (2003). Geological Structures and Maps: A Practica! Guide.	OBLIGATORIA	1	25938	1	asistenteGeologia
Geología de Campo 	Tercero	Hans Niemeycr R. Geología Estructural	OBLIGATORIA	0	0	0	asistenteGeologia
Geología de Campo 	Tercero	Tarbuck, E. J., & Lutgens, F. K. (2005). Ciencias de la Tierra. Universitario, 32.	COMPLEMENTARIA	3	25951	1	asistenteGeologia
Geología Ambiental 	Tercero	Ayala-Carcedo, r:.J. y Oleína Cantos, J. (coord.) (2002). Riesgos naturales. Ariel Ciencia.	OBLIGATORIA	0	0	0	asistenteGeologia
Geología Ambiental 	Tercero	Keller, E.A. (2000). Environmental Geology. Prentice Hall.	OBLIGATORIA	1	23912	1	asistenteGeologia
Geología Ambiental 	Tercero	CEPAL-GTZ, (2005). Elementos conceptuales para la prevención y reducción de daños originados por amenazas socionaturales. Cuadernos de la CEPAL Nº 91. Santiago de Chile. 133 páginas.	OBLIGATORIA	0	0	0	asistenteGeologia
Geología Ambiental 	Tercero	Instituto Tecnológico y Geominero de España (1988). Riesgos geológicos. Ed. Servicio de publicaciones del IGME. Serie Geología Ambiental. Madrid.	OBLIGATORIA	0	0	0	asistenteGeologia
Geología Ambiental 	Tercero	Anguita Virella, r:. y Moreno Serrano, F. (1993). Procesos geológicos externos y geología ambiental. Ed. Rueda. Alcorcón (Madrid). f-Cl/551.3 ANG pro	COMPLEMENTARIA	0	0	0	asistenteGeologia
Geología Ambiental 	Tercero	Ayala, F. y [ordá, J.F. (coord.) (1988). Geología Ambiental. ITGE. Madrid	COMPLEMENTARIA	0	0	0	asistenteGeologia
Geología Ambiental 	Tercero	Aswathanarayana, U. (1995). Geoenvironment. An introduction. Ed. Balkema. Rotterdam. r:Ct/504 ASW geo.	COMPLEMENTARIA	0	0	0	asistenteGeologia
Proyecto de Titulación 	Tercero	Tugendhat, E., Vicuña,A.. M., & López, C. (2001). El libro de Manuel y Camilo: Diálogos sobre ética. Barcelona: Gedisa Editorial.	OBLIGATORIA	0	0	0	asistenteGeologia
Proyecto de Titulación 	Tercero	Muríoz, R. C. (2011). Cómo elaborar y asesorar una investigación de tesis {2a. ed.J. Naucalpan de Juárez: Pearson Educación.	OBLIGATORIA	1	24839	1	asistenteGeologia
Proyecto de Titulación 	Tercero	"Naupas, P. H., Valdivia, D. M. R., Palacios, V. J. J., & Romero, D. H. E. (2018). Metodología  e la investigación: Cuantitativa-cualitativa y redacción de la tesis.	asistenteGeologia
"	COMPLEMENTARIA	0	0	0	asistenteGeologia
Proyecto de Titulación 	Tercero	Fernández. S. R., & Fernández, C. C. B.L.M. P. (January 01, 2010). Metodología de la investigación	COMPLEMENTARIA	18	25115	1	asistenteGeologia
Práctica Laboral 	Tercero	Barbera, E. (2008). El estilo e-portafolio. Barcelona: UOC.	OBLIGATORIA	1	25975	1	asistenteGeologia
0	0	"Klenowski, V. (2014). Desarrollo de portafolios para el aprendizaje y la evaluación.Madrid: Narcea Edición.	asistenteGeologia
"	OBLIGATORIA	1	22639	1	asistenteGeologia
0	0	Valles, M. M. S. (2009). Técnicas cualitativae investigación social: Reflexión metodológica y práctica profesional. Madrid: Síntesis.	COMPLEMENTARIA	8	14923	1	asistenteGeologia
0	0	Adler, R. 8., Elrnhorst, J. M., Mascaró, S. P., & González, P. J. R. (2005). Comunicación organizacional: Principios y prácticas para negocios y profesiones. México: McGraw-Hill.	COMPLEMENTARIA	3	20977	1	asistenteGeologia
Taller I Petrografía y Mineralogía 	Dana, J. D., & Hurlbut, C. (1960). Manual de mineralogía (No. QE372 D26e 1960)	OBLIGATORIA	0	0	0	0	asistenteGeologia
Matemáticas I	Primer semestre	Lewin R., López A. . Martínez S., Rojas D., Zanocco P., Números. Colección ReFIP: Recursos para la formación de profesores de educación básica. Ediciones SM Chile. Santiago, Chile. 2014.	OBLIGATORIA	5	26133
	1	26133	basica
Matemáticas I	Primer semestre	Chamorro M. (2005). Didáctica de la Matemática para Primaria. Madrid: Pearson	COMPLEMENTARIA	3	22504
	1	22504	basica
Geometría	Primer Semestre	Reyes,C., Dissett, L.,Gormaz, R.,Geometría. Colección ReFIP: Recursos para la formación de profesores de educación básica. Ediciones SM Chile. Santiago, Chile. 2014.	OBLIGATORIA	0	
	1	0	basica
Geometría	Primer Semestre	"Stanley Clemens, Phares O""Daffer y Thomas Vooney. (1998).""Geometría"", México, Addison Wesley"	OBLIGATORIA	10	26549
	1	26549	basica
Geometría	Primer Semestre	Moise E., Downs F. (1966). Geometría moderna. Reading Mass: Addison-Wesley Iberoamericana.	COMPLEMENTARIA	8	2494
	1	2494	basica
Psicología del Desarrollo y el Aprendizaje	Primer Semestre	Gutierrez, F (1993). Orientacion y Desarrollo Afectivo. Coprim. Chile.	OBLIGATORIA	2	2135
	1	2135	basica
Psicología del Desarrollo y el Aprendizaje	Primer Semestre	Papalia, Diane (2009). Psicología del desarrollo, de la infancia a la adolescencia. Santa Fe de Bogotá, Mc Graw-Hill.	OBLIGATORIA	8	4748-23143
	1	4748-23143	basica
Psicología del Desarrollo y el Aprendizaje	Primer Semestre	Ruz, J. (2003). Convivencia escolar y calidad de educación. Ministerio de educación. Chile.	OBLIGATORIA	4	18517
	1	18517	basica
Psicología del Desarrollo y el Aprendizaje	Primer Semestre	Sharp, Margaret (1978) Psicología del Aprendizaje Infantil. Kopetusz, Buenos Aires.	OBLIGATORIA	1	1933
	1	1933	basica
Psicología del Desarrollo y el Aprendizaje	Primer Semestre	Travers, Robert (1976). Fundamentos del Aprendizaje. Edición Abierta, Santillana, Madrid.	OBLIGATORIA	3	1842
	1	1842	basica
Psicología del Desarrollo y el Aprendizaje	Primer Semestre	Suarez, M, (1998). Familia y valores. Escuela para padres, la hora del encuentro. Editorial Magisterio. Bogotá.	COMPLEMENTARIA	4	22613
	1	22613	basica
Sociología Educacional	Primer Semestre	Gonzàlez-Anleo,Juan (1991) Para comprender la Sociología.( Cap.V) . Editorial Verbo Divino : Navarra. España.	OBLIGATORIA	0	
	1	0	basica
Sociología Educacional	Primer Semestre	Biertedt, Robert (1963) La ciencia de la Sociologìa. (En: The social order: an introduction to  To Sociology). MacGraw Hill Book Co. New York.	OBLIGATORIA	0	
	1	0	basica
Sociología Educacional	Primer Semestre	De Azevedo,Fernando(2013) Sociologìa de la Educaciòn.  Fondo de Cultura Econòmica, Mèxico. (Bibl. UDA 306.43 A994) (6 ejemplares).	OBLIGATORIA	6	21629
	1	21629	basica
Sociología Educacional	Primer Semestre	Durkheim, Emile (2013) Educación y Sociologìa.  Ediciones Penìnsula,Barcelona.	OBLIGATORIA	0	
	1	0	basica
Sociología Educacional	Primer Semestre	Banks, Olive (1983) Aspectos sociológicos de la educación.  NARCEA S.A. DE Ediciones. Madrid.	COMPLEMENTARIA	1	20141
	1	20141	basica
Sociología Educacional	Primer Semestre	Bonal , Xavier (1998) Sociología de la Educación.  Paidos Espasa Libros,S.L.U. España.	COMPLEMENTARIA	0	
	1	0	basica
Sociología Educacional	Primer Semestre	Bourdieu,P. (2003) Capital cultural, escuela y espacio social.  Editorial Siglo XXI, Argentina.	COMPLEMENTARIA	0	
	1	0	basica
Sociología Educacional	Primer Semestre	Bourdieu ,P y Passeron, J.C. (2003) Los Herederos: los estudiantes y la cultura. Editorial Siglo XXI, Buenos Aires.	COMPLEMENTARIA	0	
	1	0	basica
Sociología Educacional	Primer Semestre	Bunge, Mario (1993) Sociología de la Ciencia.   Editorial Siglo XXI, Argentina.  (1992) La ciencia, su método y su filosofìa. Editorial Siglo XXI,Buenos Aires.	COMPLEMENTARIA	0	
	1	0	basica
Sociología Educacional	Primer Semestre	Chinoy , E. (1974) Introducción a la Sociología.  Editorial Paidos, Argentina.	COMPLEMENTARIA	19	2080
	1	2080	basica
Sociología Educacional	Primer Semestre	Corcuff, Philippe (2014) Las Nuevas Sociologías. Principales corrientes y debates, 1980-2010.  Siglo veintiuno editores, Argentina.	COMPLEMENTARIA	0	
	1	0	basica
Sociología Educacional	Primer Semestre	Durkheim, Emile (1997) La Educación Moral.  Editorial  Losada. Buenos Aires.  (2006) Las reglas del método sociológico.  Centro Editor de Cultura. Argentina.	COMPLEMENTARIA	1	10655
	1	10655	basica
Sociología Educacional	Primer Semestre	Garretón, Manuel Antonio (2000) La sociedad en que vivi(re)mos.   Introducción sociológica al cambio de siglo.   LOM Ediciones, Chile.	COMPLEMENTARIA	0	
	1	0	basica
Sociología Educacional	Primer Semestre	González-Anleo, Juan(1991) Para comprender la Sociología.(Cap. 5) . Editorial Verbo Divino, Navarra, España.	COMPLEMENTARIA	0	
	1	0	basica
Sociología Educacional	Primer Semestre	Moreno B. Ernesto (1989) Manual de Introducción a la Sociología. C.P.U. Santiago, Chile.	COMPLEMENTARIA	0	
	1	0	basica
Sociología Educacional	Primer Semestre	Tirado Benedi, Domingo(1967) Sociologìa de la Educaciòn.  Fernández Editopress, S.A. México	COMPLEMENTARIA	0	
	1	0	basica
Sociología Educacional	Primer Semestre	Wrigth Mills, Charles (1986) La imaginación sociológica.  Fondo de cultura económica, Santiago.	COMPLEMENTARIA	0	
	1	0	basica
Filosofía de la Educación	Primer Semestre	Briones, G. (1999) Filosofía y teorías de las Ciencias Sociales.  Dolmen Ediciones. Santiago.Chile.	OBLIGATORIA	0	
	1	0	basica
Filosofía de la Educación	Primer Semestre	Hessen, J. (1991) Teorìa del conocimiento.  Colecciòn Austral, Espasa-Calpe Madrid.	OBLIGATORIA	5	19460-4867
	1	19460-4867	basica
Filosofía de la Educación	Primer Semestre	Peters , R.S. (1979) La Filosofía de la Educación. ( Cap.XII).Fondo de Cultura Económica. México.	OBLIGATORIA	0	
	1	0	basica
Filosofía de la Educación	Primer Semestre	Morin, Edgar (2016) Los siete saberes necesarios para la educación del futuro. Paidos, Buenos Aires.	OBLIGATORIA	6	21720-26792
	1	21720-26792	basica
Filosofía de la Educación	Primer Semestre	Althusser,Louis (1974) La Filosofía como arma de la Revolución.  Siglo XXI Editores. México.	COMPLEMENTARIA	0	
	1	0	basica
Filosofía de la Educación	Primer Semestre	Apple,M.(1986) Ideología y Curriculum.  Editorial Akal, Madrid.	COMPLEMENTARIA	0	
	1	0	basica
Filosofía de la Educación	Primer Semestre	Bourdieu, P. (2003) Capital cultural, escuela y espacio social. Editorial Siglo XXI, Argentina.	COMPLEMENTARIA	0	
	1	0	basica
Filosofía de la Educación	Primer Semestre	-Brugger,W. (1995) Diccionario de Filosofía.  Editorial Herder, Barcelona.	COMPLEMENTARIA	1	10203
	1	10203	basica
Filosofía de la Educación	Primer Semestre	Cerutti G.,Horacio (1993) Filosofía de la Educación. Hacia una Pedagogía  para América Latina.  Universidad Nacional Autónoma de México.	COMPLEMENTARIA	0	
	1	0	basica
Filosofía de la Educación	Primer Semestre	Cirigliano, G. (1990) Filosofìa de la Educaciòn.  Editorial Humanitas,Buenos Aires.	COMPLEMENTARIA	4	1706
	1	1706	basica
Filosofía de la Educación	Primer Semestre	Durkheim , E. ( S/f.) Sociología y Filosofía.  Edit. Zigzag, Chile.	COMPLEMENTARIA	1	1382
	1	1382	basica
Filosofía de la Educación	Primer Semestre	Ferrater Mora, J, (1994) Diccionario de Filosofía.  Edit. Ariel, Barcelona.	COMPLEMENTARIA	4	21947
	1	21947	basica
Filosofía de la Educación	Primer Semestre	Freire, Paulo (2015) Pedagogía de los sueños posibles.   Siglo XXI editores. Argentina. 	COMPLEMENTARIA	0	
	1	0	basica
Filosofía de la Educación	Primer Semestre	Giannini, H.(1979) Esbozo para una historia de la Filosofía.  Dionysios, Santiago, Chile. González R.,A. (2016) ¿Por qué es científica la ciencia?  Impresia Ibérica. España.	COMPLEMENTARIA	1	5074
	1	5074	basica
Filosofía de la Educación	Primer Semestre	Fromm, E. (1965) El miedo a la libertad.    Edit. Paidos, Buenos Aires.	COMPLEMENTARIA	1	
	1	0	basica
Filosofía de la Educación	Primer Semestre	Hegel,G. (2009) Introducción a la historia de la Filosofía. Editorial Gradifco , Buenos Aires.	COMPLEMENTARIA	0	
	1	0	basica
Filosofía de la Educación	Primer Semestre	Jasper, K. (1970) La Filosofía.  Fondo de cultura económica. México.	COMPLEMENTARIA	0	
	1	0	basica
Filosofía de la Educación	Primer Semestre	Maritain, Jacques (1950) Introducciòn a la Filosofìa.  Biblioteca Argentina de Filosofìa.  Club de Lectores. Buenos Aires.	COMPLEMENTARIA	0	
	1	0	basica
Filosofía de la Educación	Primer Semestre	Munizaga A.,R (S/F) Algunos temas de la Filosofía Educacional de don Valentin Letelier.  Editorial Universitaria. Santiago, Chile.	COMPLEMENTARIA	0	
	1	0	basica
Filosofía de la Educación	Primer Semestre	Pérez,H.C. (2004) Qué es la Filosofía de la Educación.  Edit. Trillas, México, D.F.	COMPLEMENTARIA	0	
	1	0	basica
Filosofía de la Educación	Primer Semestre	Peters, R.S. (1969) El concepto de Educaciòn.  Editorial Paidos, Buenos Aires.	COMPLEMENTARIA	9	11094
	1	11094	basica
Filosofía de la Educación	Primer Semestre	Politzer,G. (2013) Principios elementales de la Filosofía.  Ediciones Brontes, S.L. España.	COMPLEMENTARIA	1	19516
	1	19516	basica
Filosofía de la Educación	Primer Semestre	Savater, F. (2000) Ética para Amador.  Editorial Planeta,S.A. Buenos Aires.	COMPLEMENTARIA	1	10964
	1	10964	basica
Filosofía de la Educación	Primer Semestre	Weber, M. (2012) La ética protestante y el espíritu del capitalismo.  Ediciones Brontes, S.L. España.	COMPLEMENTARIA	0	
	1	0	basica
Comprensión Lectora	Primer Semestre	Guía Estrategias Lectoras (compendio – se entrega impreso y digital -Fundamental.	OBLIGATORIA	0	
	1	0	basica
Comprensión Lectora	Primer Semestre	Arredondo,Marcial (2014) Método de Comprensión Lectora . Catalonia Ltda.	COMPLEMENTARIA	0	
	1	0	basica
Electivo I “La naturaleza al servicio de la creatividad plástica”	Primer Semestre	Comella, A (2000). Acuarelas.Barcelona: Parramón.	OBLIGATORIA	3	15620
	1	15620	basica
Electivo I “La naturaleza al servicio de la creatividad plástica”	Primer Semestre	Comamalas, J (1998). Pintando a la acuarela. Barcelona: CEAC.	OBLIGATORIA	1	14513
	1	14513	basica
Electivo I “La naturaleza al servicio de la creatividad plástica”	Primer Semestre	Gombrich, E (1992). Historia del arte / Erust H. Gombrich; versión española de Rafael Santos Torroella, revisión de Javier Seto. Madrid: Alianza.	OBLIGATORIA	1	5562
	1	5562	basica
Electivo I “La naturaleza al servicio de la creatividad plástica”	Primer Semestre	Wolf, Rachel, Idea Books (1990) Curso básico de técnicas de dibujo y pintura. Barcelona: Idea Books.	OBLIGATORIA	6	14792
	1	14792	basica
Electivo I “La naturaleza al servicio de la creatividad plástica”	Primer Semestre	Parramon (1998). Ejercicios Parramon. Barcelona: Parramon.	COMPLEMENTARIA	4	12228
	1	12228	basica
Elec.I. Taller de Impostación y Cuidado de la Voz	Primer Semestre	Ander-Egg Ezequiel. Aguilar Idáñez María José . Cómo aprender a hablar en público. Buenos Aires : Magisterio del Río de la Plata, 1994.	OBLIGATORIA	1	10598
	1	10598	basica
Elec.I. Taller de Impostación y Cuidado de la Voz	Primer Semestre	Barmat de Miles, Alicia B., Ramos, Laura. Música para fonoaudiólogos. Buenos Aires.Edit. EUDEBA, 1999.	NO INDICA	1	16247
	1	16247	basica
Elec.I. Taller de Impostación y Cuidado de la Voz	Primer Semestre	Zuccherini Renzo. Como educar la comunicación oral. Barcelona: Ediciones Ceac, 1992.	NO INDICA	1	11915
	1	11915	basica
Elec.I. Taller de Impostación y Cuidado de la Voz	Primer Semestre	de Mena González Ana. Educación de la Voz: Principios fundamentales de Ortofonía. Málaga : Aljibe, 1996	NO INDICA	1	14003
	1	14003	basica
Electivo I: Taller de Geogebra	Primer Semestre	Reyes,C., Dissett, L.,Gormaz, R.,Geometría. Colección ReFIP: Recursos para la formación de profesores de educación básica. Ediciones SM Chile. Santiago, Chile. 2014.	OBLIGATORIA	5	26162
	1	26162	basica
Electivo I: Taller de Geogebra	Primer Semestre	"Stanley Clemens, Phares O""Daffer y Thomas Vooney. (1998).""Geometría"", México, Addison Wesley"	OBLIGATORIA	0	
	1	0	basica
Elec. I: Taller de Geogebra	Primer Semestre	Reyes,C., Dissett, L.,Gormaz, R.,Geometría. Colección ReFIP: Recursos para la formación de profesores de educación básica. Ediciones SM Chile. Santiago, Chile. 2014.	OBLIGATORIA	5	26162
	1	26162	basica
Elec. I: Taller de Geogebra	Primer Semestre	"Stanley Clemens, Phares O""Daffer y Thomas Vooney. (1998).""Geometría"", México, Addison Wesley"	OBLIGATORIA	0	
	1	0	basica
Didáctica de la Geometría	Segundo Semestre	Cofré,A.,&Tapia, L.(1988).Cómo desarrollar el pensamiento lógico matemático. Santiago Chile: Universitaria	OBLIGATORIA	0	
	1	0	basica
Didáctica de la Geometría	Segundo Semestre	Azcárate, et al (2008). Didáctica de las Matemáticas para Maestros de Educación Primaria. Madrid: Síntesis	OBLIGATORIA	3	25976
	1	25976	basica
Didáctica de la Geometría	Segundo Semestre	Chamorro M. (2005). Didáctica de la Matemática para Primaria. Madrid: Pearson	OBLIGATORIA	3	22504
	1	22504	basica
Didáctica de la Geometría	Segundo Semestre	Rico, L., Segovia, I.. (2011). Matemáticas para maestros de Educación Primaria. Madrid: Pirámides.	OBLIGATORIA	0	
	1	0	basica
Didáctica de la Geometría	Segundo Semestre	Lerner, D. et al (2011). El lugar de los problemas en la clase de Matemática. Buenos Aires: Novedades Educativas.	COMPLEMENTARIA	3	25925
	1	25925	basica
Didáctica de la Geometría	Segundo Semestre	Martínez, P., Rico, L. Enseñanza y aprendizaje de las matemáticas en Educación Primaria.	COMPLEMENTARIA	4	26901
	1	26901	basica
Didáctica de la Geometría	Segundo Semestre	Riveros, M; Zanocco, P.(1992). Geometría: aprendizaje y juego. Santiago: Universidad Católica de Chile	COMPLEMENTARIA	1	5272
	1	5272	basica
Taller Portafolio I	Segundo Semestre	Gallego, R. (1998) Discurso constructivista sobre las tecnologías. Cooperativa Editorial Magisterio  Bogotá.	OBLIGATORIA	2	20957-12519
	1	20957-12519	basica
Taller Portafolio I	Segundo Semestre	Tobon, S. (2006) Competencias en la educación superior : Políticas hacia la calidad, Ecoe Ediciones  Bogotá	OBLIGATORIA	1	23821
	1	23821	basica
Taller Portafolio I	Segundo Semestre	Antunes, C. (2006) Cómo desarrollar las competencias en clase. Editorial Sb, reimp. Argentina	OBLIGATORIA	1	21636
	1	21636	basica
Taller Portafolio I	SegundoSemestre	García, Ana & otros (2007) Aprendizaje basado en competencias : una propuesta para la evaluación de las competencias Ediciones Mensajero : Universidad de Deusto, Bilbao	COMPLEMENTARIA	1	20869
	1	20869	basica
Psicología del Desarrollo y el Aprendizaje II	Segundo Semestre	Gessel, Arnold. (1971). El adolescente de 10 a 16 años. Paidos, buenos aires.	OBLIGATORIA	1	4717
	1	4717	basica
Psicología del Desarrollo y el Aprendizaje II	Segundo Semestre	Gutiérrez, F (1993). Orientación y Desarrollo Afectivo. Coprim. Chile.	OBLIGATORIA	2	2135
	1	2135	basica
Psicología del Desarrollo y el Aprendizaje II	Segundo Semestre	Papalia, Diane (2009). Psicologia del desarrollo, de la infancia a la adolescencia. Santa Fe de Bogotá, Mc Graw-Hill.	OBLIGATORIA	8	4748-23143
	1	4748-23143	basica
Psicología del Desarrollo y el Aprendizaje II	Segundo Semestre	Ruz, J. (2003). Convivencia escolar y calidad de educación. Ministerio de educación. Chile	OBLIGATORIA	4	18517
	1	18517	basica
Psicología del Desarrollo y el Aprendizaje II	Segundo Semestre	Sharp, Margaret (1978) Psicología del Aprendizaje Infantil. Kopetusz, Buenos Aires.	OBLIGATORIA	1	1933
	1	1933	basica
Psicología del Desarrollo y el Aprendizaje II	Segundo Semestre	Toledo, Virginia (1998) Adolescencia tiempo de decisiones. Manual para trabajar con adolescentes. Mediterráneo. Santiago, chile.	OBLIGATORIA	1	11571
	1	11571	basica
Psicología del Desarrollo y el Aprendizaje II	Segundo Semestre	Travers, Robert (1976). Fundamentos del Aprendizaje. Edición Abierta, Santillana, Madrid.	OBLIGATORIA	3	1842
	1	1842	basica
Psicología del Desarrollo y el Aprendizaje II	Segundo Semestre	-Suarez, M, (1998). Familia y valores. Escuela para padres, la hora del encuentro. Editorial Magisterio. Bogotá.	COMPLEMENTARIA	4	22613
	1	22613	basica
Didáctica de la Matemática I	Segundo Semestre	Cofré,A.,&Tapia, L.(1988).Cómo desarrollar el pensamiento lógico matemático. Santiago Chile: Universitaria	OBLIGATORIA	1	11252
	1	11252	basica
Didáctica de la Matemática I	Segundo Semestre	Aharoni, Ron.2012.Aritmética para padres y madres : Un libro para adultos sobre la matemática escolar. Santiago, Chile : Academia Chilena de Ciencias. Universitaria.	OBLIGATORIA	20	26572
	1	26572	basica
Didáctica de la Matemática I	Segundo Semestre	Castro, Enrique ed. 2008 .Didáctica de la matemática en la educación primaria. Madrid : Síntesis	OBLIGATORIA	3	25976
	1	25976	basica
Didáctica de la Matemática I	Segundo Semestre	Lewin R., López A. . Martínez S., Rojas D., Zanocco P., Números. Colección ReFIP: Recursos para la formación de profesores de educación básica. Ediciones SM Chile. Santiago, Chile. 2014.	OBLIGATORIA	5	26133
	1	26133	basica
Didáctica de la Matemática I	Segundo Semestre	Cofré, J. A., Tapia, A. L., &Lucchini, G.(2006). Matemática recreativa en el aula. Mexico: Alfaomega.	COMPLEMENTARIA	3	22022
	1	22022	basica
