BIBLIOGRAFIA INGENIERIA CIVIL EN METALURGIA						
						
						
						
CARRERA:	INGENIERIA CIVIL METALURGIA					
						
						
ASIGNATURA	SEMESTRE	DETALLE DE BIBLIOGRAFÍA 	TIPO DE BIBLIOGRAFIA	ANTIDAD DE OPIAS DISPONIBLES EN BIBLIOTEA 	NRO DE BIB# 	
Álgebra 1	101	Knight, H. Trigonometría Elemental. Ed. Uteha .	NO INDICA	1	17748	0
Álgebra 1	101	2. Lehmann, C.H. Geometría Analítica. Ed. Limusa.	NO INDICA	21	2509	
Álgebra 1	101	Ayres, F. Trigonometría Plana y esfér ica. Ed. McGraw-Hill , Schaum.	NO INDICA	23	2933	
Álgebra 1	101	4. Protter, M.H. Cálculo y Geometría Analítica. Ed. Addison Wesley	NO INDICA	12	2950	
Álgebra 1	101	5. Swokowski, E.W. Cálculo con Geometría Analítica. Ed, Thomson	NO INDICA	5	2977	
Álgebra 1	101	Swokowski, E.W., Cole oA. Trigonometría. Thornson Editores, 1993.	NO INDICA	1	19335	0
Autogestión del Aprendizaje 	101	Teorías del Aprendizaje, Autor: Dale H. Schunk Sexta Edición. 2013	OBLIGATORIA	9	9218	0
Autogestión del Aprendizaje 	101	Educación de Anticipación  Autor: Gabriel Castillo lnzulza 3era  Edición Chilena Corregida Año: 1997	COMPLEMENTARIA	0		
Autogestión del Aprendizaje 	101	Psicopedagogía de la Comuni cación y el Lenguaj e  Autores: Juan Seron MuñozJ Manuel Aguilar VilIagran Editorial EOS	COMPLEMENTARIA	1	10214	0
Ejercicio Físico y Salud 	101	Blanco, A. (2007). 1000 Ejercicios de Preparación Física. (3. ed.). Madrid, España. Edit . Paidotribo.	NO INDICA	2	7320	
Ejercicio Físico y Salud 	101	Blázquez, D. (2010). Evaluar en Educación Física . (1I.ed.) Barcelona, España. Edit. INDE	NO INDICA	1	26145	
Ejercicio Físico y Salud 	101	Rueda, A. & otros (200 1). La condición física en la educación secundaria. (2.ed.). Barce lona, España: Edit. INDE	NO INDICA	0		
Introducción a la Metalurgia	101	STRAHLER A. ( 1992): Geología Física.- 629 páginas; Omega Ediciones, Barcelona.	NO INDICA	61	3082	
Introducción a la Metalurgia	101	ROGERS , J.W. & ADAMS, A.S. (1969): Fundamentos de la geología. - 446 páginas, Ediciones Omega (Barcelona).	NO INDICA	2	20786	0
Introducción a la Metalurgia	101	MELEND EZ B. & FUSTER J.(2003) : Geología. -91 I páginas; 9 edición ; Thomson Editores, Madrid, España.	NO INDICA	1	2963	
Introducción a las Ciencias 	101	"Química la Ciencia Central"", Theodore L: Brown, H. Eugene LeMay Jr., Bruce E. Bursten y Julia R. Burge, Noveno Edición, Ed. Pearson Educación, 2004 (disponible en Biblioteca Central) ."	NO INDICA	284	18151	
Introducción a las Ciencias 	101	"""Física conceptual"", Paul G. Hewitt, Novena Edición , Ed. Pearson Educación"" 2004. "	NO INDICA	1	19480	
Matemáticas	101	Baldor,J .A.(1967) Geometría plana y del espacio y trigonometría(Primera Edición) Bilbao.	NO INDICA	0		
Matemáticas	101	Baldor,J.A.(1968) Algebra elemental .Editorial mediterránea, Madrid .	NO INDICA	0		
Matemáticas	101	3. Moises Downs Geometría Moderna. Editorial Addison Wesley.	NO INDICA	8	2494	0
Matemáticas	101	Elbridge P. Vance Algebra Superior Moderna. Editorial Add ison Wesley.	NO INDICA	2	14563	0
Matemáticas	101	Murray R. Spiegel Algebra Superior Editorial Mc Graw Hill. Schaum	NO INDICA	23	2288	
Algebra II	102	Eduardo Espinoza Ramos, Geometría Vectorial en 	NO INDICA	1	29118	0
Algebra II	102	2. George Nakos, Algebra Lineal y sus aplicaciones.	NO INDICA	0		
Algebra II	102	s. Grossman, Algebra Lineal.	NO INDICA	0		
Algebra II	102	D.Lay, Algebra Lineal y sus aplicaciones.	NO INDICA	3	24388	
Cálculo I	102	Louis Leithold,  El  Cálculo.  Oxford University  Press- Harla México,  S.A,  séptima edición.	NO INDICA	306	11253	
Cálculo I	102	2.  Cálculo  en una Variable,  George Thomas Jr.,  Editorial  Pearson,  ISBN 970-26-0643-8.	NO INDICA	0		
Formación Integral	102	Libro: Habilidades sociales Autores: Francisco Gil, José María León	OBLIGATORIA	0		
Formación Integral	102	Libro: Conversaciones cruciales (Gestión del conocimiento) Autores: Kerry Patterson, Joseph Grenny, Ron McMillan, Al Switzler Año: 2004	COMPLEMENTARIA	0		
Programación y algoritmo 	102	"JOY ANES A., Luis, ""Fundamentos de Programación. Algoritmos y Estructura de Datos"", 2 Edición, McGraw-Hill / interamericana de España, Madrid, 1996."	NO INDICA	60	18208	
Programación y algoritmo 	102	"JOYANES A., Luis, ""Problemas de Metodología de la Programación"", la Edición, McGraw-Hill / interamericana de España, Madrid, 1990."	NO INDICA	60	7849	
Quimica General	102	"Texto guía: Química la Ciencia Central; Brow, Le May et al.; Editorial Pearson Prentice Hall; 9""edición"	NO INDICA	292	18151	
Cálculo II	201	El Cálculo, Louis Leithold. Oxford University Press- Harla México, S.A, séptima edición.	OBLIGATORIA	306	11253	
Cálculo II	201	2. Cálculo 1, Larson -Hostetler-Edwards. Mc Graw Hill. Vol. 1	OBLIGATORIA	0		
Cálculo II	201	2. Cálculo en una variable, George Thomas Jr. Editorial Pearson, ISBN 970-26-0643-8	COMPLEMENTARIA	0		
Dibujo de ingeniería	201	Dibujo técnico y de ingeniería / JosefV. Lombardo, Lewis O. Johnsony, W. Irwin Short; traducido por Antonio Galán Patiño / Mexico: Continental, 1973.	OBLIGATORIA	8	550	0
Dibujo de ingeniería	201	2. Problemas de dibujo técnico / Sergio Alvarado M. / Santiago, Chile: Universidad Técnica del Estado, 1970.	OBLIGATORIA	11	726	0
Dibujo de ingeniería	201	El dibujo técnico mecánico / S.L. Straneo y R. Consorti; traduccion de Javier Valls Ventosa / Mexico: UTHEA,1965.	COMPLEMENTARIA	1	691	0
Dibujo de ingeniería	201	Guía didáctica: dibujo técnico 2do. año, enseñanza industrial/Ministerio de Educación. Secretaría Técnica / Santiago, Chile: [s.n], 1900.	COMPLEMENTARIA	1	765	0
Dibujo de ingeniería	201	Dibujo técnico básico / [Por] Henry Cecil Spencer [y] John Thomas Dygdon ; [Tr. por Antonio GF / México : CECSA, 2003.	COMPLEMENTARIA	2	21145	0
Dibujo de ingeniería	201	4. Dibujo técnico / Elías Tamez Esparza / México : Limusa, 2003.	COMPLEMENTARIA	3	22643	0
Física I	201	Física Universitaria, Sears -Zemansky, Volumen I, 9na Edición Autores: Young & Freedman. Ed. Addison - Wesley . Clasificación Biblioteca UDA: 530 F537fi V.I	NO INDICA	24	10790	
Física I	201	2. Física, 5ta Edición, Serway & Faughn. Ed. Pearson education. (530 8492 2001)	NO INDICA	124	18152	
Física I	201	3. Física, Volumen I, 5ta Edición, Autores: Resnick, Halliday & Krane. Ed. CEC8A. (530 R434 v.l 2004)	NO INDICA	142	18282	
Física I	201	4. Física para Universitarios, Giancoli, 3ra Edicion. Ed. Pearson Education. (530 G433 2002)	NO INDICA	129	18168	
Mineralogía	201	Mineralogía Manual Dana.	NO INDICA	27	2518	
Mineralogía	201	2. Mineralogía tratado. wiliam Ford	NO INDICA	0		
Mineralogía	201	3. Mineralogía óptica. Heinrich.	NO INDICA	0		
Mineralogía	201	4. La gran enciclopedia de los minerales Susaeta.	NO INDICA	1	9897	0
Química analítica	201	Introducción a la Química Analítica. Douglas A. Skoog Donald M. West y Skoog y West F. James Holler	NO INDICA	7	2109	0
Química analítica	201	"2. ""Cálculos de Química Analítica"" Leicester Hamilton, Stephen Simpson y David Ellis Editorial Mc Graw Hill"	NO INDICA	18	2761	0
Química analítica	201	Métodos Instrumentales de Análisis Hobart H. Willar, Lynne L. Merrit, Jr., John A. Dean, Frank Settle, Jr. Grupo Editorial 1beroamérica, S.A. de C.V. edición 1991	NO INDICA	3	2774	
Química analítica	201	"5. ""Química Analítica Cuantitativa"" R.A. Day, Jr, A.L. Underwood Pearson Educación"	NO INDICA	20	18160	0
Química orgánica	201	"Robert T. Morrison y Robert N. Boyd, ""Química Orgánica"", Fondo de Educación Interamericano S.A, 1976"	NO INDICA	15	10695	
Química orgánica	201	"James D. Morrison ""Organic Chemistry"", Wadsworth Publishing Company, Belmont California, 1979"	NO INDICA	2	21631	0
Química orgánica	201	"Henry Rakoffy Norman C. Rose, ""Química Orgánica Fundamental"" Editorial Limusa, México, 1974."	NO INDICA	1	2385	0
Química orgánica	201	"5. T.W. Graham Solomons ""Química Orgánica"", Editorial Limusa, México, 1981."	NO INDICA	8	2767	0
Cálculo III	202	Marsden-Tromba, Cálculo Vectorial, Cuarta edición, Pearson Education, 1998.	OBLIGATORIA	36	18158	
Cálculo III	202	2. Louis Leithold, El Cálculo. Oxford University Press- Harla México, S.A, séptima edición.	OBLIGATORIA	306	11253	
Cálculo III	202	James Stewart. Cálculo Multivariable. Thompson editores.	COMPLEMENTARIA	0		
Ecuaciones Diferenciales y Algebra Lineal	202	Ecuaciones Diferenciales, V. Guíñez, R. Labarca y M. Martínez. Facultad de Ciencias. Usach.	NO INDICA	0		
Ecuaciones Diferenciales y Algebra Lineal	202	2. Ecuaciones Diferenciales con Aplicaciones, D. Zill. Grupo Editorial Iberoamericana, 1988.	NO INDICA	8	2728	
Ecuaciones Diferenciales y Algebra Lineal	202	3. Teoría y Aplicaciones de Ecuaciones Diferenciales, F. Ayre	NO INDICA	42	2542	
Física II	202	Física universitaria, volumen Il. F. Sears - M. Zemansky . H. Young / Freedman Decimosegunda edición, Pearson Educación	NO INDICA	25	22557	
Física II	202	"Física ""Electromagnetismo"" l.E. Díaz - M. Ibarra - R. Leiva - L. Villarroel, Departamento de Física, Universidad de Atacama"	NO INDICA	198	7921	
Física II	202	Física, M. Alonso - E. Finn 2000 Pearson Educación	NO INDICA	47	18161	
Física II	202	4. Resnick O. Halliday and Krane. Física Vol II CECSA México 2002	NO INDICA	142	18282	
Física II	202	Giancoli , Douglas. Física Para Universitarios, Vol. 2, Prentice Hall, México 2002.	NO INDICA	129	18168	
Introducción a la Economía	202	Principios de Economía. Tercera Edición. Editora Ana Navarro ISBN: : 84-481 -4656-5 Autor Francisco Mechón.	NO INDICA	9	22161	
Introducción a la Economía	202	Economía. Décimoctava edición. Paul Samuelson .- WilliamNordhaus. McGraw Hill. ISBN-13: 970­ 10-5381 -8. Año 2005.	NO INDICA	14	1445	
Introducción a la Economía	202	3. Introducción a la Economía - Manuel J. y Amelía Pérez. Segunda edición. ISBN: 978-84-832-2221 Año 2009.	NO INDICA	11	18156	
Introducción a la Economía	202	Principios de Economía. Gregory Mankiw. Sexta Edición. ISBN 978-607-481 -809-3.	NO INDICA	7	24810	
Termodinámica	202	"Apuntes del curso"" Termodinámica"" ."	NO INDICA	84	2713	
Termodinámica	202	"José Aguilar Peris, "" Curso de Termodinámica"" . Pearson Educación 1989, última reimpresión 2001."	NO INDICA	63	18170	
Termodinámica	202	"Gilbert Castellan, "" Físico-Química"", Addison Wesley Longman, tercera edición, 1998 ."	NO INDICA	29	2817	
Termodinámica	202	"David R. Gaskell, ""Introduction to Metallurgical Thermodynamics"", McGraw-Hill, 1973."	NO INDICA	16	3050	
Termodinámica	202	"Gurry R. YDarken L., ""Physical Chemistry ofMetals"", McGraw-HilI, N.Y., 1953."	NO INDICA	2	13942	0
Termodinámica	202	"6. P. Atkins, "" Físico-Química"" , FEI, Mexico, 1985."	NO INDICA	5	2965	
Termodinámica	202	"7. Mark Zemansky, "" Fisico-Química"" Editorial La Colina, Madrid, 1984."	NO INDICA	0		
Termodinámica	202	"8. G. S. Upadhyaya, ""Problemas de Termodinámica y Cinética en Metalurgia"", Genrinis, Buenos Aires, 1979"	NO INDICA	5	190	
Administración de empresas	202	Administración, lOma Edición - Stephen P. Robbins & Mary Coulter.	NO INDICA	2	10709	
Administración de empresas	202	2. Administración Contemporánea, 4ta Edición - Gareth R. Jones y Jennifer M. George.	NO INDICA	5	24714	
Administración de empresas	202	Elementos de administración: Un enfoque internacional, 7ma Edición - Harold Koontz y Heinz Weihrich.	NO INDICA	13	22160	
Administración de empresas	202	4. Administración: Una Perspectiva Global , 11va Edición - Harold Koontz & Heinz Weihrich .	NO INDICA	1	13007	0
Administración de empresas	202	s. Introducción a la Administración, 4ta Edición - Sergio Hernández y Rodriguez.	NO INDICA	2	1558	
Administración de empresas	202	6. Administración: Teoría, proceso y práctica, 3ra Edición - Idalberto Chiavenato.	NO INDICA	3	22677	0
Ciencias de los materiales	301	"Askeland Donald , R. "" La Ciencia e Ingeniería de los Materiales"". University of Missouri-Rolla. Editorial Chapman and Hall, 1995."	NO INDICA	32	18280	
Ciencias de los materiales	301	"2. Avner Sidney H. ""Introducción a la Metalurgia Física"". Editoria l Madrid Del Castillo. 2""edición, 1983."	NO INDICA	8	270	
Ciencias de los materiales	301	"J. ""Ciencia y Diseño de Materiales para Ingeniería"" Editorial Compañía editorial Continental CECSA. edición, 2000"	NO INDICA	8	18281	0
Fisica III	301	Física: electromagnetismo y Óptica; l.E. Díaz, M. lbarra, R. Leiva, L. Vill arroel; Universidad de Atacama.	NO INDICA	198	7921	
Fisica III	301	Resnick D. Halliday and Krane. Física Volumen 1y Il, CECSA México 2002	NO INDICA	142	18282	
Fisica III	301	Física universitaria, volumen 1y 11. F. Sears - M. Zemansky . H. Young / Freedman Decimosegunda edición, Pearson Educación	NO INDICA	25	22557	
Fisica III	301	Física vol JI, M. Alonso, E. Finn	NO INDICA	120	2374	
Fisica III	301	Física para ciencias e ingeniería vol JI , Serway y Beichner.	NO INDICA	4	26198	
Mecánica de fluidos	301	"Robert L. Mott, ""Mecánica de Fluidos Aplicada"", Prentice-Hall Hispanoamericana, S.A., México. 1996."	NO INDICA	7	21832	
Mecánica de fluidos	301	"Munson B., Young D., Okiishi T., "" Fundamentos de Mecánica de Fluidos"", Editorial Limusa- Wiley, 2004."	NO INDICA	8	18374	
Mecánica de fluidos	301	"Irving H. Shames, "" Mecánica de Fluidos"", McGraw-Hill, 3"	NO INDICA	7	2465	
Mecánica de fluidos	301	"Ocon y Tojo, ""Problemas de Ingeniería Química"", Ed. Aguilar, España. Edición, Colombia."	NO INDICA	2	783	0
Mecánica de fluidos	301	"David R. Gaskell, "" An introduction tú Transport Phenomena in Materials Engineering"", Macmillan"	NO INDICA	0		
Métodos Numéricos 	301	3. Burden, R - Douglas, J., Análisis Numérico.	NO INDICA	7	18988	
Estadística Aplicada	302	Freund, JE; Miller, 1; Miller, M. Estadística matemática con aplicaciones. Pearson Educación, 2000.	NO INDICA	103	18165	
Estadística Aplicada	302	Devore, JL. Probabilidad y estadística para ingeniería y cienc ias. Thomson Editores, 2005.	NO INDICA	11	20883	
Estadística Aplicada	302	Meyer, PL. Probabil idad y aplicaciones estadísticas. Addison-Wesley Iberoamericana, 1992.	NO INDICA	5	2561	
Estadística Aplicada	302	Montgomery, DC; Runger, OC. Probabilidad y estadística aplicadas a la ingeniería. McGraw-Hill, 1996.	NO INDICA	2	7576	
Fenómenos de Transporte 	302	Bird, R.B. Stewart, W.E. Lightfoot, E.N. Fenómenos de Transporte. Editorial Reverté, 1973.	NO INDICA	11	2814	
Fenómenos de Transporte 	302	Cengel, Y. A, Transferencia de Calor y Masa, Un enfoque práctico, Editorial Me Graw Hill, México , 2017.	NO INDICA	0		
Fenómenos de Transporte 	302	3. Gaskell, D.R . An lntroduction to Transport Phenomena in Materials Engineering. Macmillan Publishing Co., New York, 1992.	NO INDICA	0		
Fenómenos de Transporte 	302	Szekely, J. Themelis, NJ. Rate Phenomena in Process Metallurgy. J Wiley, New York, 1971.	NO INDICA	3	2677	
Físico-Química	302	"David R. Gaskell, ""Introduction to the Thermodynamics ofMaterials"", Taylor & Francis, 3"	NO INDICA	16	3050	
Físico-Química	302	"José Aguilar Peris, ""Curso de Termodinámica"". Pearson Educación 1989, última reimpresión 2001."	NO INDICA	63	18170	
Físico-Química	302	"Gurry R. y Darken L., ""Physical Chemistry of Metals"", McGraw-Hill, N.Y., 1953."	NO INDICA	2	13942	0
Físico-Química	302	"Gilbert Castellan, ""F ísico-Química: Problemas Resueltos"", Fondo Educativo Interamericano, 1982."	NO INDICA	13	3017	
Físico-Química	302	"Gilbert Castellan, ""F ísico-Química"", México : Addison-Wesley Iberoamericana, 1987."	NO INDICA	29	2817	
Físico-Química	302	"P. Atkins, ""Principios de Físico-Química"", Addison Wesley Iberoamericana, Mexico, 1986."	NO INDICA	2	2813	0
Físico-Química	302	"G. S. Upadhyaya, "" Problemas de Termodinámica y Cinética en Metalurgia"", Genrinis, Buenos Aires,1979."	NO INDICA	5	190	
Físico-Química	302	"Octave Levenspiel, ""Ingeniería de las Reacciones Químicas"", Reverte Ediciones, México, 1998. edicion 1995."	NO INDICA	3	7559	
Inglés Comunicacional Básico para Ingeniería 	302	Le Maistre, Simon. Lewis, Carina. Language to Go, Student's Book. Longman, 2002.	NO INDICA	0		
Inglés Comunicacional Básico para Ingeniería 	302	2. Murphy, Raymond. Essential Grammar in use. Cambridge University Press . Sexta edición, 1992.	NO INDICA	2	4319	0
Preparación Mecánica de Minerales 	302	Leonel Gutiérrez-Jairne Sepúlved a, Centro de investigación minera y metalúrgica. Dimensionamiento y optimización de plantas concentradoras mediante técnicas de modelación matemática.	NO INDICA	0		
Preparación Mecánica de Minerales 	302	Leonard Austin- Fernando Concha, CYTED. Diseño y simulación de circuitos de moliend a y clasificación	NO INDICA	10	18455	
Resistencia de Materiales	302	"Hibbeler Russel! c., ""Mecánica de Materiales"" edición, Editorial Pearson, 2011."	NO INDICA	6	26871	
Resistencia de Materiales	302	"Ferdinand P. Beer, "" Mecánica de Materiales"" Edición, Editorial MC Graw Hil!, 2000."	NO INDICA	0		
Resistencia de Materiales	302	"Ferdinand P. Beer, "" Mecánica Vectorial para Ingenieros"" Edición, Editorial MC Graw Hill, 2007."	NO INDICA	16	11286	
Resistencia de Materiales	302	"Askeland Donald, R. ""La Ciencia e Ingeniería de los Materiales"". University of'Missouri-Rolla, Editorial Chapman and Hall , 1995"	NO INDICA	32	18280	
Resistencia de Materiales	302	"Schaffer, J. ""C iencia y Diseño de Materiales para Ingeniería"" Editorial Compañía editorial Continental CECSA. 1
a edición, 2000."	NO INDICA	8	18281	0
Cinética de los Procesos	401	"Levenspiel, O. "" Ingeniería de las reacciones químicas"". Ed. Revertyé S.A. 1986."	NO INDICA	3	7559	
Cinética de los Procesos	401	"Kelly, E. Spottiswood, D. ""Introducción al Procesamiento de Minerales"". Editorial Limusa, S.A. Primera edición en castellano, 1990."	NO INDICA	1	127	0
Cinética de los Procesos	401	"Himmelblau, D. Bischoff, K. ""Análisis y Simulación de procesos"". Ed. Reverté S.A. 1976."	NO INDICA	0		
Concentración de Minerales	401	Bronkala , W. J. et al. Type sofMagnetic Separators. In: SME Mineral Processing Handbook (Weiss, N. L., ed.),SME, New York, 1985 , p. 6-29 .	NO INDICA	4	110	
Concentración de Minerales	401	Kelly, E. G. and Spottiswood, D. 1. Introduction to Mineral Proces sing, John Wiley & Sons, USA, 1982, 491p.	NO INDICA	1	127	0
Concentración de Minerales	401	"Lawyer,1. E. General Principies and Types of Electrostatic Separators. In: SME Mineral Processing
Handbook (Weiss, N. L., ed .),
SME, New York, Vol. 1, 1985, p. 6-6 ."	NO INDICA	0		
I nglés Comunicacional Pre-intermedio para Ingeniería 	401	Le Maistre, Simon. Lewis, Carin a. Language to Go-Elementary Leve!. Student's Book. Longman, 2002.	NO INDICA	0		
I nglés Comunicacional Pre-intermedio para Ingeniería 	401	Cunningham , Oillie. Mohamed, Sue. Language to 00- Pre-Intermediate Leve!. Student's Book. Longman , 2002 .	NO INDICA	0		
Investigación Operativa	401	Taha, H.A., Investigación de Operaciones. Prentice Hall, 2005.	OBLIGATORIA	64	18162	
Investigación Operativa	401	2. Manuel Barahona Droguett, Investigación de operaciones., UDA	OBLIGATORIA	70	15113	
Investigación Operativa	401	l. Winston W., Operations Research Applications and AIgorithms. Thomson Brooks,2004.	COMPLEMENTARIA	0		
Investigación Operativa	401	2. Hillier, F., Liberman, G. J., Introducción a la investigación de operaciones., me Graw HilI, 1991.	COMPLEMENTARIA	5	10110	
Minerales Industriales 	401	"Gajardo, A., Mendoza, J., López, M., Carrasco, R. Yacimiento de Rocas y Minerales Industriales de la
1lI Región de
Atacama. SERNAGEOMIN, 2004."	NO INDICA	1	22984	
Fundamentos de Materiales para Ingeniería	402	P Shewmon. Transformation In Metals. Mc Graw-H ill. 1969.	NO INDICA	7	9055	0
Fundamentos de Materiales para Ingeniería	402	2. Reed-Hill, Robert E. Introducción a la Metalurgia Física. México, Continental, 1972.	NO INDICA	10	311	
Fundamentos de Materiales para Ingeniería	402	"3. Avner Sidney H. Introducción a la metalurgia física. Editorial Madrid Del Castillo. 2"" edición.1983."	NO INDICA	8	270	
Fundamentos de Materiales para Ingeniería	402	Guy Albert G. Metalurgia física para ingenieros: physicalmetallurgy ofengineers. Bogotá, Colombia,Fondo Educativo Interamericano, l 970	NO INDICA	15	198	
Fundamentos de Materiales para Ingeniería	402	"Askeland Donald R, La ciencia e ingeniería de los materiales. University of Missouri-Rolla. Editorial
Chapman and Hajl 2004."	NO INDICA	32	18280	
Fundamentos de Materiales para Ingeniería	402	"Smith, William F., Fundamentos de la ciencia e ingeniería de materiales, Editorial Madrid: McGrawHill,3a.ed
, 1998."	NO INDICA	1	11487	
Gestión Ambiental	402	"Kiely Gerard, "" Ingeniería ambiental: fundamentos , entornos, tecnologías y sistemas de gestión"", Madrid:"	NO INDICA	0		
Gestión Ambiental	402	"Conesa Fern ández- Vítora, Vicente, "" Instrumentos de Gestión Ambiental en la Empresa"", Madrid Mundi Prensa, 1997, 541p. Ubicación: Biblioteca Central de la Universidad de Atacama."	NO INDICA	2	9862	0
Gestión Ambiental	402	"Gómez Orea Domingo Gómez y Oñate Miguel , ""Auditoría Ambiental: un Instrumento de Gestión en la Empresa"", Madrid Agrícolas Española S.A., 1994, 142p. Ubicación: Biblioteca Central de la Universidad de Atacama."	NO INDICA	2	2556	0
Gestión Ambiental	402	"Empresa"", Madrid Agrícolas Española S.A., 1994, 142p. Ubicación: Biblioteca Central de la Universidad de"	NO INDICA	0		
Gestión Ambiental	402	"Harry M. Freeman, "" Manual de Prevención de la Contamina ción Industrial"", México: McGraw-Hill,1988, 943p . Ubicación: Bib lioteca Central de la Universidad de Atacama"	NO INDICA	2	11006	0
Gestión Ambiental	402	"Lagrega Michael D., Buckingham Phillip L. and Evans Jeffrey C., "" Gestión de Residuos Tóxicos: Tratamiento, eliminación y recuperación de suelos"". McGraw Hill, 1996, 2V 1316p. Ubicación: Biblioteca
Central de la Universidad de Atacama."	NO INDICA	2	11545	0
Gestión Ambiental	402	"Conesa Fernández, Vicente, ""Guía Metodológica para la Evaluación del Impacto Ambiental"", Madrid Ediciones Mundi Prens a, 1997,
4l 2p. Ubicación : Bibl ioteca Central de la Universidad de Atacama."	NO INDICA	1	15132	0
Gestión Ambiental	402	"Coronado Maldonado Margarito y Oropeza Monterrubio Rafael, "" Manual de Prevención y Minimización de la Contaminación Industrial"", Panorama Editorial ,1998, 183p. Ubicación: Biblio teca Central de la Universidad de Atacama."	NO INDICA	1	15130	0
Gestión Ambiental	402	"Chile . Ministerio de Economía, ""Manual de Auditoría en Producción Limpia"", Santiago, Chile : Alfabeta,1998, 175 p. Ubicación : Biblioteca Central de la Universidad de Atacama."	NO INDICA	3	13715	0
Gestión Ambiental	402	Jordán Barahona, José Manuel (1992 ). Evaluación del impacto ambiental E.LA.. Valparaíso: Artes Gráficas Diego .	NO INDICA	0		
Gestión Ambiental	402	Valls, Mario (1992). Derecho ambiental. Buenos Aires: Abeledo -Perrot.	NO INDICA	0		
Gestión de personas 	402	Aguirre, Juan; Dirección y Gestión de Personal, 2006.	NO INDICA	2	21207	0
Gestión de personas 	402	2. Byors, Lloyd ; Gestión de Recursos Humanos, 1995 .	NO INDICA	2	5331	0
Gestión de personas 	402	Gómez, Luis; Gestión de Recursos Humanos, 2008.	NO INDICA	6	23764	0
Gestión de personas 	402	4. Muñoz, Osear; Gestión de Recursos Humanos por Competencias en una Empresa PYME, 2004.	NO INDICA	1	18363	0
Gestión de personas 	402	María Callardo; La Gestión de Recursos Humanos y la Calidad Total, 1995.	NO INDICA	2	7763	0
Gestión de personas 	402	6. Lobos, Juli o; Calidad a través de las Personas, 1998 .	NO INDICA	1	11346	0
Gestión de personas 	402	Ulric, Dave & Brockbank, Wayne; La Propuesta de Valor de Recursos Humanos, 2006.	NO INDICA	3	21952	
Gestión de personas 	402	Costa, Miguel & López Ernesto ; Los Secretos de la Direcc ión: Liderar y Fortalecer Personas y Equipo s, 2009.	NO INDICA	2	22151	
Gestión de personas 	402	Chiavenato, Idalberto; Administración de Recursos Humanos: El Capital Humano de las Organizaciones, 2011 .	NO INDICA	7	20947	
Gestión de personas 	402	10. Cooper, D ominic; Robertson, Iván & Tínline, Gordon; Reclutamiento y Selección: Marco de Actuación para Obtener el Exito, 2004.	NO INDICA	4	18922	0
Hidrometalurgia y Electrometalurgia 	402	11. Gil , Ignacio; Ruiz, Leonor & Ruiz , Jesús; La Nueva Dirección de Personas en la Empresa, 1997.	NO INDICA	1	11478	
Hidrometalurgia y Electrometalurgia 	402	12. Yarela, Ricardo; Administración de Compensación: Sueldos, Salarios y Pre staciones, 2006.	NO INDICA	0		
Hidrometalurgia y Electrometalurgia 	402	"Werther, William; Administración de Recursos Humanos: El Capital Humano de las Organizaciones,2008.
2008."	NO INDICA	1	24728	0
Hidrometalurgia y Electrometalurgia 	402	14. De La Plaza, Javiera; La Inteligencia Asertiva: En la Empresa y el Trabajo, 2009.	NO INDICA	1	23700	
Hidrometalurgia y Electrometalurgia 	402	15. Kossen, Stan; Recursos Humanos en las Organizaciones, 1995.	NO INDICA	1	8942	0
Hidrometalurgia y Electrometalurgia 	402	16. Arias , Fernando; Administración de Recursos Humanos para el Alto Desempeño, 2006.	NO INDICA	1	20961	
Hidrometalurgia y Electrometalurgia 	402	Jaime & Cabrera, Ángel; Dirección Estratégica de Personas: Evidencias y Perspectivas para el Siglo XXI, 2002.	NO INDICA	4	21228	
Mecánica de Fluidos II 	402	"Mott Robert L.,.""Mecánica de Fluidos Aplicada"". Prentice-Hall Hispanoamericana, S.A. México, 1996."	NO INDICA	48	10854	
Mecánica de Fluidos II 	402	"Shames Irving B., "" Mecánica de Fluidos"", McOraw-Hill,3"" Edición, Colombia, 1995."	NO INDICA	7	2465	
Mecánica de Fluidos II 	402	"Ocon y Tojo , ""Problemas de Ingeniería Química"", Ed. Aguilar, España, 1968."	NO INDICA	2	783	0
Mecánica de Fluidos II 	402	"Vega B. Rolando, ""Transporte Hidráulico de Sólidos"", Apuntes Curso Departamento de Capacitación, Universidad de Atacama, 1984."	NO INDICA	31	2866	0
Ingeniería económica	501	Fundamentos de Ingeniería Económica. Autor Gabriel Baca Urbina quinta edición. Editorial Mc Graw Hill	NO INDICA	10	18637	
Ingeniería económica	501	Ingeniería Económica. Autores Leland Blank y Anthony Tarquin séptima edición. Editorial Mc Graw Hill	NO INDICA	12	18636	
Ingeniería económica	501	3. Ingeniería Económica. Autor James L. Riggs tercera edición. Editorial Alfaomega	NO INDICA	1	1237	
Ingeniería económica	501	"Preparación y Evaluación de Proyectos. Autores Nassir y Reinaldo Sapag quinta edic ión. Editorial
McGraw Hill"	NO INDICA	14	27130	
Inglés Comunicacional Intermedio para Ingeniería	501	Le Maistre, Simon. Lewis, Carina. Language to Go . Student's Book. Pre-Intennedaite Leve!. Longman,2002	NO INDICA	0		
Inglés Comunicacional Intermedio para Ingeniería	501	Crace, Araminta. Wileman, Robin. Language to Go . Student's Book. Intennediate Level. Longman, 2002.	NO INDICA	0		
Materiales para Metalurgia Extractiva	501	"Dieter, George. Mechanical Metallurgy, New York, Me. Graw Hill. 3"" edición. 1986."	NO INDICA	7	9035	0
Materiales para Metalurgia Extractiva	501	2. P Shewmon. TransformationIn Metals. Mc Graw-Hill, 1969.	NO INDICA	7	9055	0
Materiales para Metalurgia Extractiva	501	3. Reed-Hill, Robert E. Introducción a la Metalurgia Física. México, Continental, 1972.	NO INDICA	10	311	
Materiales para Metalurgia Extractiva	501	"AvnerSidney H. Introducción a la metalurgia física . Editorial Madrid Del Castillo. 2""edición.1983 ."	NO INDICA	8	270	
Materiales para Metalurgia Extractiva	501	"Guy Albert G. Metalurgia física para ingenieros: physicalmetallurgy of engineers. Bogotá, Colombia, Fondo Educativo Interamericano, 1970
Colombia, Fondo Educativo Interamericano, 1970"	NO INDICA	15	198	
Materiales para Metalurgia Extractiva	501	"Askeland Donald R, La ciencia e ingeniería de los materiales. University of Missouri-Rolla,
Editorial Chapman and Hall 2004."	NO INDICA	32	18280	
Materiales para Metalurgia Extractiva	501	Smith, William F., Fundamentos de la cien cia e ingeniería de materiales, Editorial Madrid:McGraw-Hill, 3a.ed, 1998	NO INDICA	1	11487	
Operación Planta 	501	"ALLIS CHALMERS ""Crushing Handbook"" (2nd edition) AcoPaulista S.A., Brasil 1985."	NO INDICA	0		
Operación Planta 	501	"2. AUSTIN L.O. et al "" Process Engineering ofsize Reduction : BaH Milling"" AIME N.Y. (1984 )."	NO INDICA	1	98	0
Operación Planta 	501	"3. WEISS, N.L. "" SME Mineral Processing Handbook""; Society ofMining Engineering; N.Y. 1985."	NO INDICA	4	110	
Operación Planta 	501	Wills, B. A. Tecnología de Procesamiento de minerales. Editorial Limus, 10 ed., 1987, 568 p.	NO INDICA	2	1530	
Operación Planta 	501	Crozier, R. D. Flotaci ón. PergamonPress, 1992, 343 p.	NO INDICA	1	122	0
Operación Planta 	501	Catálogos de equipos chancado, harneo, molienda, clasificación y flotación	NO INDICA	0		
Operación Planta 	501	"Esteban M. Domic M. "" Hidrometalurgia: fundamentos, procesos y aplicaciones"" (2001)."	NO INDICA	1	17705	
Pirometalurgia	501	"Biswas A. & Davenport W., ""E l Cobre "", Limusa, 1993."	NO INDICA	1	1012	
Pirometalurgia	501	"2. Biswas A. & Davenport W, ""Extractive Metallurgy of Copper'', 1980.2. "	NO INDICA	1	1017	0
Pirometalurgia	501	"3. Davenport W. & Partelpoeg E. ,"" Flash Smelting"", Pergamon Press,1987."	NO INDICA	0		
Pirometalurgia	501	"Peters a"" ""Producción Siderurgica"", Limusa, 1987,"	NO INDICA	1	360	0
Pirometalurgia	501	"Peacey, J.G, "" Alto Horno de Hierro"", Limusa, 1986"	NO INDICA	1	306	0
Pirometalurgia	501	"Coudurier, L. Hopkins, D. Wilkomirsky, I. ""Fundamentos de los Procesos Metalúrgicos"", Universidad de
Concepción, Concepción, 1976"	NO INDICA	2	257	0
Pirometalurgia	501	"Rosenqvist, T. ""Fundamentos de Metalurgia Extractiva"", Limusa, Mexico,1987."	NO INDICA	4	370	0
Pirometalurgia	501	"Habashi F.""Principies of Extractive Metallurgy"" 2nd Ed.,Science Publisher- París"	NO INDICA	7	330	
Pirometalurgia	501	"Ray H. Ghosh, A. ""Principies of Extractive Metallurgy"" 2nd Ed. John Wiley and Sons,1991"	NO INDICA	1	1082	0
Pirometalurgia	501	"Butts Allison.""Metallurgical Problems"" McGraw-Hill Book Company, New Cork and London 1943."	NO INDICA	6	915	
Pirometalurgia	501	"11. Marsden J. and House 1., ""The Chemistry ofGold Extraction"", Ellis Horwood, 1987"	NO INDICA	1	23159	0
Pirometalurgia	501	"Fine A., "" Handbook on material and energy balance calculation in metallurgical processes"" Pennsylvan ia: The metallurgical society
of Aime, 1979"	NO INDICA	4	351	0
Tratamiento de Residuos Industriales 	501	"American Water Works Association, Control de calidad y tratamiento del agua : Manual de abastecimiento públicos de aguas, Madrid: Institu to de Estudios de administración Local, 1975, 734p . Ubicación: Biblioteca
Central de la Universidad de Atacama."	NO INDICA	2	1235	0
Tratamiento de Residuos Industriales 	501	Nalco Chemical Company, Manual de agua: su naturaleza, tratamiento y aplicaciones, México: McGraw Hill, 1993, 600p. Ubicación: Biblioteca Central de la Universidad de Atacama.	NO INDICA	1	45	
Tratamiento de Residuos Industriales 	501	"Metcalf & Eddy, lngenieria sanitaria: Tratamiento, evacuación y reutilizacion de aguas residuales ,
Colombia: Labor, 1994, 969p. Ubicación: Biblioteca Central de la Universidad de Atacama."	NO INDICA	1	10117	0
Tratamiento de Residuos Industriales 	501	"Sanchez, Mario; Vergara, Froilan , Castro, Serg io, Effluent treatment in the miningindustry, Concepcion:University of Concepcion, 1998, 388p. Ubicación: Biblioteca Central de la Universidad de
Atacama."	NO INDICA	3	14090	0
Tratamiento de Residuos Industriales 	501	"Noel de Nevers, "" Ingeniería de Control de la Contaminación del Aire"", McGraw-Hill, 1998, 546p. Biblioteca Central de la Universidad de Atacama."	NO INDICA	2	11004	0
Administración y control de pérdidas	502	Frank E. Femández - Frank E. Bird, Administración del Control de Pérdidas.	NO INDICA	7	791	0
Administración y control de pérdidas	502	William Handley, Manual de Seguridad Industrial.	NO INDICA	6	2395	0
Administración y control de pérdidas	502	Abel Peralta, Curso de Seguridad Industrial. Editorial Reverté, S.A. Barcelona, México, Buenos Aires.	NO INDICA	1	479	0
Administración y control de pérdidas	502	Instituto Interamericano de Administración de Riesgos, Administración de Riesgos.	NO INDICA	0		
Control Automático de Procesos	502	Ingeniería de control moderna. K. Ogata. Prentice-Hall, 1998.	NO INDICA	2	7918	
Control Automático de Procesos	502	Sistemas modernos de control. Teoría y práctica. Richard D. Dorf Addison-Wesley Iberoamericana,1986.	NO INDICA	1	1623	0
Control Automático de Procesos	502	3. Sistemas de control automático. BJ . Kuo. Prentice-Hall, 1996	NO INDICA	3	10858	
Modelación y Simulación de Operaciones Metalúrgicas	502	"SEPULVEDA lE. - OUTIERREZ L. "" Diseño y optimización de plantas concentradoras mediante
modelación matemática CIMM ,
Chile] 985 ."	NO INDICA	0		
Modelación y Simulación de Operaciones Metalúrgicas	502	"AJ. ""Circuitos de Trituración y Molienda de Minerales, su simulación, optimización y diseño y control"" Rocas y Minerales (1980)."	NO INDICA	0		
Modelación y Simulación de Operaciones Metalúrgicas	502	"3. ALLIS CHALMERS ""Crushing Handbook"" (2nd edition) Aco Paulista S.A. , Brasil] 985."	NO INDICA	0		
Modelación y Simulación de Operaciones Metalúrgicas	502	"4. AUSTIN L.O. et al ""Process Engineering Brasil] 985."	NO INDICA	1	98	0
Modelación y Simulación de Operaciones Metalúrgicas	502	"5. WElSS , N.L. ""S ME Mineral Process ing Handbook""; Society ofMining Engineering; N.Y. 1985."	NO INDICA	0		
Modelación y Simulación de Operaciones Metalúrgicas	502	6. Wills, B. A. Tecnología de Procesamiento de minerales. Editoríal Limus, ] o ed., ] 987, 568 p.	NO INDICA	2	1530	
Modelación y Simulación de Operaciones Metalúrgicas	502	7. Crozier, R. D. Flotación. Pergamon Press, 1992 ,343 p.	NO INDICA	1	122	0
Taller de Psicología Laboral 	502	Psicología de las organizaciones Autores: David A. Kolb , Rubin Irwin M., James M. Mcllntyre Año: 1994	OBLIGATORIA	2	4742	
Taller de Psicología Laboral 	502	1. Inteligencia Emocional Autor: Daniel Goleman Año: 2003	COMPLEMENTARIA	2	27107	
Análisis y Optimización de Procesos Industriales	601	Himmenbleau, D. Análisis de procesos y simulación.	NO INDICA	0		
Análisis y Optimización de Procesos Industriales	601	Análisis y optimización de procesos. Curso panamericano de metalurgia extractiva. Universidad de Concepción	NO INDICA	0		
Análisis y Optimización de Procesos Industriales	601	Walpole, Ronald, Myers, Raymond . Probabilidad y estadística .	NO INDICA	7	2207	0
Análisis y Optimización de Procesos Industriales	601	Dimensionamiento y optimización de Plantas Concentradoras mediante Técnicas de Modelación Matemática; Centro de Investigación Minera y Metalúrgica.	NO INDICA	4	132	
Ética Profesional	601	Aristóteles, Ética a Nicómaco.	NO INDICA	1	9792	
Ética Profesional	601	2. Aranguren, José Luis. Ética.	NO INDICA	1	20912	0
Ética Profesional	601	3. Covey, Stephen. Los siete hábitos	NO INDICA	2	11352	
Ética Profesional	601	4. De Saint - Exupery, Antoine. El Principito.	NO INDICA	2	3024	
Ética Profesional	601	5. Echeverria, Rafael. Ontología del Lenguaje.	NO INDICA	3	25855---10488	
Ética Profesional	601	6. Fisher, Robert. El caballero de la armadura oxidad	NO INDICA	5	22632--22996	
Gestión de Empresa	601	Jarillo, Carlos; Dirección Estratégica, 1992 .	NO INDICA	1	457	0
Gestión de Empresa	601	2. Hax, Amoldo & Majluf, Nicolás; Gestión de Empresas con una Visión Estratégica, 1994.	NO INDICA	4	1386	0
Gestión de Empresa	601	"Hax, Amoldo & Majluf, Nicolás; Estrategias para el Liderazgo Competitivo: De la División de los
Resultados,
2004."	NO INDICA	11	18660	0
Gestión de Empresa	601	4. Garrido, San tiago; Direcc ión Est ratégica, 200 6.	NO INDICA	1	24731	0
Gestión de Empresa	601	5. Porter, Michael; Ventaja Competitiva: Creación y Sostenimiento de un Desempeño Superior, 2008.	NO INDICA	3	21947	
Gestión de Empresa	601	6. Francés, Antonio; Estrategias y Planes para la Empresa: Con el Cuadro de Mando Integral, 2006.	NO INDICA	3	23971	0
Taller de Proyecto y Diseño de Plantas. 	601	"Reghezza Andrés, ""Dimensionamiento y Evaluación de Equipos Metalúrgicos"", 1985."	NO INDICA	1	9100	0
Taller de Proyecto y Diseño de Plantas. 	601	Manual de Evaluación Técnico-Económica de Proyectos Mineros de Inversión, Instituto Tecnológico GeoMinero de España, 1995	NO INDICA	4	1429	
Taller de Proyecto y Diseño de Plantas. 	601	"Sepúlveda Jaime y Gutiérrez Leonel, ""Dimensionamiento y Optimización de Plantas Concentradoras
Mediante Técnicas de Modelación matemática"", CIMM, 1986."	NO INDICA	0		
Taller de Proyecto y Diseño de Plantas. 	601	"Mular Andrew L. y Bhappu Roshan B., ""Diseño de Plantas de Procesos de Minerales"", Editorial Rocas y Minerales,
Segunda edición, 1982."	NO INDICA	0		
Taller de Proyecto y Diseño de Plantas. 	601	Avendaño Carlos, Curso Plantas de LIX-SX-EW, Instituto de Ingenieros de Minas de Chile, 1995.	NO INDICA	0		
Taller de Proyecto y Diseño de Plantas. 	601	"Gutiérrez Leonel y Aguilar Osear, "" .CIMM y su Experiencia en la Tecnología de Flotación Columnar"",
CIMM."	NO INDICA	0		
Taller de Proyecto y Diseño de Plantas. 	601	"Millán U. Augusto. ""Evaluación y Factibilidad de Proyectos Mineros"", Editorial Universitaria. 1996."	NO INDICA	13	7324	
Taller de Proyecto y Diseño de Plantas. 	601	Manual de Evaluación Técnico-Económica de Proyectos Mineros de Inversión. Instituto Tecnológico GeoMinero de España. 1995.	NO INDICA	4	1429	
Taller de Proyecto y Diseño de Plantas. 	601	Mine and Mili Equipment Cost  . 1999.	NO INDICA	2	2224	
Taller de Proyecto y Diseño de Plantas. 	601	"Mular, Andrew. ""Mineral processing equipment costs and preliminary capital cost estimations"". Canadá: The canadian institute of mining and metallurgy, 1978."	NO INDICA	1	2116	0
Taller de Proyecto y Diseño de Plantas. 	601	"Mular, Andrew. Mining and mineral processing equipment cost estimations. Montreal: The institute of
mining and metallurgy, 1982."	NO INDICA	1	1487	0
Taller de Proyecto y Diseño de Plantas. 	601	"12. Westem Mine, (1999) Chía A., Juan y Chía A. , Luis. ""C"	NO INDICA	0		
Trabajo de Titulación	602	Metodología De La Investigación 5° Edición, ISBN: 978607 1502919, Hemández Sampieri,Roberto; Editorial: McGraw-Hill	NO INDICA	18	25115	
Trabajo de Titulación	602	Metodología De La Investigación Edición 20 10, ISBN: 9786124034503, Quezada, Nel; Editorial : Empresa Editora Macro	NO INDICA	0		
