PLANILLA DE BIBLIOGRAFÍA OBLIGATORIA Y COMPLEMENTARIA DE LOS PROGRAMAS DE ASIGNATURA 2022							
							
CARRERA: Licenciatura en Educación y Pedagogía en Educación Parvularia							
							
							
ASIGNATURA	SEMESTRE	DETALLE DE BIBLIOGRAFÍA 	TIPO DE BIBLIOGRAFIA	CANTIDAD DE ESTUDIANTES POR ASIGNATURA	CANTIDAD  BIBLIOTECA	BIB BIBLIOTECA	
Filosofia de la Educación	Primer semestre 	Jaeger, W. (1942). Paideia: Loa ideales dela cultura griega. México: Fondo de Cultura Económica.	Obligatoria	25	1	4686	
Filosofia de la Educación	Primer semestre 	Cirigliano,G. (1990). Filosofía de la Educación. Buenos Aires: Humanistas.	Obligatoria	25	4	1706	
Filosofia de la Educación	Primer semestre 	Orrego, S. (2016). Filosofía: conceptos fundamentales. Santiago, Chile: Ediciones Universidad Católica de Chile.	Obligatoria	25	1	28408	
Filosofia de la Educación	Primer semestre 	Maturana, H. (1993). Amor y juego. Santiago, Chile: Instituto de Terapia Cognitiva.	Obligatoria	25	3	5155-25024	
Filosofia de la Educación	Primer semestre 	Selsam, H (1968). ¿Qué es la filosofía?. México: Grijalbo.	Obligatoria	25	1	5077	
Filosofia de la Educación	Primer semestre 	Maturana, H. (1995). Emociones y lenguaje en educación y política. Santiago de Chile: Instituto de Terapia Cognitiva.	Obligatoria	25	2	7331	
Filosofia de la Educación	Primer semestre 	Althusser,Louis (1974) La Filosofía como arma de la Revolución. Siglo XXI Editores. México.	Complementaria	25	0		
Filosofia de la Educación	Primer semestre 	Apple,M.(1986) Ideología y Curriculum. Editorial Akal, Madrid.	Complementaria	25	0		
Filosofia de la Educación	Primer semestre 	Bourdieu, P. (2003) Capital cultural, escuela y espacio social. Editorial Siglo XXI, Argentina.	Complementaria	25	0		
Filosofia de la Educación	Primer semestre 	Cerutti G.,Horacio (1993) Filosofía de la Educación. Hacia una Pedagogía Para América Latina. Universidad Nacional Autónoma de México.	Complementaria	25	0		
Filosofia de la Educación	Primer semestre 	González R., A. (2016) ¿Por qué es científica la ciencia? Impresia Ibérica. España.	Complementaria	25	0		
Filosofia de la Educación	Primer semestre 	Cirigliano, G. (1990) Filosofìa de la Educaciòn. Editorial Humanitas,Buenos Aires	Complementaria	25			
Filosofia de la Educación	Primer semestre 	Hegel,G. (2009) Introducción a la historia de la Filosofía. Editorial Gradifco , Buenos Aires	Complementaria	25	0		
Filosofia de la Educación	Primer semestre 	Munizaga A.,R (S/F) Algunos temas de la Filosofía Educacional de don Valentin Letelier. Editorial Universitaria. Santiago, Chile.	Complementaria	25	0		
Filosofia de la Educación	Primer semestre 	Maritain, Jacques (1950) Introducción a la Filosofía.Biblioteca Argentina de Filosofía. Club dLectores. Buenos Aires.	Complementaria	25	0		
Filosofia de la Educación	Primer semestre 	Jasper, K. (1970) La Filosofía. Fondo de cultura económica. México.	Complementaria	25	0		
Filosofia de la Educación	Primer semestre 	Freire, Paulo (2015) Pedagogía de los sueños posibles. Siglo XXI editores. Argentina	Complementaria	25	0		
Comprensión lectora	Primer semestre	CASSANY, DANIEL (1997) Enseñar Lengua. Barcelona: Graó (Páginas 313 a 396).	Obligatoria	30	1	14244	
Comprensión lectora	Primer semestre	CONDEMARÍN MABEL (1990) La enseñanza de la escritura: bases teóricas y prácticas (manual)Visor Distribuciones S.A, Madrid.(Página 196 a 211).	Obligatoria	30	1	12841	
Comprensión lectora	Primer semestre	PÉREZ RIFO MÓNICA (2001) Claves para la conexión textual. Ediciones Universidad Católica de Chile. (Páginas 62 a 127).	Obligatoria	30	1	15771	
Comprensión lectora	Primer semestre	 Diccionario Real Academia Española, ubicado en: www.rae.es.	Complementaria	30	29	4152-16264	
Electivo I :Estrategias para educar a través de las emociones.	Primer semestre	Alberto Ivern. El arte del mimo, Ediciones Novedades Educativas, 2004.	Obligatoria	15	1	26601	
Electivo I :Estrategias para educar a través de las emociones.	Primer semestre	Ullúa, J. (2008). Volver a jugar en el jardín: Una visión de educación infantil natural personalizada. HomoSapiens. ISBN: 978-950-808-549-8.	Obligatoria	15	2	26580	
Electivo I :Estrategias para educar a través de las emociones.	Primer semestre	Ullúa, J. (2008). Volver a jugar en el jardín: Una visión de educación infantil natural personalizada. HomoSapiens. ISBN: 978-950-808-549-8.	Obligatoria	15	2	26580	
Electivo I :Estrategias para educar a través de las emociones.	Primer semestre	Lavilla P. Taller de cuenta cuentos, Alba Editorial, 2012.	Complementaria	15	0		
Historia y Fundmanetos de la Educación Parvularia.	Primer semestre	Chateau, Jean, (2017). Los grandes pedagogos, fondos de la cultura económica, México (370 Ch492 2017)	Obligatoria	30	3	28283	
Historia y Fundmanetos de la Educación Parvularia.	Primer semestre	Malaguzzi, Loris, (2011). La educación Infantil en Reggio Emilia, Rossa sensat, Barcelona  (371.3 M236 2011 (3a.ed.))	Obligatoria	30	6	24670	
Historia y Fundmanetos de la Educación Parvularia.	Primer semestre	Peralta Espinosa, María Victoria. (2008). “Innovaciones Curriculares en Educación Infantil avanzando a propuestas     Postmodernas”. Santiago, Chile, Editorial Trillas.	Obligatoria	30	1	25365	
Historia y Fundmanetos de la Educación Parvularia.	Primer semestre	Peralta Espinosa, María Victoria.  (2006). “Cien años de Educación Parvularia en el sistema público”.	Obligatoria	30	3	25739	
Historia y Fundmanetos de la Educación Parvularia.	Primer semestre	Peralta Espinosa, María Victoria. (2002) “Una Pedagogía de las Oportunidades: Nuevas ventanas para los párvulos latinoamericanos del siglo XXI”. Santiago, Chile. Editorial Andrés Bello. (370.1 P427 2007)	Obligatoria	30	3	21944	
Historia y Fundmanetos de la Educación Parvularia.	Primer semestre	Red Territorial de Educación Infantil de Cataluña. (2006). “La Educación de 0 a 6 años hoy”.  Editorial Ediciones Octaedro.	Complementaria	30	4	25372	
Psicología del desarrollo y el aprendizaje.	Primer semestre	Gutierrez, F (1993). Orientacion y Desarrollo Afectivo. Coprim. Chile.	Obligatoria	25	2	2135	
Psicología del desarrollo y el aprendizaje.	Primer semestre	Papalia, Diane (2009). Psicologia del desarrollo, de la infancia a la adolescencia. Santa Fe de Bogotá, Mc Graw-Hill 155.0202 P213p.	Obligatoria	25	8	4748-23143	
Psicología del desarrollo y el aprendizaje.	Primer semestre	Sharp, Margaret (1978) Psicologia del Aprendizaje Infantil. opetusz, Buenos Aires.	Obligatoria	25	1	1933	
Psicología del desarrollo y el aprendizaje.	Primer semestre	Travers, Robert (1976). Fundamentos del Aprendizaje. Edición Abierta, Santillana, Madrid.	Obligatoria	25	3	1842	
Psicología del desarrollo y el aprendizaje.	Primer semestre	Suarez, M, (1998). Familia y valores. Escuela para padres, la hora del encuentro. Editorial Magisterio. Bogotá	Complementaria	25	4	22613	0
Psicología del desarrollo y el aprendizaje.	Primer semestre	Ruz, J. (2003). Convivencia escolar y calidad de educación. Ministerio de educación. Chile.	Complementaria	25	4	18517	0
Puericultura	Primer semestre	A. Banfi, J. C. (1990). Enfermedades infecciosas en Pediatría. Santiago: Mediterránea.	Obligatoria	25	1	14808	
Puericultura	Primer semestre	B., C. G. (1990). Salud familia: un modelo de atención integral en atención primaria. Santiago, Chile: Universidad de Chile.	Obligatoria	25	1	16490	
Puericultura	Primer semestre	Brower, W. y. (1987). Aprendiendo a Promover la salud. OPS.	Obligatoria	25	0		
Puericultura	Primer semestre	Gallardo, J. R. (1997). Sexualidad adolecente: un desafío para la sociedad chilena. Santiago, Chile: Biblioteca nacional de Chile.	Obligatoria	25	1	15924	
Puericultura	Primer semestre	J.L Pedreira, J. T. (1997). Puericultura, vulnerabilidad y problemas comunes de la maduración de los niños: actitudes educativas. Barcelona: Laertes.	Obligatoria	25	1	12625	
Puericultura	Primer semestre	Joaquín Collabed, F. M. (1995). Salud en la escuela y en la guardería, aspectos biológicos, psicológicos y sociales . Barcelona : Laertes.	Obligatoria	25	1	13237	
Puericultura	Primer semestre	Juan José Pereda, U. A. (1996). Atención Primaria en Salud en Chile, de consultorio a Centro de salud. Una transformación estratégica. Concepción: Cosades.	Obligatoria	25	2	10424	
Puericultura	Primer semestre	L.Testut, A. L. (1991). Compendio de anatomía descriptiva. Barcelona : Salvat.	Obligatoria	25	8	380-25128	
Puericultura	Primer semestre	M. Labbok, A. P. (1994). Lactancia para la madre y el niño. Santiago, Chile: Mediterraneo.	Obligatoria	25	1	8210	
Puericultura	Primer semestre	Pedro Uribe C., H. L. (1974). Atención Médica en Emergencia. Santiago: Universitaria.	Obligatoria	25	2	8835	
Puericultura	Primer semestre	Santiago Rosales, L. M. (1996). Primeros Auxilios: Atlas práctico de urgencias médicas. Madrid: Cultural	Obligatoria	25	6	8560	
Sociología Educacional	Primer semestre	De Azevedo, Fernando (2013) Sociología de la Educación. Fondo de Cultura Económica. Colección de Humanidades. 306.43 A994	Obligatoria	25	6	21629	
Sociología Educacional	Primer semestre	Garreton, Manuel Antonio (2000) La sociedad en que vivi(re)mos. Introducción a la Sociología en el cambio de siglo. LOM Ediciones, Santiago, Chile. (Unidad Uno).	Obligatoria	25	0		
Sociología Educacional	Primer semestre	Poema de N.Parra Autorretrato. Unidad dos.	Obligatoria	25	1	3507	
Sociología Educacional	Primer semestre	Banks, Olive (1983) Aspectos sociológicos de la educación. NARCEA S.A. DE Ediciones. Madrid.	Complementaria	25	1	20141	0
Sociología Educacional	Primer semestre	Bonal, Xavier (1998) Sociología de la Educación. Paidos Espasa Libros, S.L.U. España.	Complementaria	25	0		
Sociología Educacional	Primer semestre	Bourdieu, P. (2003) Capital cultural, escuela y espacio social. Editorial Siglo XXI, Argentina.	Complementaria	25	0		
Sociología Educacional	Primer semestre	Bourdieu, P y Passeron, J.C. (2003) Los Herederos: los estudiantes y la cultura. Editorial Siglo XXI, Buenos Aires.	Complementaria	25	0		
Sociología Educacional	Primer semestre	Bunge, Mario (1993) Sociología de la Ciencia. Editorial Siglo XXI, Argentina.	Complementaria	25	0		
Sociología Educacional	Primer semestre	Bunge, Mario (1992) La ciencia, su método y su filosofía. Editorial Siglo XXI, Buenos Aires.	Complementaria	25	8	2939	
Sociología Educacional	Primer semestre	Chinoy, E. (1974) Introducción a la Sociología. Editorial Paidos, Argentina.	Complementaria	25	20	18786-2080	
Sociología Educacional	Primer semestre	Corcuff, Philippe (2014) Las Nuevas Sociologías. Principales corrientes y debates, 1980-2010. Siglo veintiuno editores, Argentina.	Complementaria	25	0		
Sociología Educacional	Primer semestre	Durkheim, Emile (1997) La Educación Moral. Editorial Losada. Buenos Aires.	Complementaria	25	1	10655	
Sociología Educacional	Primer semestre	Durkheim, Emile (2006) Las reglas del método sociológico. Centro Editor de Cultura. Argentina.	Complementaria	25	0		
Sociología Educacional	Primer semestre	Garretón,  Manuel  Antonio  (2000)  La  sociedad  en  que  vivi(re)mos.	Complementaria	25	0		
Sociología Educacional	Primer semestre	Introducción sociológica al cambio de siglo. LOM Ediciones, Chile.	Complementaria	25	0		
Sociología Educacional	Primer semestre	González-Anleo, Juan (1991) Para comprender la Sociología. (Cap. 5) Editorial Verbo Divino, Navarra, España.	Complementaria	25	0		
Sociología Educacional	Primer semestre	Moreno B. Ernesto (1989) Manual de Introducción a la Sociología. C.P.U. Santiago, Chile.	Complementaria	25	0		
Sociología Educacional	Primer semestre	Tirado Benedi, Domingo (1967) Sociología de la Educación. Fernández Editopress, S.A. México.	Complementaria	25	0		
Sociología Educacional	Primer semestre	Wrigth Mills, Charles (1986) La imaginación sociológica. Fondo de cultura económica, Santiago.	Complementaria	25	0		
Educación para la plástica y desarrollo creativo del párvulo.	Segundo semestre	Baumgart, F. (1991). Historia del arte. Barcelona: Ediciones del Serbal.	Obligatoria	30	1	11046	
Educación para la plástica y desarrollo creativo del párvulo.	Segundo semestre	Gombrich, E. H. (1992). Historia del arte. Madrid: Alianza.	Obligatoria	30	1	11046	
Educación para la plástica y desarrollo creativo del párvulo.	Segundo semestre	Judith Akoschky, E. B. (1999). Arte y escuela: Aspectos curriculares y didácticos de la educación artística. Buenos Aires: Paidós.	Obligatoria	30	0		
Educación para la plástica y desarrollo creativo del párvulo.	Segundo semestre	Ministerio de Educación (2018) Orientaciones para la Elaboración del Plan de Formación. Gobierno de Chile. Alameda 1371, Santiago.	Obligatoria	30	0		
Educación para la plástica y desarrollo creativo del párvulo.	Segundo semestre	Olga morales, A. R. (1986). Artes plásticas: Sugerencias metodológicas. Santiago: Universitaria	Obligatoria	30	3	2033	
Educación para la plástica y desarrollo creativo del párvulo.	Segundo semestre	Museo Chileno de Arte Moderno. (1999). Artes visuales hoy: Chile. Santiago: Universitaria.	Complementaria	30	1	7862	0
Fundamentos  del currículo	Segundo semestre	Becker, J., Reid, K., Steinhaus, P y Wieck, P. (2000). Un currículo abierto, flexible, creativo y divertido para 3-6 años. Madrid: Ediciones Narcea.	Obligatoria	30	1	11594	
Fundamentos  del currículo	Segundo semestre	Dewey, J. (1997). Democracia y Educación; Una introducción a la filosofía de la educación. Madrid: Ediciones Morata.	Obligatoria	30	5	12497	
Fundamentos  del currículo	Segundo semestre	Lavanchy, S., Susuki, E. (1997). El currículo congnitivo y su aporte en el niño chileno. Chile: Universidad Católica de Chile.	Obligatoria	30	4	10336	
Fundamentos  del currículo	Segundo semestre	Peralta, M. (1996). El currículo en el Jardín Infantil: un análisis crítico. Chile: Editorial Andrés Bello.	Obligatoria	30	6	2356	
Fundamentos  del currículo	Segundo semestre	Torres, J. ( 1996 ). El curriculum oculto. Madrid: Ediciones Morata	Obligatoria	30	1	10888	
Fundamentos  del currículo	Segundo semestre	Malagón, L., Rodríguez, L y Ñáñez, J. (2019). El currículo: Fundamentos teóricos y prácticos. Colombia.	Complementaria	30	0		
		Ilabaca, J. S. (2000). Informática Educativa. Santiago: Editorial Universitaria.	Obligatoria	25	0		
		Borrego, C. (1995). Cultura Audiovisual, Cultura Escolar. España: Universidad de Sevilla.	Obligatoria	25	1	17120	
		Bartolomé, A. (1999). Nuevas Tecnologías en el Aula, Barcelona: Grao	Obligatoria	25	1	14228	
		Arenas, A. C. (2005). Mapas Conceptuales, Mapas Mentales- y otras Formas de Representación del Conocimiento. Bogotá: Editorial Magisterio.	Complementaria	25	2	21585	
		Boggino, N. (2006). Cómo Elaborar mapas Conceptuales -Aprendizaje significativo y globalizado. Rosario: Homo Sapiens Ediciones.	Complementaria	25	5	21018	
Nutrición del párvulo.	Segundo semestre	Cecilia Albala, R. B. (2000). Obesidad, un desafío pendiente. santiago, Chile: Universitaria.	Obligatoria	25	1	15866	
Nutrición del párvulo.	Segundo semestre	Celedón, J. M. (1983). Nutrición e Inteligencia del Niño. Santiago: Universidad de Chile.	Obligatoria	25	1	1171	
Nutrición del párvulo.	Segundo semestre	Manuel Ruz, H. A. (1996). Nutrición y Salud. Santiago, Chile: Universidad de Chile.	Obligatoria	25	1	8954	
Nutrición del párvulo.	Segundo semestre	Périn, J. D. (1964). La Obesidad. Buenos Aires: Eudeba.	Obligatoria	25	1	20412(PASIVO)	
Nutrición del párvulo.	Segundo semestre	Ruz, M. (1996). Nutrición y Alimentación Humana. Santiago: Universidad de Chile.	Obligatoria	25	0		
Nutrición del párvulo.	Segundo semestre	Verdú, M. J. (2002). Nutrición y Alimentación Humana. Barcelona : Oceano.	Obligatoria	25	2	21432	
Nutrición del párvulo.	Segundo semestre	Celedón, José miguel (1983) Nutrición e inteligencia en el niño, Santiago Universidad de Chile.	Complementaria	25	1	1171	0
Optativo I Diversidad e inclusión.	Segundo semestre	Guía de lenguaje inclusivo de género.	Obligatoria	15	0		
Optativo I Diversidad e inclusión.	Segundo semestre	Uso de lenguaje inclusivo. Persona en situación de discapacidad.	Obligatoria	15	0		
Optativo I Diversidad e inclusión.	Segundo semestre	Guía ilustrada para una comunicación sin estereotipos de género.	Obligatoria	15	0		
Optativo I Diversidad e inclusión.	Segundo semestre	Revista latinoamericana de educación inclusiva. Santiago, Chile: Escuela de Educación Diferencial. Facultad de Humanidades. Universidad Central de Chile, 2007.	Complementaria	15	VOL.1 ; N 1		
Optativo I Diversidad e inclusión.	Segundo semestre	Educación Siglo XXI: Nuevos retos, nuevas soluciones. Capítulo: Educación e Inclusión en tiempos de Pandemia. Pág. 146. ISBN: 978-84-1377-858-7. Madrid-2021	Complementaria	15	0		
Optativo I Diversidad e inclusión.	Segundo semestre	Uso de lenguaje inclusivo. Persona en situación de discapacidad.	Complementaria	15	0		
Optativo I Diversidad e inclusión.	Segundo semestre	Guía de actuación: Recomendaciones para mujeres que viven violencia en situación de permanencia domiciliaria derivada del estado de alerta sanitaria por COVID 19	Complementaria	15	0		
Optativo I Emociones y sentimientos a través del arte.	Segundo semestre	Comella, A (2000). Acuarelas.Barcelona: Parramón.	Obligatoria	15	3	15620	
Optativo I Emociones y sentimientos a través del arte.	Segundo semestre	Comamalas, J (1998). Pintando a la acuarela. Barcelona: CEAC.	Obligatoria	15	1	14513	
Optativo I Emociones y sentimientos a través del arte.	Segundo semestre	Wolf, Rachel, Idea Books (1990) Curso básico de técnicas de dibujo y pintura. Barcelona: Idea Books.	Obligatoria	15	6	14792	
Optativo I Emociones y sentimientos a través del arte.	Segundo semestre	Parramon (1998). Ejercicios Parramon. Barcelona: Parramon.	Complementaria	15	3	1228	0
Prática de observación  y ayudantia.	Segundo semestre	Britton, Lesley. (2000). “Jugar y aprender con el método Montessori”. Editorial Paidós.	Obligatoria	30	1	25370	
Prática de observación  y ayudantia.	Segundo semestre	Chateau, Jean. (2017). Los grandes pedagogos: Estudios realizados bajo la dirección de Jean Chateau. Editorial Fondo de Cultura Económica.	Obligatoria	30	3	28283	
Prática de observación  y ayudantia.	Segundo semestre	Malajovich, Ana. (2006). Experiencias y reflexiones sobre Educación Inicial. Editorial Siglo XXI, Argentina.	Obligatoria	30	2	23035	
Prática de observación  y ayudantia.	Segundo semestre	Peralta Espinosa, María Victoria. (2008). “Innovaciones Curriculares en Educación Infantil, avanzando a propuestas postmodernas. México. Editorial Trillas.	Obligatoria	30	1	25365	
Prática de observación  y ayudantia.	Segundo semestre	Porstein, A. (2016.) Cuerpo, juego y movimiento en el nivel inicial: Propuestas de educación física y expresión corporal, Homo Sapiens Ediciones.	Obligatoria	30	3	26583	
Prática de observación  y ayudantia.	Segundo semestre	Peralta, M. (1999).  El currículo en el jardín infantil : (Un análisis crítico), Santiago, Chile; Andrés Bello.	Complementaria	30	6	2356	
Producción de texto escrito.	Segundo semestre	Ferreiro, E y Gómez, M., (2002), Nuevas Perspectivas sobre los Procesos de Lectura y Escritura, Edit. Siglo XXI, México.	Obligatoria	30	0		
Producción de texto escrito.	Segundo semestre	Vivaldi, M., (2006), Curso de Redacción: Teoría y Práctica de la Composición y del Estilo. Thompson – Paraninfo, Madrid. Nº de Pedido UDA: (465 M379 )	Obligatoria	30	4	21511	
Producción de texto escrito.	Segundo semestre	Rodríguez, G., (1983), Didáctica de la Lengua Materna. Universidad Austral de Chile, Valdivia.	Obligatoria	30	1	1465	
Producción de texto escrito.	Segundo semestre	Cuervo, R.J., (1998), Diccionario de Construcción y Régimen de la Lengua Castellana. Herder, Barcelona. Nº de Pedido UDA: (R 465.03 C956)	Obligatoria	30	8	12093	
Producción de texto escrito.	Segundo semestre	Fuentes, J. L., (2001), Gramática Moderna de la Lengua Española, 10ª edic., M. Fernández y Cía., S.A., Madrid, Nº de Pedido UDA: (465 F954)	Obligatoria	30	1	4382	
Producción de texto escrito.	Segundo semestre	Neneca, P. y Cabrera, A. (2002), Lenguaje y Comunicación, Editorial CEC, SA, Caracas	Complementaria	30	0		
Producción de texto escrito.	Segundo semestre	Sánchez Pérez, A., Redacción Avanzada. (2001) Thomson Learning, MéxicoNº de Pedido UDA: (465 S211r)	Complementaria	30	2	18901	0
Psicología del desarrollo y el aprendizaje para la primera infancia I.	Segundo semestre	Faw, Terry (1988). Psicología del niño: Teoría y 488 problemas resueltos. Serie Schaum. Ed. Mc Graw Hill. - No. Pedido UDA 155.4 F278	Obligatoria	25	2	4850	
Psicología del desarrollo y el aprendizaje para la primera infancia I.	Segundo semestre	Kail, Robert V. y Cavanaugh, John C. (2006). Desarrollo humano: Una perspectiva del ciclo vital. Tercera edición. Ed. Thomson. - No. Pedido UDA 303.4 K13	Obligatoria	25	1	21343	
Psicología del desarrollo y el aprendizaje para la primera infancia I.	Segundo semestre	Papalia, Diane E.; Olds, Wendkos Sally; Feldman, Duskin Ruth (2009). Psicología del desarrollo. Undécima edición. Ed. Mc.Graw Hill. - No. Pedido UDA 155.0202 P213p C.3	Complementaria	25	8	4748-23143	
Psicología del desarrollo y el aprendizaje para la primera infancia I.	Segundo semestre	Hoffman, Lois; Paris, Scott, Hall Elizabeth (1996). Psicología del desarrollo hoy. Sexta edición. Ed. Mc. Graw Hill. - No. Pedido UDA 155.4 F278	Complementaria	25	18	162	
Psicología del desarrollo y el aprendizaje para la primera infancia I.	Segundo semestre	Vidal, Lucena Margarita y Diaz, Curiel Juan (2002). Atención temprana: Guía práctica para la estimulación del nino de 0 a 3 años. Quinta edición. Ed. Cepe, Madrid, Espana Hill. Hill - No. Pedido UDA 155.4 V649	Complementaria	25	3	15705	0
Psicología del desarrollo y el aprendizaje para la primera infancia I.	Segundo semestre	Craig, Grace J. (1992). Desarrollo Psicológico. Ed. Pretince Hall Hispano Americana S.A. - No. Pedido UDA 155.7 C886	Complementaria	25	5	10991-5041	
Psicología del desarrollo y el aprendizaje para la primera infancia I.	Segundo semestre	Desarrollo cognitivo, motor y psicomotor en la infancia (Apunte de clases en plataforma).	Complementaria	25			
Comunicación oral 	Tercer semestre	REAL ACADEMIA ESPAÑOLA. (2004), Gramática de la Lengua Española, Madrid: Espasa  Calpe.  	Obligatoria	25	7	4267	
Comunicación oral 	Tercer semestre	FUENTES, JUAN LUIS, (1980), Comunicación estudio del Lenguaje, Madrid: M. Fernández y Cía., S.A. 	Obligatoria	25	4	8173	
Comunicación oral 	Tercer semestre	CONDEMARÍN, MABEL Y MEDINA, ALEJANDRA, (1998), Lenguaje Integrado II, Santiago: Ministerio de Educación de Chile. 	Obligatoria	25	1	13414	
Comunicación oral 	Tercer semestre	FUENTES, JUAN LUIS, (2001), Gramática Moderna de la Lengua Española, 10ª edic., Madrid:  M. Fernández y Cía., S.A	Complementaria	25	1	4382	
Comunicación oral 	Tercer semestre	CONDEMARÍN, MABEL y MEDINA, ALEJANDRA, (2000),  Evaluación de los Aprendizajes, Santiago: Ministerio de Educación de Chile. 	Complementaria	25	1	16918	0
		Peralta, M. (2017). Construyendo currículos posmodernos en la educación inicial latinoamericana. Homo Sapiens Ediciones.	Obligatoria	25	3	28288	
Producción de texto escrito.	Segundo semestre	Pitluk, L. (2016). Las prácticas actuales en la educación inicial: Sentidos y sinsentidos. Posibles líneas de acción. La sutoridad, las sanciones y los límites. El trabajo sobre lo grupal. La especialidad del trabajo en las salas. Homo Sapiens Ediciones. ISBN: 978-950-808-726-3	Obligatoria	25	0		
Producción de texto escrito.	Segundo semestre	Ávalos Ordenes V, Collao Jofré D. (2020). Material Educativo: Componentes de la planificación.	Complementaria	25	0		
		Román, M. (2001). Diseños curriculares de aula: un modelo de planificación como aprendizaje-enseñanza. Buenos Aires: Novedades Educativas.	Complementaria	25	2	16653	0
		Tobón, S. (2006). Formación basada en competencias. Bogotá: Ecoe Ediciones.	Complementaria	25	4	21413	
Educación para la motricidad y autonomía del párvulo.	Tercer semestre	Mateu, M. (1999). 1000 ejercicios y juegos aplicados a las actividades corporales de expresión. (4.ed.). Barcelona, España: Edit. Paidotribo.	Obligatoria	25	4	6398	
Educación para la motricidad y autonomía del párvulo.	Tercer semestre	Stokoe, P. & Schächter, A. (1991). La Expresión Corporal. (2.ed.). Barcelona, España: Edit. Paidos.	Obligatoria	25	1	1717	
Educación para la motricidad y autonomía del párvulo.	Tercer semestre	Del Moral, A. (1994). Aprendizaje y Desarrollo Motor. (1.ed.). Madrid, España: Edit. Universidad de Alcalá España.	Obligatoria	25	1	9814	
Educación para la motricidad y autonomía del párvulo.	Tercer semestre	Comellas,Maria Jesús (1984) La psicomotricidad en el preescolar, Barcelona	Complementaria	25	2	4902	
Educación para la motricidad y autonomía del párvulo.	Tercer semestre	Armaíz sanchez,Pilar coaut (1999)Psicomotricidad : fundamentos teóricos aplicables en la práctica, Madrid	Complementaria	25	2	15615	
Educación y promoción de la salud del párvulo.	Tercer semestre	A. Banfi, J. C. (1990). Enfermedades infecciosas en Pediatría. Santiago: Mediterranea.	Obligatoria	25	1	14808	
Educación y promoción de la salud del párvulo.	Tercer semestre	A. Banfi, J. C. (1990). Enfermedades infecciosas en Pediatría. Santiago: Mediterranea.	Obligatoria	25	1	14808	
Educación y promoción de la salud del párvulo.	Tercer semestre	Helena E. Restrepo, H. M. (2001). Promoción de la Salud: como construir vida saludable. Bogotá: Médica Panamericana .	Obligatoria	25	2	21095	
Educación y promoción de la salud del párvulo.	Tercer semestre	Jiménez, E. O. (1988). La salud y el consumo: nuevos enfoques del currículum en ciencias. Madrid: Narcea .	Obligatoria	25	1	13186	
Educación y promoción de la salud del párvulo.	Tercer semestre	Joaquín Callabed, M. C.-T. (1995). La prevención de accidentes infantiles: primeros auxilios . Barcelona: Laertes .	Obligatoria	25	1	12685	
Educación y promoción de la salud del párvulo.	Tercer semestre	Joaquín Callabet, F. M. (1995). La salud en la escuela y la guardería: aspectos biológicos, psicológicos y sociales. Barcelona: Laertes .	Obligatoria	25	1	13237	
Educación y promoción de la salud del párvulo.	Tercer semestre	Rodríguez, P. (1994). Prevención de accidentes y primeros auxilios . Santiago: Andres Bello.	Obligatoria	25	2	6318	
Educación y promoción de la salud del párvulo.	Tercer semestre	Santiago Rosales, L. M. (1996). Primeros Auxilios: Atlas práctico de urgencias médicas. Madrid: Cultural.	Obligatoria	25	2	8560	
Producción de texto escrito.	Segundo semestre	Teleduc. (1997). Educación y salud, tres niveles de intervención para una escuela saludable . Santiago: Pontificia Universidad católica de Chile.	Obligatoria	25	0		
Electivo II Educación ciudadana.	Tercer semestre	Borone L. R. (2001) Valores y derechos para un nuevo modelo de convivencia tomo 1 y 2. Buenos Aires: Dasa.	Obligatoria	15	0		
Electivo II Educación ciudadana.	Tercer semestre	Cerda Díaz, Leonor (2007) Metodología de trabajo con las niñas y niños preescolares: Segundo ciclo de Educación Parvularia (3 a 6 años). Chile: Editorial Mataquito, 2007	Obligatoria	15	4	24633	
Electivo II Educación ciudadana.	Tercer semestre	Ministerio de Educación (2018) Orientaciones para la Elaboración del Plan de Formación. Gobierno de Chile. Alameda 1371, Santiago.	Obligatoria	15	0		
Evaluación para el aprendizaje.	Tercer semestre	Ballester, M. y Otros (2000). Evaluación como ayuda para el aprendizaje. Barcelona: Graó.  [Colección de Humanidades, Nº clasificación 371.27 E92ec]	Obligatoria	30	1	15007	
Evaluación para el aprendizaje.	Tercer semestre	San Martí N. (2007) Diez ideas claves. Evaluar para aprender. Barcelona: Grao	Obligatoria	30	0		
Evaluación para el aprendizaje.	Tercer semestre	Stobart G. (2010) Tiempos de pruebas: los usos y abusos de la evaluación. Madrid: Ediciones Morata S.L [Colección de Humanidades, Nº clasificación 371.27 S919]	Obligatoria	30	4	24516	
Evaluación para el aprendizaje.	Tercer semestre	Castilla S. (Coord.) (2008) Compromisos de la evaluación educativa. Madrid: Pearson Educación. [Colección de Humanidades, Nº clasificación 371.27 C737]	Complementaria	30	1	21641	
Evaluación para el aprendizaje.	Tercer semestre	Monereo C. (Coord.) (2009) Pisa como excusa. Repensar la evaluación para cambiar la enseñanza. Barcelona:Graó [Colección de Humanidades, Nº clasificación 372.41 P673]	Complementaria	30	2	24626	0
Evaluación para el aprendizaje.	Tercer semestre	Perrenaud P. (1990) La construcción del éxito y del fracaso escolar: Hacia un análisis del éxito, del fracaso y de las desigualdades como realidades construidas por el sistema escolar. Madrid: Ediciones Morata S.L [Colección de Humanidades, Nº clasificación 371.28 P455 ]	Complementaria	30	1	12066	0
Evaluación para el aprendizaje.	Tercer semestre	Taut S., Cortés F., Sebastian C. y Preiss D. (2009) Evaluating school and parent reports of the national student achievement testing system (SIMCE) in Chile: Access, comprehension, and use. Evaluation and Program Planning, (32) pp. 129-137	Complementaria	30	0		
Psicología del desarrollo y el aprendizaje para la 1ra  infancia II	Tercer semestre	Faw, Terry (1988). Psicología del niño: Teoría y 488 problemas resueltos. Serie Schaum. Ed. Mc Graw Hill. - No. Pedido UDA 155.4 F278	Obligatoria	25	2	4850	
Psicología del desarrollo y el aprendizaje para la 1ra  infancia II	Tercer semestre	Kail, Robert V. y Cavanaugh, John C. (2006). Desarrollo humano: Una perspectiva del ciclo vital. Tercera edición. Ed. Thomson. - No. Pedido UDA 303.4 K13	Obligatoria	25	1	21343	
Psicología del desarrollo y el aprendizaje para la 1ra  infancia II	Tercer semestre	Papalia, Diane E.; Olds, Wendkos Sally; Feldman, Duskin Ruth (2009). Psicología del desarrollo. Undécima edición. Ed. Mc.Graw Hill. - No. Pedido UDA 155.0202 P213p C.3	Obligatoria	25	8	23143	
Psicología del desarrollo y el aprendizaje para la 1ra  infancia II	Tercer semestre	Hoffman, Lois; Paris, Scott, Hall Elizabeth (1996). Psicología del desarrollo hoy. Sexta edición. Ed. Mc. Graw Hill. - No. Pedido UDA 155.4 F278	Complementaria	25	18	162	
Psicología del desarrollo y el aprendizaje para la 1ra  infancia II	Tercer semestre	Vidal, Lucena Margarita y Diaz, Curiel Juan (2002). Atención temprana: Guía práctica para la estimulación del nino de 0 a 3 años. Quinta edición. Ed. Cepe, Madrid, Espana Hill. Hill - No. Pedido UDA 155.4 V649	Complementaria	25	3	15705	0
Psicología del desarrollo y el aprendizaje para la 1ra  infancia II	Tercer semestre	Craig, Grace J. (1992). Desarrollo Psicológico. Ed. Pretince Hall Hispano Americana S.A. - No. Pedido UDA 155.7 C886	Complementaria	25	5	5041-10991	
Psicología educacional.	Tercer semestre	Coll, Marchesi y Palacios (1995). Desarrollo Psicológico y Educación. Editorial Alianza.	Obligatoria	25	10	22513	
Psicología educacional.	Tercer semestre	Good, T, L. y Brophy J(1986). Psicología Educativa contemporánea, Edit Mc Graw Hill, Mexico.	Obligatoria	25	6	10887	
Psicología educacional.	Tercer semestre	Henson, K. (2000). Psicología Educativa para la enseñanza eficaz. México: International Thomson Edits.	Obligatoria	25	2	21829	
Psicología educacional.	Tercer semestre	Loughlin C.E. y otro (1990); El ambiente de aprendizaje: Diseño y Organización; edit. Morata, Madrid.	Obligatoria	25	2	11882	
Psicología educacional.	Tercer semestre	Alvares A (1987). Psicología y educación. Realizaciones y tendencias actuales en la investigación y en la práctica: axtas de las II jornadas internalizaciones de psicología y educación. Visor, Madrid.	Complementaria	25	1	14607	
Psicología educacional.	Tercer semestre	Arauyo Joâo B y otro; (1993) Tecnología Educacional, edit. Paidós, Barcelona.	Complementaria	25	1	13136	0
Psicología educacional.	Tercer semestre	Aususbel D. (1998): Psicologia Educativa, Trillas; México.	Complementaria	25	1	13032	
Psicología educacional.	Tercer semestre	Daud B.; Grahome F (1998); The Challenge of Problem Based Learning, Edit. Kage Page, USA.	Complementaria	25	2	11795	0
Psicología educacional.	Tercer semestre	Gardner H. (1995) Estructura de la mente: La teoría de las inteligencias múltiples, Ed. Fondo de cultura económica, México.	Complementaria	25	0		
Psicología educacional.	Tercer semestre	Hagarty S.; Pocklington K (1989); Programas de Integración: Estudio de caso de integración de alumnos con necesidades especiales; Edit Siglo XXI de España; España.	Complementaria	25	1	12262	0
Psicología educacional.	Tercer semestre	Klinger C. (2000): Psicología cognitiva McGraw-Hill, Mexico.	Complementaria	25	1	16080	0
	Cuarto semestre	Albert, L. S. (1991). Las relaciones interpersonales: Manual del animador. Barcelona: Herder.	Obligatoria	30	1	13072	
		Alejandro López, A. P. (1995). Introducción a la psicología de la comunicación : textos y ejercicios. Santiago, Chile : Universidad Católica de Chile.	Obligatoria	30	4	2868	
		D. Novara, E. P. (2007). Educación socioafectiva : 150 actividades para conocerse, comunicarse y aprender de los conflictos. Madrid: Narcea .	Obligatoria	30	1	22635	
		Goleman, D. (1996). La inteligencia emocional. Buenos Aires : Javier Vergara.	Obligatoria	30	4	9007-27107	
		Segal, J. (1998). Su inteligencia emocional : Aprenda a incrementarla y a usarla. Barcelona : Grijalbo.	Obligatoria	30	1	9967	
		Sergio Rulicki, M. C. (2007). CNV - Comunicación No-Verbal : cómo la inteligencia emocional se expresa a través de los gestos. Buenos Aires, Argentina : Ediciones Granica.	Obligatoria	30	3	22758	
		Steiner, C. P. (1998). La educacion emocional. Buenos Aires: Javier Vergara	Obligatoria	30	1	11153	
		Stevens, J. O. (1988). El darse cuenta : Sentir, imaginar, vivenciar. Santiago, Chile: Cuatro Vientos.	Obligatoria	30	3	8967-25111	
		Abarca Melo, Nureya (2012) Inteligencia emocional en el liderazgo, Santiago de Chile.	Complementaria	30	8	23988	
Educación del Desarrollo a las Artes musicales.	Cuarto semestre	Hemsy. Violeta (2000) “Problemática actual y perspectivas de la educación musical para el siglo XXI”.	Obligatoria	25	0		
Educación del Desarrollo a las Artes musicales.	Cuarto semestre	Sánchez,  Ortega, Paula (2001) La Musicalización ciudadana, un reto del educador musical en el contexto latinoamericano y caribeño. Cuba.	Obligatoria	25	0		
Educación del Desarrollo a las Artes musicales.	Cuarto semestre	C. Talero-Gutiérrez, J.G. Zarruk-Serrano, A. Espinosa-Bode (2004) Percepción musical y funciones cognitivas rev neurol.	Obligatoria	25	0		
Educación del Desarrollo a las Artes musicales.	Cuarto semestre	Shapiro, Lawrence E. (1997) La Inteligencia emocional de los niños. México. Vergara Editor, S.A.	Obligatoria	25	1	11449	
Educación del Desarrollo  de las Artes escénicas.	Cuarto semestre	Cañal, Santos, F., y Cañal, Ruiz, C. (2001). Música, danza y expresión corporal en educación infantil y primaria, tomo 1. Estudios Gráficos Europeos, s.a.	Obligatoria	30	0		
Educación del Desarrollo  de las Artes escénicas.	Cuarto semestre	Consejo Nacional de la Cultura y las Artes. (2016). Santiago, Chile. Manual de apoyo al facilitador TALLER DE TEATRO, Protagonistas en el juego	Obligatoria	30	0		
Educación del Desarrollo  de las Artes escénicas.	Cuarto semestre	Consejo Nacional de la Cultura y las Artes. (2016). Santiago, Chile. Por qué enseñar arte y cómo hacerlo. Ograma impresores.	Obligatoria	30	0		
Educación del Desarrollo  de las Artes escénicas.	Cuarto semestre	Consejo Nacional de la Cultura y las Artes. (2016). Aportes de los lenguajes artísticos a la educación, Fichas descriptivas.	Obligatoria	30	0		
Educación del Desarrollo  de las Artes escénicas.	Cuarto semestre	García-Huidobro, H. (2016). Paso de Gato. Pedagogía teatral: metodología activa en el aula.	Obligatoria	30	0		
Educación del Desarrollo  de las Artes escénicas.	Cuarto semestre	Gubern, R. (2014). Historia del cine. Editor digital: Titivilus.	Obligatoria	30	0		
Educación del Desarrollo  de las Artes escénicas.	Cuarto semestre	Potes, R. L. (2011). Guía de trabajo para actores, alcanza tus sueños.	Obligatoria	30	0		
Educación del Desarrollo  de las Artes escénicas.	Cuarto semestre	Del Canto, Fariña. L., García-Huidobro, Valdés. M., Sedano, Solís. Ana., y Compañía La Balanza: Teatro & Educación. (2021). Santiago. Ediciones UC.	Complementaria	30	0		
Educación del Desarrollo  de las Artes escénicas.	Cuarto semestre	García Huidobro, Valdés. M., y Compañía La Balanza. (2018). Pedagogía Teatral, metodología activa en el aula. Santiago. Ediciones UC.	Complementaria	30	1	19299	0
Ética profesional	Cuarto semestre	Cembranos Pérez, C, Gallego Perez P, Cárdenas Bernat, M. (1984).La ensenánza de la ética en bachillerato y formación profesional. Madrid : Narcea.	Obligatoria	25	1	13172	
Ética profesional	Cuarto semestre	Corres Fontecilla, Pedro Pablo. (2015).Ética para educadores: ¿Cuál es el lugar de la ética en el siglo XXI. Santiago, Chile: Editorial Universitaria.	Obligatoria	25	2	27280	
Ética profesional	Cuarto semestre	Da Costa Leiva, Miguel, (1998). Introducción a la ética profesional. Universidad de Concepción. Concepción: Universidad de Concepción.	Obligatoria	25	1	13990	
Ética profesional	Cuarto semestre	Hasche Sánchez Renato. (1993). Guías de ética profesional. Antofagasta: Universidad Católica del Norte.	Obligatoria	25	2	4858	
Ética profesional	Cuarto semestre	Hernández Baqueiro, Alberto; Constante López, Alberto, (2006). Ética actual y profesional: lecturas para la convivencia global en el siglo XXI. México: Thomson.	Obligatoria	25	2	22779	
Ética profesional	Cuarto semestre	Subsecretaría de Educación Parvularia, (2019). Marco para la Buena Enseñanza de la Educación Parvularia: Referente para una práctica pedagógica reflexiva y pertinente. Chile, Santiago: Ministerio de Educación.	Complementaria	25	0		
Ética profesional	Cuarto semestre	Subsecretaría de Educación Parvularia, (2017) Orientaciones para el Buen Trato en Educación Parvularia: Hacia una práctica bientratante y protectora. Chile, Santiago: Ministerio de Educación.	Complementaria	25	0		
Evaluación para la Educación Parvularia.	Cuarto semestre	Briones, Guillermo. Evaluación educacional, 1993 Santafé de Bogotá: SECAB.	Obligatoria	25	1	1879	
Evaluación para la Educación Parvularia.	Cuarto semestre	Casanova, María Antonia, Manual de evaluación educativa, 1995. Madrid: La Muralla, S.A.	Obligatoria	25	5	1193	
Evaluación para la Educación Parvularia.	Cuarto semestre	Castillo Arredondo, Santiago. Prácticas de evaluación educativa: materiales e instrumentos, 2003, Pearson Educación S.A.	Obligatoria	25	1	21640	
Evaluación para la Educación Parvularia.	Cuarto semestre	Castillo Arredondo, Santiago, Compromisos de la evaluación educativa, 2008. España: Pearson Educación, 2008	Obligatoria	25	1	21641	
Evaluación para la Educación Parvularia.	Cuarto semestre	Cerda Gutiérrez, Hugo. 2003. La nueva evaluación educativa: Desempeño, logros, competencias y estándares, Bogotá: Cooperativa Editorial Magisterio.	Obligatoria	25	2	22346	
Evaluación para la Educación Parvularia.	Cuarto semestre	Lukas Mujika, José Francisco. Evaluación educativa, 2004. Madrid: Alianza Editorial, 2004	Obligatoria	25	1	19624	
Evaluación para la Educación Parvularia.	Cuarto semestre	Monedero Moya, Juan, Bases teóricas de la evaluación educativa, 1998 Málaga: Ediciones Aljibe.	Obligatoria	25	2	14778	
Evaluación para la Educación Parvularia.	Cuarto semestre	Pitluk, Laura, 2016. Las prácticas actuales en la educación inicial: Sentidos y sinsentidos. Posibles líneas de acción. La autoridad, las sanciones y los límites. El trabajo sobre lo grupal. Rosario : Homo Sapiens Ediciones	Obligatoria	25	3	26581	
Evaluación para la Educación Parvularia.	Cuarto semestre	Santos Guerra, Miguel Ángel. Evaluación educativa, 1996 Río de la Plata: Magisterio del Rio de la Plata	Obligatoria	25	2	8046	
Evaluación para la Educación Parvularia.	Cuarto semestre	Stobart, Gordon, Tiempos de pruebas: Los usos y abusos de la evaluación, 2010. Madrid, Ediciones Morata, S. L.	Obligatoria	25	4	24516	
Políticas educacionales	Cuarto semestre	Bohm, W., & Schiefelbein, E. (2008). Repensar la educación. Diez preguntas para mejorar la docencia. Santiago de Chile: Andrés Bello.	Obligatoria	25	1	24849	
Políticas educacionales	Cuarto semestre	Contretas Domingo, J. (2001). La autonomía del profesorado. Madrid: Moratas S.L.	Obligatoria	25	2	11653	
Políticas educacionales	Cuarto semestre	Peralta, María Victoria (2008). Innovaciones curriculares en educación infantil : Avanzado a propuesta posmoderna	Obligatoria	25	1	25365	
Políticas educacionales	Cuarto semestre	Peralta Espinosa, M. (2006). Currículos educacionales en América Latina. Santiago de Chile: Andrés Bello.	Obligatoria	25	1	8888	
Políticas educacionales	Cuarto semestre	Picazo Verdejo, P. (2007). La reforma del currículo escolar en Chile: entre tensiones creadoras y consenso necesario. Pensamiento Educativo, 313-333.	Obligatoria	25	0		
Políticas educacionales	Cuarto semestre	Cerda, L. (2007). Un siglo de Educación Parvularia en Chile. Editorial Mataquito.	Complementaria	25	0		
Políticas educacionales	Cuarto semestre	Silva Torrealba, B. (2018). Historia social de la educación chilena, ediciones Universidad Tecnológica Metropolitana	Complementaria	25	0		
Políticas educacionales	Cuarto semestre	Stainback, S., & Stainback, W. (2007). Aulas Inclusivas. Un nuevo modo de enfocar y vivir el currículo. Madrid: Narcea.	Complementaria	25	0		
Práctica de psicomotricidad.	Cuarto semestre	Jiménez , C. (2005). La inteligencia lúdica : Juego y neuropedagogía en tiempos de transformación, Bogotá : Cooperativa Editorial Magisterio. Clasif: 372.218 J61 2005	Obligatoria	30	2	24610	
Práctica de psicomotricidad.	Cuarto semestre	Mateu, M. (1999). 1000 ejercicios y juegos aplicados a las actividades corporales de expresión. (4.ed.). Barcelona, España: Edit. Paidotribo	Obligatoria	30	4	6398	
Práctica de psicomotricidad.	Cuarto semestre	Harf, R, Origlio, F, Pitluk, L. (2012).¿qué pasa con el juego en la educación Inicial? Buenos Aires. 371 Q3 2012	Obligatoria	30	2	26604	
Práctica de psicomotricidad.	Cuarto semestre	Porstein , A. (2016) Cuerpo, juego y movimiento en el nivel inicial : Propuestas de educación física y expresión corporal , Homo Sapiens Ediciones.	Obligatoria	30	3	26583	
Práctica de psicomotricidad.	Cuarto semestre	Stokoe, P. & Schächter, A. (1991). La Expresión Corporal. (2.ed.). Barcelona, España: Edit. Paidós.	Obligatoria	30	1	1717	
Práctica de psicomotricidad.	Cuarto semestre	Ullúa, J. (2008), Volver a jugar en el jardín: Una visión de educación infantil natural personalizada, Homo Sapiens Ediciones, 371 U42 2008.	Obligatoria	30	2	26580	
Práctica de psicomotricidad.	Cuarto semestre	Laura, P. Dente, L. Gonzalez, A. (2018) La centralidad del juego en la Educación Inicial: Diferentes modalidades lúdicas, Rosario, Argentina.	Complementaria	30	1	28253	
Desarrollo personal y profesional II	Quinto semestre 	Alejandro López, A. P. (1995). Introducción a la psicología de la comunicación : textos y ejercicios. Santiago, Chile : Universidad Católica de Chile.	Obligatoria	30	4	2868	
Desarrollo personal y profesional II	Quinto semestre 	D. Novara, E. P. (2007). Educación socioafectiva : 150 actividades para conocerse, comunicarse y aprender de los conflictos. Madrid: Narcea .	Obligatoria	30	1	22635	
Desarrollo personal y profesional II	Quinto semestre 	Feldman, J. R. (2005). Autoestima, cómo desarrollarla? : juegos, actividades, recursos, experiencias creativas. Madrid : Narcea.	Obligatoria	30	1	22503	
Desarrollo personal y profesional II	Quinto semestre 	Goleman, D. (1996). La inteligencia emocional. Buenos Aires : Javier Vergara,.	Obligatoria	30	4	9007-27107	
Desarrollo personal y profesional II	Quinto semestre 	Ruiz, A. (1994). Como ayudarse a uno mismo : Aplicaciones de la terapia cognitiva, para superar los problemas emocionales de la vida diaria. Santiago, Chile: San Pablo.	Obligatoria	30	2	7770	
Desarrollo personal y profesional II	Quinto semestre 	Ruiz, A. (1996). Tus problemas : el sicólogo responde. Santiago, Chile: San Pablo.	Obligatoria	30	1	10195	
Desarrollo personal y profesional II	Quinto semestre 	Segal, J. (1998). Su inteligencia emocional : Aprenda a incrementarla y a usarla. Barcelona : Grijalbo.	Obligatoria	30	1	9967	
Desarrollo personal y profesional II	Quinto semestre 	Sergio Rulicki, M. C. (2007). CNV - Comunicación No-Verbal : cómo la inteligencia emocional se expresa a través de los gestos. Buenos Aires, Argentina : Ediciones Granica.	Obligatoria	30	3	22758	
Desarrollo personal y profesional II	Quinto semestre 	Steiner, C. P. (1998). La educacion emocional. Javier Vergara: Buenos Aires.	Obligatoria	30	1	11153	
Desarrollo personal y profesional II	Quinto semestre 	Stevens, J. O. (1988). El darse cuenta : Sentir, imaginar, vivenciar. Santiago, Chile: Cuatro Vientos.	Obligatoria	30	3	25111-8967	
Desarrollo personal y profesional II	Quinto semestre 	Bonals,Joan (1996). El trabajo en equipo del profesorado, Barcelona. ttps://www.supereduc.cl/wp-content/uploads/2017/12/Última-versión_Particularidades-Educación-Parvularia_12_17_web.pdf	Complementaria	30	1	13386	0
Fundamentos de la investigación científica.	Quinto semestre 	Armando Asti Vera Metodología de la investigación.	Obligatoria	25	5	3895	
Fundamentos de la investigación científica.	Quinto semestre 	Bunge, M. (1967). La investigación científica. Barcelona: Editorial Ariel. (Capítulo 1)	Obligatoria	25	8	2921-24837	
Fundamentos de la investigación científica.	Quinto semestre 	Bunge, M. (1978). La ciencia: su método y su filosofía. Buenos Aires: Edic. Siglo XX. Pág. 9-68.	Obligatoria	25	8	2939	
Fundamentos de la investigación científica.	Quinto semestre 	Marx Wartofsrky (1973) Introducción a la filosofía de la ciencia.  Madrid: Alianza.	Obligatoria	25	1	2957	
Fundamentos de la investigación científica.	Quinto semestre 	Roberto Hernández Sampieri, Carlos Fernández Collado, Pilar Baptista Lucio Hernández Sampieri, Roberto, Baptista Lucio, Pilar, Fernández Collado, Carlos (1991) Metodología de la investigación	Obligatoria	25	34	5098-22516-25115--25859-28759	
Fundamentos de la investigación científica.	Quinto semestre 	Técnicas cualitativas de investigación social: reflexión metodológica y práctica profesional 1999. Por Valles, Miguel S.	Obligatoria	25	8	14923	
Fundamentos de la investigación científica.	Quinto semestre 	Boggino, N. (2006). Cómo Elaborar mapas Conceptuales -Aprendizaje significativo y globalizado. Rosario: Homo Sapiens Ediciones.	Complementaria	25	5	21018	
Fundamentos de la investigación científica.	Quinto semestre 	León, O. E Montero, I. (1993). Diseños de investigaciones. España: McGraw-Hill. (Capítulo 4, 5, 6, 7, 8 y 9)	Complementaria	25	0		
Fundamentos de la investigación científica.	Quinto semestre 	Rodríguez, G.; Gil, J. y García, E. (1996). Tradición y enfoques en la investigación cualitativa. México: Ediciones Aljibe, S. L. (Capítulo 2, 3 y 4)	Complementaria	25	0		
Fundamentos del desarrollo del Lenguaje	Quinto semestre 	Rodríguez, G.; Gil, J. y García, E. (1996). Tradición y enfoques en la investigación cualitativa. México: Ediciones Aljibe, S. L. (Capítulo 2, 3 y 4)	Obligatoria	25	0		
Fundamentos del desarrollo del Lenguaje	Quinto semestre 	Rodríguez, G.; Gil, J. y García, E. (1996). Tradición y enfoques en la investigación cualitativa. México: Ediciones Aljibe, S. L. (Capítulo 2, 3 y 4)	Obligatoria	25	0		
Fundamentos del desarrollo del Lenguaje	Quinto semestre 	Labinowicz, E. (1982) Introducción a Piaget, Pensamiento, Aprendizaje, Enseñanza. . México Ediciones Fondo Educativo Interamericano.Colección General 370.15L119	Obligatoria	25	13	1253	
Fundamentos del desarrollo del Lenguaje	Quinto semestre 	Monfort, M. (1995) El niño que habla. Madrid, España Editorial Cepe..Colección humanidades 372.4M743	Obligatoria	25	3	15431	
Fundamentos del desarrollo del Lenguaje	Quinto semestre 	Olerón, P. (1981) El niño y la adquisición del lenguaje Madrid España Editorial Morata.,Colección Humanidades 372.4M743	Obligatoria	25	0		
Fundamentos del desarrollo del Lenguaje	Quinto semestre 	Papalia, D. y Wendkos, S. (1997) Desarrollo humano, con aportaciones para Iberoamérica Bogotá, Colombia Editorial McGraw Hill, sexta edición. Colección Humanidades 155P213	Obligatoria	25	1	11365	
Fundamentos del desarrollo del Lenguaje	Quinto semestre 	Rondal, J.(1988) Trastornos del lenguaje . Barcelona, España Editorial Paidós Ibérica Colección General 371.914T775	Obligatoria	25	3	13146	
Fundamentos del desarrollo del Lenguaje	Quinto semestre 	Unidad de educación especial, Ministerio de educación, (2008) Guía de apoyo técnico-pedagógico, necesidades educativas especiales en el nivel de educación parvularia Guía: NEE en el Nivel de Educación Parvularia - Educación Especial (mineduc.cl)	Complementaria	25	0		
Liderazgo y Administración educacional.	Quinto semestre 	Abarca Melo, Nureya (2012) Inteligencia emocional en el liderazgo. Santiago, Chile: Aguilar Chilena Ediciones. Empresa El Mercurio.	Obligatoria	25	8	23988	
Liderazgo y Administración educacional.	Quinto semestre 	Covey, Stephen R. (1997) Los 7 hábitos de la gente altamente efectiva: La revolución ética en la vida cotidiana y en la empresa. Buenos Aires: Paidos, 1997	Obligatoria	25	2	11352	
Liderazgo y Administración educacional.	Quinto semestre 	Cordeviola de Ortega, María Inés (1997) Como trabaja un jardín de infantes. Buenos Aires: Kapelusz.	Obligatoria	25	6	2346	
Liderazgo y Administración educacional.	Quinto semestre 	44243	Obligatoria	25			
Liderazgo y Administración educacional.	Quinto semestre 	Goleman, Daniel, Hernández Chambers, Daniel, (2015) Cómo ser un líder: ¿Por qué la inteligencia emocional sí importa?, Barcelona: Ediciones B.	Obligatoria	25	2	27121	
Liderazgo y Administración educacional.	Quinto semestre 	Fernández R., Ignacio (2017) GPS interior: Liderazgo e innovación personal en la vida y el trabajo. Santiago, Chile: Ediciones Vergara Grupo Zeta, 2017	Obligatoria	25	1	27131	
Liderazgo y Administración educacional.	Quinto semestre 	Jauli Dávila, Isaac, Reig Pintado, Enrique, Soto Pineda, Eduardo (2003) Toma de decisiones y control emocional. México: Grupo Patria Cultural, 2003	Obligatoria	25	4	21403	
Liderazgo y Administración educacional.	Quinto semestre 	Morales Frías, Joaquín (1996) Estrategia y liderazgo en educación / Joaquín Morales Frías. Santiago, Chile: CPEIP.	Obligatoria	25	1	16998	
Liderazgo y Administración educacional.	Quinto semestre 	Schargel, Franklin P. Cómo (1997) transformar la educación a través de la gestión de la calidad total: Guía práctica. Madrid: Díaz de Santos.	Obligatoria	25	0		
Liderazgo y Administración educacional.	Quinto semestre 	Torti, Ariel (2006) Comunicar para cooperar. Buenos Aires: Espacio, 2006	Obligatoria	25	1	21489	
Liderazgo y Administración educacional.	Quinto semestre 	Carrasco A. (2008) Investigación en Efectividad y Mejora Escolar. ¿Nueva Agenda? REICE.	Complementaria	25	0		
Liderazgo y Administración educacional.	Quinto semestre 	Murillo Javier (2006). Una dirección escolar para el cambio: Del liderazgo transformacional al liderazgo distribuido. Reice, Volumen 4, Número 4e.	Complementaria	25	0		
Liderazgo y Administración educacional.	Quinto semestre 	Hill & Jones (1996). Administración estratégica: un enfoque integrado. Mc Graw Hill. ISLLC (1996,	Complementaria	25	13	18649-10981	
Metodología del desarrollo de las Artes Escénicas.	Quinto semestre 	Cañal Santos Félix Cañal Ruiz Mª Cristina. (2004). El mimo en la escuela. Educación y Ciencia edita Junta de Andalucía Consejería de Educación y Ciencia Dirección General de Evaluación Educativa y Formación del Profesorado.	Obligatoria	25	0		
Metodología del desarrollo de las Artes Escénicas.	Quinto semestre 	Cañal, Santos, F., y Cañal, Ruiz, C. (2001). Música, danza y expresión corporal en educación infantil y primaria, tomo 1. Estudios Gráficos Europeos, s.a.	Obligatoria	25	0		
Metodología del desarrollo de las Artes Escénicas.	Quinto semestre 	Consejo Nacional de la Cultura y las Artes. (2016). APORTES DE LOS LENGUAJES ARTÍSTICOS A LA EDUCACIÓN Fichas descriptivas.	Obligatoria	25	0		
Metodología del desarrollo de las Artes Escénicas.	Quinto semestre 	Consejo Nacional de la Cultura y las Artes. (2016). Por qué enseñar arte y cómo hacerlo. Santiago, Chile. Ograma impresores.	Obligatoria	25	0		
Metodología del desarrollo de las Artes Escénicas.	Quinto semestre 	Del Canto, Fariña. L., García-Huidobro, Valdés. M., Sedano, Solís. Ana., y Compañía La Balanza: Teatro & Educación. (2021). Santiago. Ediciones UC.	Complementaria	25	0		
Metodología del desarrollo de las Artes Escénicas.	Quinto semestre 	Díaz, Jorge y Genovese, Carlos. (1997) “Manual de teatro escolar”. Santiago de Chile Editorial Salesiana.	Complementaria	25	1	7601	
Metodología del desarrollo de las Artes Escénicas.	Quinto semestre 	García Huidobro, Valdés. M., y Compañía La Balanza. (2018). Pedagogía Teatral, metodología activa en el aula. Santiago. Ediciones UC.	Complementaria	25	1	19299	0
Metodología del desarrollo de las Artes Escénicas.	Quinto semestre 	Mc Callion, Michael. “El libro de la voz” Ediciones Urano, S.A. Barcelona, España.	Complementaria	25	0		
Metodología del desarrollo de las Artes Musicales.	Quinto semestre 	Hemsy. Violeta (2000) “Problemática actual y perspectivas de la educación musical para el siglo XXI”. 	Obligatoria	25	0		
Metodología del desarrollo de las Artes Musicales.	Quinto semestre 	Sánchez,  Ortega, Paula (2001)”La Musicalización ciudadana, un reto del educador musical  en el contexto latinoamericano y caribeño”. Cuba	Obligatoria	25	0		
Metodología del desarrollo de las Artes Musicales.	Quinto semestre 	González del Valle, Carmen. “MÉTODO PARA TOCAR LA FLAUTA DULCE (INICIACIÓN)”. 	Obligatoria	25	0		
Metodología sala cuna.	Quinto semestre 	Céspedes Calderón, Amanda, 2008. Cerebro inteligencia y emoción: neurociencias aplicadas a la educación permanente. Santiago, Chile: Fundación Mirame, 2008	Obligatoria	30	1	21989	
Metodología sala cuna.	Quinto semestre 	Fay, Dalmar...[et al.], 2000. Pensando la transformación de la educación en el nivel inicial. Rosario: HomoSapiens.	Obligatoria	30	0	DADO BAJA	
Metodología sala cuna.	Quinto semestre 	Gallego Ortega José y Fernández de Haro, Eduardo, 2003. Enciclopedia de educación infantil Archidona (Málaga): Aljibe, 2003	Obligatoria	30	2	25364	
Metodología sala cuna.	Quinto semestre 	Hoyuelos Planillo, Alfredo, Riera Jaume, María Antonia, 2015. Complejidad y relaciones en educación infantil. Barcelona: Octaedro, Rosa Sensat, 2015	Obligatoria	30	1	28202	
Metodología sala cuna.	Quinto semestre 	Malajovich, Ana, Ponce, Rosana...[et al.] 2006. Experiencias y reflexiones sobre la educación inicial: una mirada latinoamericana. Buenos Aires: Siglo XXI.	Obligatoria	30	2	23035	
Metodología sala cuna.	Quinto semestre 	Martínez Mendoza, 2011. Franklin Neurociencias y educación inicial. México: Trillas.	Obligatoria	30	2	25737	
Metodología sala cuna.	Quinto semestre 	Peralta Espinosa, María Victoria, 1993. El currículo en el jardín infantil: (Un análisis crítico). Santiago, Chile: Andrés Bello.	Obligatoria	30	6	2356	
Metodología sala cuna.	Quinto semestre 	Peralta Espinosa, María Victoria, 1996. Currículos educacionales en América Latina: Su pertinencia cultural. Una aproximación desde la educación infantil y superior. Santiago, Chile: Andrés Bello, 1996	Obligatoria	30	1	8888	
Metodología sala cuna.	Quinto semestre 	Peralta Espinosa, María Victoria, 2007. Una pedagogía de las oportunidades: nuevas ventanas para los párvulos Latinoamericanos del siglo XXI. Santiago de Chile: Editorial Andrés Bello, 2007	Obligatoria	30	3	21944	
Metodología sala cuna.	Quinto semestre 	Peralta Espinosa, María Victoria, 2008. Innovaciones curriculares en educación infantil: Avanzado a propuestas posmodernas. México: Trillas.	Obligatoria	30	1	25365	
Metodología sala cuna.	Quinto semestre 	Peralta E., María Victoria, 2017. Construyendo currículos posmodernos en la Educación Inicial Latinoamericana. Rosario, Argentina: HomoSapiens Ediciones.	Obligatoria	30	0		
Metodología sala cuna.	Quinto semestre 	Requena, María Dolores, Sáinz de Vicuña, Paloma Pozuelo de Alarcón, 2012. Didáctica de la educación infantil. Madrid: Editorial Editex S.A.	Obligatoria	30	2	26570	
Metodología sala cuna.	Quinto semestre 	Soler Fiérrez, Eduardo, 1992. La educación sensorial en la escuela infantil. Madrid: Rialp.	Obligatoria	30	1	11658	
Metodología sala cuna.	Quinto semestre 	Sugrañes, Encarna, Alós, Montserrat, Andrés, Neus, Casal, Soledad, Castrillo, Caremen, Medina, Nereida, Yuste, Micaela, 2012. Observar para interpretar: Actividades de vida cotidiana para la educación infantil (2-6) / Encarna Sugrañes...[et al.] Barcelona: Graó.	Obligatoria	30	1	24019	
Metodología sala cuna.	Quinto semestre 	Pitluk, Laura, 2015. La planificación didáctica en el Jardín de Infantes: Las unidades didácticas, los proyectos y las secuencias didácticas. El juego trabajo. Rosario: Homo Sapiens Ediciones, 2015	Obligatoria	30	3	26586	
Metodología sala cuna.	Quinto semestre 	Zabalza Beraza, Miguel Angel, 1996 Calidad en la educación infantil Madrid: Narcea.	Obligatoria	30	8	10924	
Metodología sala cuna.	Quinto semestre 	Zabalza Beraza, Miguel Angel, 2008 Didáctica de la educación infantil. Madrid: Narcea.	Obligatoria	30	1	12030	
Orientación Educacional y Convivencia Escolar	Quinto semestre 	Ruz, J. (2003).Convivencia Escolar y calidad de educación. Chile. Ministerio de Educación.	Obligatoria	30	4	18517	
Orientación Educacional y Convivencia Escolar	Quinto semestre 	Gutierrez, F. (1993). Orientación y Desarrollo Afectivo. Chile.Coprim.	Obligatoria	30	2	2135	
Orientación Educacional y Convivencia Escolar	Quinto semestre 	 Ministerio de Educación. (2003). Marco para la Buena Enseñanza. Chile. Ministerio de Educación.	Obligatoria	30	0		
Orientación Educacional y Convivencia Escolar	Quinto semestre 	Suarez, M. (1998). Familia y valores: Escuela para padres, la hora del encuentro. Bogotá. Editorial Magisterio.	Obligatoria	30	4	22613	
Orientación Educacional y Convivencia Escolar	Quinto semestre 	Mineduc. (2008). Marco para la Buena Enseñanza. Chile. Mineduc	Complementaria	30	0		
Desarrollo personal y profesional III	Sexto semestre	Albert, L. S. (1991). Las relaciones interpersonales: Manual del animador. Barcelona: Herder.	Obligatoria	30	1	13072	
Desarrollo personal y profesional III	Sexto semestre	Alejandro López, A. P. (1995). Introducción a la psicología de la comunicación : textos y ejercicios. Santiago, Chile : Universidad Católica de Chile.	Obligatoria	30	4	2868	
Desarrollo personal y profesional III	Sexto semestre	D. Novara, E. P. (2007). Educación socioafectiva : 150 actividades para conocerse, comunicarse y aprender de los conflictos. Madrid: Narcea .	Obligatoria	30	1	22635	
Desarrollo personal y profesional III	Sexto semestre	Feldman, J. R. (2005). Autoestima, cómo desarrollarla? : juegos, actividades, recursos, experiencias creativas. Madrid : Narcea.	Obligatoria	30	1	22503	
Desarrollo personal y profesional III	Sexto semestre	Goleman, D. (1996). La inteligencia emocional. Buenos Aires : Javier Vergara,.	Obligatoria	30	34	5098-22516-25115-25859-28759	
Desarrollo personal y profesional III	Sexto semestre	Ruiz, A. (1994). Como ayudarse a uno mismo : Aplicaciones de la terapia cognitiva, para superar los problemas emocionales de la vida diaria. Santiago, Chile: San Pablo.	Obligatoria	30	2	7770	
Desarrollo personal y profesional III	Sexto semestre	Ruiz, A. (1996). Tus problemas : el sicólogo responde. Santiago, Chile: San Pablo.	Obligatoria	30	2	10195	
Desarrollo personal y profesional III	Sexto semestre	Segal, J. (1998). Su inteligencia emocional : Aprenda a incrementarla y a usarla. Barcelona : Grijalbo.	Obligatoria	30	1	9967	
Desarrollo personal y profesional III	Sexto semestre	Sergio Rulicki, M. C. (2007). CNV - Comunicación No-Verbal : cómo la inteligencia emocional se expresa a través de los gestos. Buenos Aires, Argentina : Ediciones Granica.	Obligatoria	30	3	22758	
Desarrollo personal y profesional III	Sexto semestre	Steiner, C. P. (1998). La educacion emocional. Javier Vergara: Buenos Aires.	Obligatoria	30	1	11153	
Desarrollo personal y profesional III	Sexto semestre	Stevens, J. O. (1988). El darse cuenta : Sentir, imaginar, vivenciar. Santiago, Chile: Cuatro Vientos.	Obligatoria	30	3	25111-8967	
Desarrollo personal y profesional III	Sexto semestre	Bonals, Joan (1996), El trabajo en equipo del profesorado, Barcelona	Complementaria	30	1	13386	0
Desarrollo personal y profesional III	Sexto semestre	Abarca Melo, Nureya (2012) Inteligencia emocional en el liderazgo, Santiago de Chile	Complementaria	30	8	23988	
Electivo III Didáctica del lenguaje artístico	Sexto semestre	Comella, A (2000). Acuarelas.Barcelona: Parramón.	Obligatoria	15	3	15620	
Electivo III Didáctica del lenguaje artístico	Sexto semestre	Wolf, Rachel, Idea Books (1990) Curso básico de técnicas de dibujo y pintura. Barcelona: Idea Books.	Obligatoria	15	6	14792	
Electivo III Didáctica del lenguaje artístico	Sexto semestre	Ministerio de Educación (2018) Orientaciones para la Elaboración del Plan de Formación. Gobierno de Chile. Alameda 1371, Santiago.	Obligatoria	15	0		
Electivo III Didáctica del lenguaje artístico	Sexto semestre	Gombrich, E (1992). Historia del arte / Erust H. Gombrich; versión española de Rafael Santos Torroella, revisión de Javier Seto. Madrid: Alianza.	Complementaria	15	1	5562	0
Electivo III Didáctica del lenguaje artístico	Sexto semestre	Aldámiz-Echevarría, M. Alsinet, J. Bassedas, E.2000. ¿Cómo hacerlo?: propuestas para educar en la diversidad.Barcelona: Editorial Graó	Obligatoria	15	2	14652	
Electivo III Didáctica del lenguaje artístico	Sexto semestre	Subsecretaría de Educación Parvularia. (2018).Documento Orientador para el Desarrollo de prácticas Inclusivas en Educación Parvularia. Chile: División de Políticas Educativas.	Obligatoria	15	0		
Electivo III Didáctica del lenguaje artístico	Sexto semestre	Ramírez Camacho, Rafael. 1987. Conocer al niño sordo. Madrid: Ciencias de la educación preescolar y especial.	Complementaria	15	1	5048	
Fundamentos y didáctica de las ciencias naturales	Sexto semestre	Claxton, G. (1994). Educar mentes curiosas, el reto de la ciencia en la escuela – España – Visor Díaz, B.F. y Hernández, R.G. (2010) Estrategias docentes para un aprendizajes significativo, una interpretación constructivista – México – Mac Graw Hill Interamericana.	Obligatoria	25	2	12862	
Fundamentos y didáctica de las ciencias naturales	Sexto semestre	Perales, F.J. (2000). Didáctica de las ciencias experimentales, teoría y práctica de las ciencias naturales- España- Editorial Marfil.	Complementaria	25	0		
Informática Educativa para la Educación Parvularia.	Sexto semestre	Céspedes, A. (2008), cerebro inteligencia y emoción: Neurociencias aplicadas a la educación permanente, Santiago, Chile: Fundación Mirame.	Obligatoria	30	1	21989	
Informática Educativa para la Educación Parvularia.	Sexto semestre	Marín, V. (2009). Las TIC y el desarrollo de las competencias básicas: una propuesta para educación primaria. Sevilla, España: Mad.	Obligatoria	30	1	23970	
Informática Educativa para la Educación Parvularia.	Sexto semestre	Rolandi, A. (2012). Tic y Educación Inicial. Rosario, Argentina: Homosapiens.	Obligatoria	30	4	25726	
Informática Educativa para la Educación Parvularia.	Sexto semestre	UNICEF (2020). Pantallas en casa: guía para acompañar a las familias en el uso del internet	Obligatoria	30	0		
Informática Educativa para la Educación Parvularia.	Sexto semestre	Morin, E. (2001). Los siete saberes necesarios para la educación del futuro: Paidos.	Complementaria	30	6	26792-21720	
Metodología Nivel medio.	Sexto semestre	García, A., Llul, A. (2009).El juego infantil y su metodología. Editex.	Obligatoria	25	2	28263	
Metodología Nivel medio.	Sexto semestre	Grethel Muhlhauser, V. R. (1999). Juegos de Rincones y formación de identidad de género. Santiago, Chile: Universidad Católica cardenal Raúl Silva Henríque.	Obligatoria	25	0		
Metodología Nivel medio.	Sexto semestre	Peralta, V. (2017). Construyendo currículos posmodernos en la educación inicial latinoamericana. HomoSapiens.	Obligatoria	25	3	28288	
Metodología Nivel medio.	Sexto semestre	Pitluk, L. (2018). La centralidad del juego en la educación inicial. HomoSapiens.	Obligatoria	25	1	28253	
Metodología Nivel medio.	Sexto semestre	Sarlé, P., Rosemberg, C. (2015). Dale que…El juego dramático y el desarrollo del lenguaje en los niños pequeños.HomoSapiens.	Obligatoria	25	0		
Metodología Nivel medio.	Sexto semestre	Subsecretaria de Educación Parvularia. (2018) Planificación y Evaluación Orientaciones Técnicas Pedagógicas para el Nivel de Educación Parvularia . División de Políticas Educativas.	Obligatoria	25	0		
Metodología Nivel medio.	Sexto semestre	Subsecretaria de Educación Parvularia. (2019). Ambientes para el Aprendizaje: Orientaciones técnico pedagógicas para el Nivel de Educación Parvularia. División de políticas educativas.	Complementaria	25	0		
Metodología Nivel medio.	Sexto semestre	Ministerio de Educación.(2011). Plan Nacional de Fomento a la lectura, Lee Chile Lee. Santiago de Chile.	Complementaria	25	0		
Pensamiento Lógico Matemático y cuantificación.	Sexto semestre	Acuña, M. F. (2005). Estrategias para potenciar las relaciones lógico matemática y cuantificación. Santiago: Editorial Maval.	Obligatoria	25	0		
Pensamiento Lógico Matemático y cuantificación.	Sexto semestre	Bravo, J. A. (2006). Didáctica de la matemáticas en Educación Infantil. Madrid: Grupo mayéutica conpa.	Obligatoria	25	0		
Pensamiento Lógico Matemático y cuantificación.	Sexto semestre	Chamorro, M. d. (2005). Didáctica de las Matemáticas . Madrid: Pearson Educación, S.A.	Obligatoria	25	4	21945	
Pensamiento Lógico Matemático y cuantificación.	Sexto semestre	Peterson, P. S.-L. (2000). Actividades para jugar con las matemáticas 1. Barcelona : Ceac.	Obligatoria	25	1	14677	
Pensamiento Lógico Matemático y cuantificación.	Sexto semestre	Peterson, P. S.-L. (2000). Actividades para jugar con las Matemáticas 2. Barcelona : Ceac.	Obligatoria	25			
Pensamiento Lógico Matemático y cuantificación.	Sexto semestre	Rey, M. E. (2006). Una didáctica para el nivel inicial (despertar del pensamiento matemático). España: Magisterio.	Obligatoria	25	1	25366	
Práctica de Sala Cuna.	Sexto semestre	E. M. V. (2008). Innovaciones Curriculares en Educación Infantil avanzando a propuestas postmodernas. México DF: Trillas.	Obligatoria	30	1	25365	
Práctica de Sala Cuna.	Sexto semestre	Hoyuelos, A. Riera, A. (2015). Complejidad y relaciones en educación infantil. Barcelona, Octaedro, Rosa Sensat.	Obligatoria	30	1	28208	
Práctica de Sala Cuna.	Sexto semestre	Lacoboni, M. (2009). Las Neuronas Espejo: empatía, autismo, imitación o de cómo entendemos a los otros. Kart editores.	Obligatoria	30	1	25287	
Práctica de Sala Cuna.	Sexto semestre	Lecannelier, F. (2016). A.M.A.R. hacia un cuidado respetuoso de apego en la infancia. Ediciones B. Chile.	Obligatoria	30	1	26584	
Práctica de Sala Cuna.	Sexto semestre	Malajovich, A. (2010). Experiencias y reflexiones sobre Educación Inicial. Buenos Aires: Siglo XXI.	Obligatoria	30	2	23035	
Práctica de Sala Cuna.	Sexto semestre	Mendoza, F. M. (2009). Neurociencias y Educación Inicial. México DF: Trillas.	Obligatoria	30	5	25737	
Práctica de Sala Cuna.	Sexto semestre		Obligatoria	30			
Práctica de Sala Cuna.	Sexto semestre	Zavalloni, G. (2011). La Pedagogía del Caracol, por una escuela lenta pero no violenta. GRAÓ, Barcelona.	Obligatoria	30	0		
Práctica de Sala Cuna.	Sexto semestre	Peralta, E. (2017) Construyendo currículos posmodernos en la Educación Inicial Latinoamericana. Argentina, Buenos Aires, Homo Sapiens Ediciones.	Complementaria	30	3	28288	
Desarrollo Personal y Profesional IV.	Septimo semestre	Albert, L. S. (1991). Las relaciones interpersonales: Manual del animador. Barcelona: Herder.	Obligatoria	25	1	13072	
Desarrollo Personal y Profesional IV.	Septimo semestre	D. Novara, E. P. (2007). Educación socioafectiva: 150 actividades para conocerse, comunicarse y aprender de los conflictos. Madrid: Narcea.	Obligatoria	25	1	22635	
Desarrollo Personal y Profesional IV.	Septimo semestre	Segal, J. (1998). Su inteligencia emocional: Aprenda a incrementarla y a usarla. Barcelona : Grijalbo.	Obligatoria	25	1	9967	
Desarrollo Personal y Profesional IV.	Septimo semestre	Stevens, J. O. (1988). El darse cuenta: Sentir, imaginar, vivenciar. Santiago, Chile: Cuatro Vientos.	Complementaria	25	3	8967-25111	
Desarrollo Personal y Profesional IV.	Septimo semestre	Sergio Rulicki, M. C. (2007). CNV - Comunicación No-Verbal: cómo la inteligencia emocional se expresa a través de los gestos. Buenos Aires, Argentina : Ediciones Granica.	Complementaria	25	3	22758	
Fundamentos y Didácticas de la Ciencias Sociales.	Septimo semestre	Araya, Fabián.(2010): Metodología para la Enseñanza de las Ciencias Sociales. Universidad de La Serena.	Obligatoria	25	0		
Fundamentos y Didácticas de la Ciencias Sociales.	Septimo semestre	Belenes, Luis (eds).(2002): Historia Universal. Ediciones Nauta, Barcelona. N° de Pedido: R 909 H673h.	Obligatoria	25	6	21461	
Fundamentos y Didácticas de la Ciencias Sociales.	Septimo semestre	Du Ry van Beest, Gerard.( 1978): Historia Universal. Carrogio, Barcelona.Número de Pedido: R 909 H673u.	Obligatoria	25	7	4006	
Fundamentos y Didácticas de la Ciencias Sociales.	Septimo semestre	Frías Valenzuela, Francisco.(1990): Historia y Geografía. Editorial Nascimiento, Santiago, Chile.N° de Pedido 983.0202 F897.	Obligatoria	25	6	5782	
Fundamentos y Didácticas de la Ciencias Sociales.	Septimo semestre	Krebs, Ricardo.( 1980): Breve Historia Universal. Universitaria, Santiago.N° de Pedido: 909 K92b.	Obligatoria	25	1	15678	
Fundamentos y Didácticas de la Ciencias Sociales.	Septimo semestre	López Melero, Raquel ( eds).(1992): Historia Universal. Vicens-Vives, Barcelona.N° de Pedido: 909 H673h.	Obligatoria	25	4	10838	
Fundamentos y Didácticas de la Ciencias Sociales.	Septimo semestre	Pijoan, J.(1955): Historia del Mundo. Salvat, Barcelona.N° de Pedido: 909 P634.	Obligatoria	25	5	3916	
Fundamentos y Didácticas de la Ciencias Sociales.	Septimo semestre	Pinto, Julio; Salazar, Gabriel.(2014): Historia Contemporánea de Chile.Lom, Santiago, Chile.Nº de Pedido 983 S161h 2014 (10a.reimp.)	Obligatoria	25	26	15428-24942	
Fundamentos y Didácticas de la Ciencias Sociales.	Septimo semestre	Silva Galdames, Osvaldo.(1977): Prehistoria de America.Universitaria. Santiago, Chile.Nº de Pedido: 980.00498 S586.	Obligatoria	25	5	4001	
Fundamentos y Didácticas de la Ciencias Sociales.	Septimo semestre	Ruiz, J. (2003).Convivencia Escolar y calidad de educación. Ministerio de Educación. Chile.N° de pedido UDA 370.19 C766o.	Obligatoria	25	4	18517	
Fundamentos y Didácticas de la Ciencias Sociales.	Septimo semestre	Gutierrez, F. (1993). Orientación y Desarrollo Afectivo. Coprim. Chile.N° de pedido UDA 371.42 G984.	Obligatoria	25	2	2135	
Fundamentos y Didácticas de la Ciencias Sociales.	Septimo semestre	Villalobos, Sergio; Silva, Osvaldo.(1995): Historia de Chile. Universitaria. Santiago, Chilev	Obligatoria	25	3	15370	
Fundamentos y Didácticas de la Ciencias Sociales.	Septimo semestre	Villalobos, Sergio.(1986): Historia del Pueblo Chileno. Zig-Zag. Santiago, Chile	Obligatoria	25	3	7688	
Fundamentos y Didácticas de la Ciencias Sociales.	Septimo semestre	Hernández Cardona, Xavier.2002: Didáctica de las Ciencias Sociales, Geografía e Historia. Editorial Grao N° 169. Barcelona.	Complementaria	25	0		
Fundamentos y Didácticas de la Ciencias Sociales.	Septimo semestre	Rueda, David.2003.Enseñanza y aprendizaje de la Historia. Aplicación de las nuevas tecnologías de la Información y las comunicaciones. Publicación de la Academia Boyacense de Historia. Tunja, Colombia.	Complementaria	25	4	12946	0
Metodología Nivel Transición.	Septimo semestre	Antonio Esquivel Fernandez, E. G. (1987). Talleres en la escuela: Pedagogía, organización y práctica. Madrid : Popular.	Obligatoria	30	1	13984	
Metodología Nivel Transición.	Septimo semestre	Casanova, M. A. (1995). Manual de evaluación educativa. Madrid: La Muralla.	Obligatoria	30	5	1193	
Metodología Nivel Transición.	Septimo semestre	Gagné, R. (1975). Principios básicos de aprendizaje. México: Diana .	Obligatoria	30	1	223	
Metodología Nivel Transición.	Septimo semestre	Grethel Muhlhauser, V. R. (1999). Juegos de Rincones y formación de identidad de género. Santiago, Chile: Universidad Católica cardenal Raúl Silva Henríque.	Obligatoria	30	0		
Metodología Nivel Transición.	Septimo semestre	Joni Becker, K. R. (1998). Un currículo abierto, flexible, creativo y divertido para 3 a 6 años. Madrid: Narcea.	Obligatoria	30	1	11594	
Metodología Nivel Transición.	Septimo semestre	Kaufman, R. (1983). Planificación de sistemas educativos: ideas básicas concretas. México: Trillas.	Obligatoria	30	5	1714-20485	
Metodología Nivel Transición.	Septimo semestre	María Reyzabal Rodríguez, A. S. (1995). Los ejes Transversales: aprendizajes para la vida. Madrid, España: Escuela Española.	Obligatoria	30	9	10949	
Metodología Nivel Transición.	Septimo semestre	Montessori, M. (1948). Ideas generales sobre mi método. Buenos Aires: Losada.	Obligatoria	30	2	26821	
Metodología Nivel Transición.	Septimo semestre	Moor, P. (1977). El juego en la educación. Barcelona: Herder.	Obligatoria	30	2	3854	
Metodología Nivel Transición.	Septimo semestre	Orbe, F. B. (1994). La práctica reflexiva en Educación. Madrid: Complutense.	Obligatoria	30	3	11939	
Metodología Nivel Transición.	Septimo semestre	Peralta, M. V. (1996). Currículo educacionales en América latina: Su pertinencia cultural. Una aproximación a desde la educación infantil y superior. Santiago, Chile: Andrés Bello.	Obligatoria	30	1	8888	
Metodología Nivel Transición.	Septimo semestre	Peralta, M. V. (1999). El currículo en el jardín infantil: (Un análisis crítico). Santiago, Chile: Andrés Bello.	Obligatoria	30	6	2356	
Metodología Nivel Transición.	Septimo semestre	Pugmire, M. C. (1996). El juego espontáneo: vehículo de aprendizaje y comunicación. Madrid: Narcea.	Obligatoria	30	5	11612	
Metodología Nivel Transición.	Septimo semestre	Rafael Bravo, E. F. (1999). El juego: medio educativo y aplicación a los bloques de contenido. 2000 juegos prácticos de utilidad en la escuela. Malaga: Aljibe.	Obligatoria	30	1	13658	
Metodología Nivel Transición.	Septimo semestre	Robert Gagné, L. B. (1983). La planificación de la enseñanza: sus principios. México: Trilllas.	Obligatoria	30	9	1501	
Metodología Nivel Transición.	Septimo semestre	Serafín Antúnes, F. I. (1996). Del proyecto educativo a la programación de aula: el qué, el cuándo, y el cómo de los instrumentos de la planificación didáctica. Barcelona: Grao.	Obligatoria	30	1	14238	
Metodología Nivel Transición.	Septimo semestre	Silvia Lavanchy, E. S. (1997). El currículo cognitivo y su aporte al niño chileno. Santiago, Chile: Universidad Católica de Chile.	Obligatoria	30	4	10336	
Metodología y Didáctica del Lenguaje.	Septimo semestre	Castillo, Cristina (1985) Educación pre escolar: métodos, técnicas y organización  Barcelona Editorial Ceac	Obligatoria	25	4	11635-1167	
Metodología y Didáctica del Lenguaje.	Septimo semestre	Hendrix, Charles (1984) Cómo enseñar a leer por método global  Buenos Aires Editorial Kapelusz	Obligatoria	25	12	1234	
Metodología y Didáctica del Lenguaje.	Septimo semestre	Gallego Ortega, José Luis. (1998) Aprendizaje en Educación Infantil Málaga España  Editorial Aljibe.	Obligatoria	25	0		
Metodología y Didáctica del Lenguaje.	Septimo semestre	Araya, Roberto (1997) Construcción visual de conocimientos con juegos cooperativos: una propuesta educacional  Santiago, Chile Editorial Automind Educación.	Obligatoria	25	3	9195	
Metodología y Didáctica del Lenguaje.	Septimo semestre	Malajovich, Ana (2000) “Recorrido didáctico en la educación inicial  Argentina Editorial Paidos	Obligatoria	25	0		
Metodología y Didáctica del Lenguaje.	Septimo semestre	Martinez Mendoza, Franklin (2010) Neurociencias y educación inicial México  Editorial Trillas	Obligatoria	25	5	25737	
Metodología y Didáctica del Lenguaje.	Septimo semestre	Coll, Cesar (1990) “Aprendizaje escolar y construcción del conocimiento” Barcelona-Editorial Paidos	Obligatoria	25	2	13235	
Metodología y Didáctica del Lenguaje.	Septimo semestre	Furth, HG/Wachs, H. (1978) “Teoría de Piaget en la práctica” Buenos Aires- Editorial Kapelusz	Obligatoria	25	3	1126	
Metodología y Didáctica del Lenguaje.	Septimo semestre	Orientaciones Técnico-Pedagógicas para el nivel de Educación Parvularia (2019) Subsecretaria educación Parvularia	Complementaria	25	0		
Metodología y Didáctica del Lenguaje.	Septimo semestre	Aguilar, Esperanza (1996) El lenguaje comprensivo a través de cuentos, Madrid.	Complementaria	25	2	13167	0
Optativo IV Escritura creativa	Septimo semestre	Aristóteles. (1992) Poética. Madrid: Editorial Gredas.	Obligatoria	15	0		
Optativo IV Escritura creativa	Septimo semestre	Bal, Mieke. (1985) Teoría de la narrativa. Madrid: Ediciones Cátedra.	Obligatoria	15	0		
Optativo IV Escritura creativa	Septimo semestre	Campbell, Joseph. (1959) El héroe de las mil caras. México: Fondo de Cultura Económica.	Obligatoria	15	0		
Optativo IV Escritura creativa	Septimo semestre	Cañelles, Isabel. (1999) La construcción del personajes literario. Madrid: Ediciones Escritura Creativa Fuentetaja.	Obligatoria	15	0		
Optativo IV Escritura creativa	Septimo semestre	Egri, Lajos. (2009) El arte de la escritura dramática. México: Universidad Nacional Autónoma de México.	Obligatoria	15	0		
Optativo IV Escritura creativa	Septimo semestre	Field, Syd. (1999) El libro del guión. Madrid: Plot Ediciones S.A.	Obligatoria	15	0		
Optativo IV Escritura creativa	Septimo semestre	Gubern, Roman. (2002) Máscaras de la ficción. Barcelona: Editorial Anagrama.	Obligatoria	15	0		
Optativo IV Escritura creativa	Septimo semestre	Mckee, Robert. (2010) El guión: sustancia estructura, estilo y principios de la escritura de guiones. Barcelona: Alba Editorial.	Obligatoria	15	0		
Optativo IV Escritura creativa	Septimo semestre	Seger, Linda. (2000) Cómo crear personajes inolvidables. Barcelona: Editorial Paidós.	Obligatoria	15	0		
Optativo IV Escritura creativa	Septimo semestre	Stanislavski, Constantin. (1975) La construcción del personaje. Madrid: Alianza Editorial.	Complementaria	15	0		
Optativo IV Escritura creativa	Septimo semestre	Vogler, Christopher. (2002) El viaje del escritor. Barcelona: Ediciones Robinbook.	Complementaria	15	0		
Optativo IV  Acuarela Botánica	Septimo semestre	Comella, A (2000). Acuarelas.Barcelona: Parramón.	Obligatoria	15	3	15620	
Optativo IV  Acuarela Botánica	Septimo semestre	Comamalas, J (1998). Pintando a la acuarela. Barcelona: CEAC.	Obligatoria	15	1	14513	
Optativo IV  Acuarela Botánica	Septimo semestre	Wolf, Rachel, Idea Books (1990) Curso básico de técnicas de dibujo y pintura. Barcelona: Idea Books.	Obligatoria	15	6	14792	
Optativo IV  Acuarela Botánica	Septimo semestre	Parramon (1998). Ejercicios Parramon. Barcelona: Parramon.	Complementaria	15	4	12228	0
Práctica Nivel Medio.	Septimo semestre	Bernabeu, N., y Goldstein, A. (2009). Creatividad y aprendizaje: el juego como herramienta pedagógica, Madrid, Narcea Goldstein. 371.3 B517 2009.	Obligatoria	30	3	22306	
Práctica Nivel Medio.	Septimo semestre	Casanova, M. A. (1995). Manual de evaluación educativa. Madrid: La Muralla.	Obligatoria	30	5	1193	
Práctica Nivel Medio.	Septimo semestre	Peralta, E. (2017). Construyendo currículos posmodernos en la Educación Inicial Latinoamericana. Argentina, Buenos Aires, Homo Sapiens Ediciones.	Obligatoria	30	3	28288	
Práctica Nivel Medio.	Septimo semestre	Pitluk, L. (2016). Las prácticas actuales en la educación Inicial: Sentidos y sinsentidos. Posibles líneas de acción. La autoridad, las sanciones y los límites. El trabajo sobre lo grupal. La especialidad del trabajo en las salas, Argentina, Rosario, Homo sapiens Ediciones. 371 P681 2016 (3a.reimp.).	Obligatoria	30	3	26581	
Práctica Nivel Medio.	Septimo semestre	Tonucci, F. (2013). Enseñar o aprender, Buenos Aires, clasif 372 T667 2013.	Obligatoria	30	1	28127	
Práctica Nivel Medio.	Septimo semestre	Ullúa, J. (2008). Volver a jugar en el Jardín Infantil: Una visión de Educación infantil personalizada, Argentina, Rosario Homo sapiens. 371 U42 2008.	Obligatoria	30	2	26580	
Práctica Nivel Medio.	Septimo semestre	Acaso, M. (2013), Revolution: Hacer la revolución en educación, Barcelona, Paidós. Clasf. 370 A168 2013 (5a.ed.).	Complementaria	30	1	26801	
Práctica Nivel Medio.	Septimo semestre	Montessori, M. (1948). Ideas generales sobre mi método. Buenos Aires: Losada.	Complementaria	30	2	26821	0
Didácticas de la Lectura y Escritura.	Octavo semestre 	Ferreiro E.  Gómez,  M.  (2015). Alfabetización: teoría y práctica. México, siglo XXI editores.	Obligatoria	25	1	27474	
Didácticas de la Lectura y Escritura.	Octavo semestre 	Solé, I. (2017). Estrategias de lectura: Materiales para la innovación educativa, Barcelona, Graó.	Obligatoria	25	5	26561	
Didácticas de la Lectura y Escritura.	Octavo semestre 	Villalón, M. (2012). Alfabetización inicial: claves de acceso a la lectura y escritura desde los primeros meses de	Complementaria	25	0		
Didácticas de la Literatura Infantil.	Octavo semestre 	Bettelhein, B. (1999). Psicoanálisis de los Cuentos de Hadas. Barcelona: Editorial Crítica.	Obligatoria	25	2	25343-25336	
Didácticas de la Literatura Infantil.	Octavo semestre 	Bru, Bernadette y Charles. (1995). Como improvisar cuentos Barcelona: Ediciones Ceac.	Obligatoria	25	1	11841	
Didácticas de la Literatura Infantil.	Octavo semestre 	Carracedo, Sandra. (1996). El mito en los cuentos infantiles: Para una educación humanista desde la infancia. Buenos Aires: lumen-Humanitas.	Obligatoria	25	1	9949	
Didácticas de la Literatura Infantil.	Octavo semestre 	Dotras, Leticia. (1997). Cuentos para educar. Madrid: CCS.	Obligatoria	25	1	11848	
Didácticas de la Literatura Infantil.	Octavo semestre 	Francia, Alfonso. (1998). Educar con fábulas. Madrid: CCS.	Obligatoria	25	1	11849	
Didácticas de la Literatura Infantil.	Octavo semestre 	Flores, Hilerio, Dalina. (2011). Juego y literatura: una propuesta para el desarrollo infantil: Acercamiento lúdico a la lectura literaria. Saarbrücken, Germany: Editorial Académica Española.	Obligatoria	25	1	26803	
Didácticas de la Literatura Infantil.	Octavo semestre 	Gómez, Palacios, José Joaquín. (1996). Taller de narraciones: Mitos, leyendas y poemas. Madrid CCS.	Obligatoria	25	1	11843	
Didácticas de la Literatura Infantil.	Octavo semestre 	Gómez de Lora, Chema. (2012). Manual de literatura infantil y juvenil: Técnicas, teorías y orientaciones para escribir y leer. Madrid: Editorial CCS, 2012.	Obligatoria	25	2	26567	
Didácticas de la Literatura Infantil.	Octavo semestre 	Jesualdo. (1973). La literatura infantil: ensayos sobre ética, estética y psicopedagogía de la literatura. Buenos Aires: Losada, 1973.	Obligatoria	25	3	3717	
Didácticas de la Literatura Infantil.	Octavo semestre 	Jordi Busquets. (1990). El bosque mágico de los gnomos, las hadas... y otros seres imaginarios. Madrid: Susaeta ediciones, [1990].	Obligatoria	25	1	13149	
Didácticas de la Literatura Infantil.	Octavo semestre 	Pastoriza, Dora. (1962). El cuento en la literatura infantil: ensayos críticos Buenos Aires: Kapelusz.	Obligatoria	25	2	3514	
Didácticas de la Literatura Infantil.	Octavo semestre 	Peña, Muñoz. Manuel. (1995). Alas para la infancia: fundamentos de literatura infantil. Santiago, Chile: Universitaria.	Obligatoria	25	1	5241	
Didácticas de la Literatura Infantil.	Octavo semestre 	Peña, Muñoz. Manuel. (1982). Historia de la Literatura Infantil Chilena. Santiago: Andrés Bello.	Obligatoria	25	0		
Familia y Comunidad.	Octavo semestre 	Cervera, M., Feliú, H. (1995). Asesoramiento Familiar de Educación Infantil. Madrid, España: Visor.	Obligatoria	25	2	12359	
Familia y Comunidad.	Octavo semestre 	Ministerio de Educación, Ciencia y Tecnología de la República Argentina y financiado por la Organización de los Estados Americanos (2006). Escuela y Comunidad: Desafíos para la inclusión educativa. Buenos Aires, Argentina: Educación y Sociedad.	Obligatoria	25	0		
Familia y Comunidad.	Octavo semestre 	Zabalza, M. A. (2016). Educación inicial y territorio: El desafío de unas escuelas infantiles integradas en su entorno. Rosario, Argentina. Editorial Homosapiens.	Obligatoria	25	4	28114	
Familia y Comunidad.	Octavo semestre 	Junta Nacional de Jardines Infantiles. (2016). Reconociendo a las Familias: El valor de la Diversidad. Santiago, Chile: Ediciones de la JUNJI	Complementaria	25	0		
Práctica Nivel Transición.	Octavo semestre 	Caballenas. I. et al. (2015). Territorios de la infancia: Diálogos entre arquitectura y pedagogía. Barcelona: Graó, clasif: 370.15 T326 2015.	Obligatoria	25	3	28230	
Práctica Nivel Transición.	Octavo semestre 	Cerda, L. (2007). Metodología de trabajo con las niñas y niños preescolares: Segundo ciclo de Educación Parvularia (3 a 6 años), Mataquito. Clasif: 372.21 C413 2007.	Obligatoria	25	4	24633	
Práctica Nivel Transición.	Octavo semestre 	Decroly, O. y Monchamp, E (2002). El juego educativo: Iniciación a la actividad intelectual y motriz. Madrid Morata. Clasif: 372.86 D298 2002(4a.ed.)	Obligatoria	25	1	25710	
Práctica Nivel Transición.	Octavo semestre 	Gardner, H. (2016), Inteligencias múltiples: La teoría en la práctica, Barcelona: Paidós. Clasif: 371.1 G226 2016	Obligatoria	25	1	26819	
Práctica Nivel Transición.	Octavo semestre 	Lantieri, L. (2016). Inteligencia emocional infantil y juvenil: Ejercicios para cultivar la fortaleza interior en niños y jóvenes, Madrid. Clasif 152.4 L296 2016 (9a.ed.)	Obligatoria	25	5	26802	
Práctica Nivel Transición.	Octavo semestre 	Peralta, E. (2017), Construyendo currículos postmodernos en la Educación Inicial Latinoamericana. Argentina, Buenos Aires, Homo Sapiens Ediciones.	Obligatoria	25	3	28288	
Práctica Nivel Transición.	Octavo semestre 	Stobart, G. (2010). Tiempos de pruebas : Los usos y abusos de la evaluación, Madrid : Ediciones Morata, S. L.	Obligatoria	25	4	24516	
Práctica Nivel Transición.	Octavo semestre 	Peralta, M. (2007). Una pedagogía de las oportunidades: nuevas ventanas para los párvulos Latinoamericanos del siglo XXI, Santiago, Chile, Editorial Andrés Bello.	Complementaria	25	3	21944	
Práctica Nivel Transición.	Octavo semestre 	Pitluk, L. (2017). La modalidad de taller en el Nivel Inicial: Recorrido y posibilidades para la educación actual. Rosario, Argentina : HomoSapiens Ediciones, clasif: 371.1	Complementaria	25	4	26575	0
Práctica Nivel Transición.	Octavo semestre 	Planificación en el Nivel de Educación Parvularia, Mineduc.cl	Complementaria	25	0		
Programas y Experiencias educativas en ambientes inclusivos.	Octavo semestre 	Alvarez, A. (1987). Psicología y Educación. Realizaciones y tendencias actuales en la investigación y la práctica. Actas de las II Jornadas Internacionales de Psicología y Educación. Editorial Visor. Madrid, España.Colección General 370.15P974pe	Obligatoria	30	1	14607	
Programas y Experiencias educativas en ambientes inclusivos.	Octavo semestre 	Bravo, L. (1994).Psicología de la Dificultades del Aprendizaje Escolar. Introducción a la Educación Especial” Santiago, Chile Editorial Universitaria. Cuarta Edición.Colección Humanidades 371.9B826p	Obligatoria	30	7	11158-19518-4670	
Programas y Experiencias educativas en ambientes inclusivos.	Octavo semestre 	Labinowicz, E. (1982) Introducción a Piaget, Pensamiento, Aprendizaje, Enseñanza. . México Ediciones Fondo Educativo Interamericano. Colección General 370.15L119	Obligatoria	30	13	1253	
Programas y Experiencias educativas en ambientes inclusivos.	Octavo semestre 	Monfort, M. (1995) El niño que habla. Madrid, España Editorial Cepe. Colección humanidades 372.4M743	Obligatoria	30	3	15431	
Programas y Experiencias educativas en ambientes inclusivos.	Octavo semestre 	5Olerón, P. (1981) El niño y la adquisición del lenguaje Madrid España Editorial Morata., Colección Humanidades 372.4M743	Obligatoria	30	0		
Programas y Experiencias educativas en ambientes inclusivos.	Octavo semestre 	Papalia, D. y Wendkos, S. (1997) Desarrollo humano, con aportaciones para  Iberoamérica Bogotá, Colombia Editorial McGraw Hill, sexta edición. Colección Humanidades 155P213	Obligatoria	30	1	11365	
Programas y Experiencias educativas en ambientes inclusivos.	Octavo semestre 	Rondal, J. (1988) Trastornos del lenguaje. Barcelona, España Editorial Paidós Ibérica  Colección General 371.914T775	Obligatoria	30	3	13146	
Programas y Experiencias educativas en ambientes inclusivos.	Octavo semestre 	Aliaga, V. 2000. Artículo: Ley de Integración; Análisis crítico, PUC.	Complementaria	30	0		
Programas y Experiencias educativas en ambientes inclusivos.	Octavo semestre 	Araya, D. 2020. Inclusión Educativa: un desafío en contexto de pandemia. Universidad de Atacama.	Complementaria	30	0		
Programas y Experiencias educativas en ambientes inclusivos.	Octavo semestre 	Aliaga V. y Araya D. 2021. Educación Siglo XXI: Nuevos retos, nuevas soluciones. Capítulo: Educación e Inclusión en tiempos de Pandemia. Pág. 146. ISBN: 978-84-1377-858-7. Madrid.	Complementaria	30	0		
Programas y Experiencias educativas en ambientes inclusivos.	Octavo semestre 	Garcia Huidobro, B, Gutierrez, B. 2005. A Estudiar se Aprende Santiago Ediciones Universidad Católica.	Complementaria	30	6	12839	0
Programas y Experiencias educativas en ambientes inclusivos.	Octavo semestre 	Bermeosolo J. 2012 Cómo Aprenden los Seres Humanos Santiago Ediciones Universidad Católica.	Complementaria	30	2	25924	
Programas y Experiencias educativas en ambientes inclusivos.	Octavo semestre 	Bermeosolo J. 2013. Psicología del Lenguaje Santiago Ediciones Universidad Católica.	Complementaria	30	5	25698	
Programas y Experiencias educativas en ambientes inclusivos.	Octavo semestre 	García-Huidobro, J; Falabella, A. 2011 Los Fines de la Educación. Santiago Ediciones Universidad Católica.	Complementaria	30	0		
Programas y Experiencias educativas en ambientes inclusivos.	Octavo semestre 	Lira, M; Edwards G. y otros, 2012: Auto reportes del Bienestar Socioemocional para Niños. Santiago Ediciones Universidad Católica.	Complementaria	30	0		
Programas y Experiencias educativas en ambientes inclusivos.	Octavo semestre 	Ministerio de Educación (2011). Orientaciones para dar respuestas educativas a la diversidad y a las necesidades educativas especiales. Editorial Atenas Ltda. ISBN: 978-956-292-203-6. Santiago de Chile.	Complementaria	30	0		
Programas y Experiencias educativas en ambientes inclusivos.	Octavo semestre 	Santelices L. y Scagliotti J 2011 El Educador y los Padres: Estrategias de intervención educativa Santiago Ediciones Universidad Católica.	Complementaria	30	0		
Programas y Experiencias educativas en ambientes inclusivos.	Octavo semestre 	Sapelli, C. 2011 CHILE ¿MÁS EQUITATIVO? Una Mirada Distinta a la Distribución del Ingreso, la Movilidad Social y la Pobreza en Chile Santiago Ediciones Universidad Católica.	Complementaria	30	0		
Seminario de grado y defensa	Octavo semestre 	Delgado, J. (1995), Métodos y Técnicas Cualitativas de Investigación en Ciencias Sociales; Editorial Síntesis S.A, España.	Obligatoria	30	19	3649	
Seminario de grado y defensa	Octavo semestre 	Elliot, J. (1994). La Investigación en educación. Madrid: Ediciones Morata	Obligatoria	30	0		
Seminario de grado y defensa	Octavo semestre 	Fernández, A. M. y López, M. (1997). Algunas puntuaciones sobre epistemología y campos de problemáticas en Ciencias Sociales. Veracruz – México.	Obligatoria	30	0		
Seminario de grado y defensa	Octavo semestre 	Goetz, J. P. Lecompte, M. (1988) Etnografía y diseño cualitativo en investigación educativa. Madrid: Morata.	Obligatoria	30	5	11706	
Seminario de grado y defensa	Octavo semestre 	Guilford, J.P. & Fruchter, B. Estadística aplicada a la psicología y a la educación. Bogotá. Editorial Mc Graw Hill Latinoamericana S.A.	Obligatoria	30	8	1754	
Seminario de grado y defensa	Octavo semestre 	Hernández Sampieri, R. y otros (1998) Metodología de la investigación. McGraw-Hill Interamericana editores S. A.	Obligatoria	30	34	5098-22516-25115-25859-28759	
Seminario de grado y defensa	Octavo semestre 	Kemmis S., Mctaggart R. (1988). ¿Cómo planificar la investigación Acción. Barcelona: Laertes.	Obligatoria	30	0		
Seminario de grado y defensa	Octavo semestre 	Pérez Serrano, Gloria (1998), Metodología de la Investigación Cualitativa, Retos e Interrogantes, Tomo I y II.	Obligatoria	30	0		
Seminario de grado y defensa	Octavo semestre 	Pérez, C. (2001). Técnicas de Estadísticas con SPSS. Pearson Educación.	Obligatoria	30	0		
Seminario de grado y defensa	Octavo semestre 	Rodríguez, G.; Gil, J. y García, E. (1996). Tradición y enfoques en la investigación cualitativa. México: Ediciones Aljibe, S. L.	Obligatoria	30	0		
Optativo Introducción a la literatura rusa.	Noveno semestre	BAJTÍN, M. M. Problemas de la poética de Dostoievski. Trad. T. Bubnova. México: Fondo de Cultura Económica, 1986	Obligatoria	15	0		
Optativo Introducción a la literatura rusa.	Noveno semestre	"Brown, Edward J. (1970). ""Literatura y Revolución en la Rusia Soviética (1917-1962)"". Simposio editado por Hayward, Max y Labedz, Leopold. Caracas: Ediciones de la Biblioteca de la Universidad Central de Venezuela. Colección Temas."	Obligatoria	15	0		
Optativo Introducción a la literatura rusa.	Noveno semestre	DOSTOIEVSKI, F. M. Obras reunidas, 10 ts. [En ruso]. Moscú: Xudozhestvennaia Literatura, 1956-1958.	Obligatoria	15	0		
Optativo Introducción a la literatura rusa.	Noveno semestre	Figes, Orlando. La revolución rusa (1891–1924). La tragedia de un pueblo. Barcelona: Edhasa, 2010.	Obligatoria	15	0		
Optativo Introducción a la literatura rusa.	Noveno semestre	Hickey, Martha Weitzel. The Writer in Petrograd and the House of Arts. Evanston, Illinois, Nortwestern University Press, 2009.	Obligatoria	15	0		
Optativo Introducción a la literatura rusa.	Noveno semestre	Nabokov, Vladimir. Habla, memoria. Barcelona: Anagrama, 2006.	Obligatoria	15	0		
Optativo Introducción a la literatura rusa.	Noveno semestre	Said, Edward W. (2007). Representaciones del intelectual. Bogota D.C.: Editorial Debate.	Obligatoria	15	0		
Optativo Introducción a la literatura rusa.	Noveno semestre	Santiván, Fernando. Memorias de un Tolstoyano. Santiago: Zig-Zag, 1955.	Obligatoria	15	0		
Optativo Introducción a la literatura rusa.	Noveno semestre	Service, Robert (2000). Historia de Rusia en el siglo XX. Barcelona, España: Editorial Crítica.	Obligatoria	15	0		
Optativo Introducción a la literatura rusa.	Noveno semestre	Schostakovsky, Pablo. Historia de la literatura rusa. Buenos Aires: Losada, 1945.	Complementaria	15	0		
Optativo Introducción a la literatura rusa.	Noveno semestre	Tolstói, León. La Escuela de Yásnaia Poliana. Barcelona: El Barquero, 2003.	Complementaria	15	0		
Optativo Introducción a la literatura rusa.	Noveno semestre	Steiner, George. Lenguaje y silencio. Ensayos sobre la literatura, el lenguaje y lo inhumano. Barcelona: Gedisa, 2013.	Complementaria	15	0		
Optativo Educación emocional a través del arte	Noveno semestre	Comella, A (2000). Acuarelas.Barcelona: Parramón.	Obligatoria	15	3	15620	
Optativo Educación emocional a través del arte	Noveno semestre	Comamalas, J (1998). Pintando a la acuarela. Barcelona: CEAC.	Obligatoria	15	1	14513	
Optativo Educación emocional a través del arte	Noveno semestre	Wolf, Rachel, Idea Books (1990) Curso básico de técnicas de dibujo y pintura. Barcelona: Idea Books.	Obligatoria	15	6	14792	
Optativo Educación emocional a través del arte	Noveno semestre	Parramon (1998). Ejercicios Parramon. Barcelona: Parramon.	Complementaria	15	4	12228	0
Pedagogía y diversidad	Noveno semestre	Alvarez, A. (1987). Psicología y Educación. Realizaciones y tendencias actuales en la investigación y la práctica. Actas de las II Jornadas Internacionales de Psicología y Educación. Editorial Visor. Madrid, España.Colección General 370.15P974pe	Obligatoria	25	1	14607	
Pedagogía y diversidad	Noveno semestre	Bravo, L. (1994).Psicología de la Dificultades del Aprendizaje Escolar. Introducción a la Educación Especial” Santiago, Chile Editorial Universitaria. Cuarta Edición.Colección Humanidades 371.9B826p	Obligatoria	25	7	11158-19518-4670	
Pedagogía y diversidad	Noveno semestre	Labinowicz, E. (1982) Introducción a Piaget, Pensamiento, Aprendizaje, Enseñanza. . México Ediciones Fondo Educativo Interamericano.Colección General 370.15L119	Obligatoria	25	13	1253	
Pedagogía y diversidad	Noveno semestre	Monfort, M. (1995) El niño que habla. Madrid, España Editorial Cepe.Colección humanidades 372.4M743	Obligatoria	25	3	15431	
Pedagogía y diversidad	Noveno semestre	 Olerón, P. (1981) El niño y la adquisición del lenguaje Madrid España Editorial Morata.Colección Humanidades 372.4M743	Obligatoria	25			
Pedagogía y diversidad	Noveno semestre	Papalia, D. y Wendkos, S. (1997) Desarrollo humano, con aportaciones para Iberoamérica Bogotá, Colombia Editorial McGraw Hill, sexta edición.Colección Humanidades 155P213	Obligatoria	25	1	11365	
Pedagogía y diversidad	Noveno semestre	Rondal, J. (1988) Trastornos del lenguaje. Barcelona, España Editorial Paidós Ibérica.Colección General 371.914T775	Obligatoria	25	3	13146	
Práctica profesional	Noveno semestre	Arends, Richards. Teoría Pedagógica - Aprender a Enseñar. McGraw- Hill, 2007.	Obligatoria	25	0		
Práctica profesional	Noveno semestre	Armani, Mirta Bonvecchiode. Evaluación de Aprendizajes. Buenos Aires: Novedades Educativas, 2006.	Obligatoria	25	0		
Práctica profesional	Noveno semestre	Daniels, Harry. Vigotsky y la Pedagogía. Barcelona: Paidos Ibérica S.A., 2003.	Obligatoria	25	0		
Práctica profesional	Noveno semestre	Malajovich, Ana. Recorridos Didácticos en la Educación Infantil. Barcelona: Paidos, 2006.	Obligatoria	25	0		
Práctica profesional	Noveno semestre	Ortega, J.I. Gallegos. Enciclopedia de la Educación Infantil. Madrid: Aljibe, 2006.	Obligatoria	25	0		
Práctica profesional	Noveno semestre	Pestalozzi, Johann Heinrich. Cartas sobre Educación infantil. Madrid: Humanitas, 2008.	Obligatoria	25	1	25374	
Práctica profesional	Noveno semestre	Zabalza, Miguel Ángel. Didáctica de la Educación Infantil. Buenos Aires: Narcea, 2008.	Obligatoria	25	2	24566	
Práctica profesional	Noveno semestre	Bisquerra, R. et al. (2015). Inteligencia Emocional. Madrid : Síntesis	Complementaria	25	2	25923	
Práctica profesional	Noveno semestre	Lecannelier Acevedo, F. (2019). Amar. Santiago, Chile: Penguin Random House Grupo Editorial	Complementaria	25	1	26584	
