ASIGNATURA	SEMESTRE	DETALLE DE BIBLIOGRAFÍA	AÑO	TIPO DE BIBLIOGRAFIA	Disponibilidad	COPIAS DISPONIBLES	NRO DE BIB#
Bases Biológicas de la Conducta Humana	101	Portellano, J., (2005) Introducción a la Neuropsicología. España. Mc Graw Hill	2005	NO INDICA	DISPONIBLE	5	25861
Bases Biológicas de la Conducta Humana	101	Netter, F., Atlas De Anatomia Humana. 4° Edicion (Versión PDF)		NO INDICA	DISPONIBLE	16	22273-24595
Psicología General	101	Braunstein, N. (1985): Psicología: ideología y ciencia. México: Siglo Veintiuno. (código biblioteca: 150 P974)	1985	OBLIGATORIA	DISPONIBLE	1	4757
Psicología General	101	Leahey, Thomas H. (2003). Historia de la Psicología. Madrid, España: Prentice Hall.	2003	OBLIGATORIA	NO disponible	0	
Psicología General	101	Le Senne, R. (1954). Introducción a la Filosofía. Buenos Aires, Argentina: El Ateneo. (código biblioteca: 102 L433)	1954	OBLIGATORIA	DISPONIBLE	1	10102
Psicología General	101	Papalia, D (1995). Psicología. Madrid, España: Mac- Graw-Hill. (código biblioteca: 150 P213)	1995	OBLIGATORIA	DISPONIBLE	11	8115
Psicología General	101	Ulich, D. (1992). Iniciación a la Psicología. Barcelona, España: Herder. (código biblioteca: 150 U39)	1992	OBLIGATORIA	DISPONIBLE	1	12449
Psicología General	101	García-Borrón, J.C. (1998). Historia de la Filosofía, Tomo I: La Antigüedad. Barcelona, España: Ediciones del Serbal. (código biblioteca: 109 G216h V.1)	1998	COMPLEMENTARIA	DISPONIBLE	18	12671
Psicología General	101	Whittaker, J. (1991). Psicología. Madrid, España: Mc- Graw-Hill. (código biblioteca: 150 W624)	1991	COMPLEMENTARIA	DISPONIBLE	7	4942
Socio-Antropología	101	Cruz, Isabel de la. (2002). Introducción a la antropología para la intervención social. Valencia : Tirant lo Blanch. (código biblioteca: 306 I61)	2002	OBLIGATORIA	DISPONIBLE	1	19030
Socio-Antropología	101	Mauss, Marcel (1991). Sociología y antropología. Madrid: Tecnos. (código biblioteca: 306.4 M457)	1991	OBLIGATORIA	DISPONIBLE	1	2174
Socio-Antropología	101	Horton, Paul, Moya, Rafael (1986) Sociología. México: Mc. Graw Hill (código biblioteca: 301 H823s)	1986	OBLIGATORIA	DISPONIBLE	6	678
Socio-Antropología	101	Kottak, Conrad Phillip (2002). Antropología Cultural. Madrid : McGraw-Hill (código biblioteca: 306 K848 2002)	2002	OBLIGATORIA	DISPONIBLE	1	21604
Socio-Antropología	101	Wallner, Ernest M. (1980). Sociología: conceptos y problemas fundamentales. Barcelona: Herder (código biblioteca: 301 W214)	1980	OBLIGATORIA	DISPONIBLE	1	13050
Socio-Antropología	101	Freud, S. (___). Totem y Tabu		COMPLEMENTARIA	NO disponible	0	
Taller de Desarrollo Personal I	101	Alejandro López, A. P. (1995). Introducción a la psicología de la comunicación : textos y ejercicios. Santiago, Chile : Universidad Católica de Chile.	1995	NO INDICA	DISPONIBLE	4	2868
Taller de Desarrollo Personal I	101	D. Novara, E. P. (2007). Educación socioafectiva : 150 actividades para conocerse, comunicarse y aprender de los conflictos. Madrid: Narcea .	2007	NO INDICA	DISPONIBLE	1	22635
Taller de Desarrollo Personal I	101	Feldman, J. R. (2005). Autoestima, cómo desarrollarla? : juegos, actividades, recursos, experiencias creativas. Madrid : Narcea.	2005	NO INDICA	DISPONIBLE	1	22503
Taller de Desarrollo Personal I	101	Goleman, D. (1996). La inteligencia emocional. Buenos Aires : Javier Vergara,.	1996	NO INDICA	DISPONIBLE	2	9007
Taller de Desarrollo Personal I	101	Ruiz, A. (1994). Como ayudarse a uno mismo : Aplicaciones de la terapia cognitiva, para superar los problemas emocionales de la vida diaria. Santiago, Chile: San Pablo.	1994	NO INDICA	NO disponible	0	
Taller de Desarrollo Personal I	101	Ruiz, A. (1996). Tus problemas : el sicólogo responde. Santiago, Chile: San Pablo.	1996	NO INDICA	NO disponible	0	
Taller de Desarrollo Personal I	101	Segal, J. (1998). Su inteligencia emocional : Aprenda a incrementarla y a usarla. Barcelona : Grijalbo.	1998	NO INDICA	DISPONIBLE	1	9967
Taller de Desarrollo Personal I	101	Sergio Rulicki, M. C. (2007). CNV - Comunicación No-Verbal : cómo la inteligencia emocional se expresa a través de los gestos. Buenos Aires, Argentina : Ediciones Granica.	2007	NO INDICA	DISPONIBLE	3	22758
Taller de Desarrollo Personal I	101	Stevens, J. O. (1988). El darse cuenta : Sentir, imaginar, vivenciar. Santiago, Chile: Cuatro Vientos.	1988	NO INDICA	DISPONIBLE	2	8967
Teorías de la Comunicación Humana	101	El sentido de lo humano Por Maturana Romesín, Humberto, 1928-Santiago, Chile : Dolmen ediciones, 1994  	1928	NO INDICA	DISPONIBLE	1	2789
Teorías de la Comunicación Humana	101	El proceso de la comunicación : introducción a la teoría y a la práctica Por Berlo, David Buenos Aires : El Ateneo, 1973	1973	NO INDICA	DISPONIBLE	7	4357
Teorías de la Comunicación Humana	101	Comunicación estudio del lenguaje Por Fuentes de la Corte, Juan Luis [Santiago] : Bibliográfica Internacional, [199?]		NO INDICA	DISPONIBLE	4	8173
Teorías de la Comunicación Humana	101	Lenguaje y comunicación Santiago, Chile : Lord Cochrane, 1997 	1997	NO INDICA	NO disponible	0	
Teorías de la Comunicación Humana	101	 Confianza Por Luhmann, Niklas Barcelona: Universidad Iberoamericana, Anthropos, 1996. 	1996	NO INDICA	DISPONIBLE	1	10776
Teorías de la Comunicación Humana	101	La excelencia en la comunicación: del pensamiento a la palabra Por Bravo M., Francisco México: Limusa, 1988.	1988	NO INDICA	DISPONIBLE	1	12747
Teorías de la Comunicación Humana	101	Teorías de la comunicación Por Otero Bello, Edison Santiago: Universitaria, 1998. 	1998	NO INDICA	DISPONIBLE	1	14062
Teorías de la Comunicación Humana	101	La comunicación Por Baylon, Christian Madrid : Cátedra, 1996.	1996	NO INDICA	NO disponible	0	
Inglés II	102	Essential Grammar in Use..Raymond Murphy 2nd Edition Cambridge		OBLIGATORIA	DISPONIBLE	22	26240-10050-18172
Inglés II	102	"Attitude Students book and Workbook Kate Fuscoe, Barbara Garside, Luke Prodromou ""1st  Mcmillan
 Edition"""		OBLIGATORIA	NO disponible	0	
Inglés II	102	"New Headway Elementary Workbook Liz and Jhon Soars, Sylvia Wheeldon 3rd Edition ""Oxford
 University Press"""		OBLIGATORIA	NO disponible	0	
Inglés II	102	Easy True Stories “ Pictures Based Begginer Reader”. Sandra Heyer Longman. 1994	1994	COMPLEMENTARIA	NO disponible	0	
Inglés II	102	Language Leader Workbook and Student´s book. Ian Lebeau, Gareth Rees Pearson- Longman 2008	2008	COMPLEMENTARIA	NO disponible	0	
Inglés II	102	Anatomy and Physiology for Dummies Maggie Norris, Donna Rae Siegfried 2nd Edition Wiley Publishing. 20011	2001	COMPLEMENTARIA	NO disponible	0	
Psicología Social	102	Baró, I. M. (2003). Poder, Ideología y Violencia. Madrid, España. Ed. Trotta.	2003	NO INDICA	DISPONIBLE	1	24934
Psicología Social	102	Barón, R. & Byrne, D. (2005). Psicología Social. Madrid, España. Ed. Pearson.	2005	NO INDICA	DISPONIBLE	2	21210
Psicología Social	102	Barra, E. (1998). Psicología Social. Concepción, Chile.  Universidad de Concepción.	1998	NO INDICA	NO disponible	0	
Psicología Social	102	Crespo, E. (1995). Introducción a la Psicología Social. Madrid, España. Ed. Universitas.	1995	NO INDICA	DISPONIBLE	1	12842
Psicología Social	102	Fischer, G. (1990). Psicología Social: Conceptos Fundamentales. Madrid, España. Ed. Narcea.	1990	NO INDICA	DISPONIBLE	2	11815
Psicología Social	102	Fischer, G. (1990). Campos de Intervención de la Psicología Social. Madrid, España. Ed. Narcea.	1990	NO INDICA	DISPONIBLE	2	11938
Psicología Social	102	Fichter, J. (1994). Sociología. Barcelona, España. Ed. Herder.	1994	NO INDICA	DISPONIBLE	1	13152
Psicología Social	102	Montero, M. (1994). Construcción y Crítica de la Psicología Social. Caracas, Venezuela. Ed. Antrophos.	1994	NO INDICA	DISPONIBLE	1	17547
Psicología Social	102	Moscovici, S. (1986). Psicología Social. Ed. Paídos.	1986	NO INDICA	DISPONIBLE	2	17541
Psicología Social	102	Moya, J. (2204). Representación, Discursividad y Acción Situada. Valparaíso, Chile. Ed. Universidad de Valparaíso.	2204	NO INDICA	NO disponible	0	
Psicología Social	102	Pérez Soto, C. (1996). Sobre la Condición Social de la Psicología. Santiago de Chile, Ed. LOM.	1996	NO INDICA	DISPONIBLE	1	11736
Taller de Integración I	102	Kleinke, C. (1998). Principios comunes en psicoterapia. bilbao, españa: desclée de Brouwer.	1998	NO INDICA	NO disponible	0	
Taller de Integración I	102	Leahey, T. (2003). Historia de la Psicología. Editorial Prentice Hall. Madrid, España. (código biblioteca sede Cordillera: 150.9 H222 1998 c.2)	2003	NO INDICA	NO disponible	0	
Taller de Integración I	102	Papalia, D. (1995). Psicología. Editorial Mac- Graw-Hill. México. (código biblioteca: 150 P213)	1995	NO INDICA	DISPONIBLE	11	8115
Taller de Integración I	102	Chile, C. d. (1990). Código de ética profesional. Recuperado el 08 de 09 de 2015, de http://colegiopsicologos.cl/web_cpc/quienes-somos/codigo-de-etica-profesional/	1990	NO INDICA	DISPONIBLE	1	14816
Teorías del Aprendizaje y la Conducta	102	- Domjan, Michael. (1995). Principios de aprendizaje y conducta. Editorial Debate. (código biblioteca: 153.15 D672 1999)	1995	OBLIGATORIA	DISPONIBLE	2	12988
Teorías del Aprendizaje y la Conducta	102	Leahey, C451Thomas H. (2003). Historia de la Psicología. Editorial Prentice Hall. (código biblioteca sede Cordillera: 150.9 H222 1998 c.2)	2003	OBLIGATORIA	NO disponible	0	
Promoción en Salud	201	Gil Piédrola, Sierra López , (2008) Medicina Preventiva y Salud Pública, 11ª Ed, Elsevier Masson, Barcelona. Elsevier, Barcelona.	2008	OBLIGATORIA	DISPONIBLE	7	27522
Promoción en Salud	201	Miguel Angel Martínez- González, (2013). Conceptos d esalud pública y estrategias preventivas: Un manual para ciencias de la salud,	2013	OBLIGATORIA	DISPONIBLE	20	27613-25190
Promoción en Salud	201	Hernández- Aguado. IIdefonso, Gil de Miguel. Angel, Lumbreras Lacarra, Blanca. (2011), Manual de Epidemiologíay Salud Pública: para grados en ciencias de la salud, 2ª Edición, Médica Panamericana, Buenos Aires.	2011	OBLIGATORIA	DISPONIBLE	5	27985
Promoción en Salud	201	Cecilia Albala, Sonia Olivares, Judith Salinas Fernando Vio, (2004). Bases, prioridades y desafíos de la Promoción Salud. Santiago Chile.	2004	COMPLEMENTARIA	NO disponible	0	
Psicología Aplicada	201	Papalia. (1987). Psicología. EEUU: Mc Graw Hill.	1987	OBLIGATORIA	DISPONIBLE	10	8115
Psicología Aplicada	201	 O´Sullivans,S.( 2013). RehabilitaciónFísica. EEUU:Paidotribo.	2013	OBLIGATORIA	DISPONIBLE	1	25208
Psicología Aplicada	201	Townsend, C.(2011). Fundamentos de Enfermería Psiquiátrica. EEUU: Mcgraw Hill.	2011	OBLIGATORIA	DISPONIBLE	8	24630
Psicología Aplicada	201	Papalia.( 2010). Desarrollo Humano. EEUU: McGraw Hill.	2010	OBLIGATORIA	DISPONIBLE	1	11365
Psicología Aplicada	201	· Craig, C. (1997). Desarrollo Psicológico. México: Prentice Hall.	1997	COMPLEMENTARIA	DISPONIBLE	5	504-10991
Psicología Comunitaria	201	Alfaro, J. & Berroeta, H. (2007). Trayectorias de la Psicología Comunitaria en Chile: Prácticas y Conceptos. Valparaíso, Chile. Universidad de Valparaíso.	2007	OBLIGATORIA	NO disponible	0	
Psicología Comunitaria	201	Montero, M. (2004).Introducción a la Psicología Comunitaria. Buenos Aires, Argentina: Paidós.	2004	OBLIGATORIA	DISPONIBLE	3	25028
Psicología Comunitaria	201	Montero, M. (2004). Relaciones Entre Psicología Social Comunitaria, Psicología Crítica y Psicología de la Liberación: Una Respuesta Latinoamericana. Psykhe (Santiago), 13(2), 17-28.	2004	OBLIGATORIA	NO disponible	0	
Psicología Comunitaria	201	Montero, M. (2003). Teoría y Práctica de la Psicología Comunitaria: La Tensión entre comunidad y Sociedad. Buenos Aires, Argentina: Paidós.	2003	OBLIGATORIA	NO disponible	0	
Psicología Comunitaria	201	Musitu, G., Herrero, J., Cantera, L. & Montenegro, M. (2004). Introducción a la Psicología Comunitaria. Barcelona, España. Ed.UOC.	2004	OBLIGATORIA	NO disponible	0	
Psicología del desarrollo infanto-juvenil	201	Faw, Terry (1988). Psicología del niño: Teoría y 488 problemas resueltos. Serie Schaum. Ed. Mc Graw Hill. - No. Pedido UDA 155.4 F278	1988	OBLIGATORIA	DISPONIBLE	2	4850
Psicología del desarrollo infanto-juvenil	201	Kail, Robert V. y Cavanaugh, John C. (2006). Desarrollo humano: Una perspectiva del ciclo vital. Tercera edición. Ed. Thomson. - No. Pedido UDA 303.4 K13	2006	OBLIGATORIA	DISPONIBLE	1	21343
Psicología del desarrollo infanto-juvenil	201	Hoffman, Lois; Paris, Scott, Hall Elizabeth (1996). Psicología del desarrollo hoy. Sexta edición. Ed. Mc. Graw Hill. - No. Pedido UDA 155.4 F278	1996	COMPLEMENTARIA	DISPONIBLE	21	162
Psicología del desarrollo infanto-juvenil	201	- Vidal, Lucena Margarita y Diaz, Curiel Juan (2002). Atención temprana: Guía práctica para la estimulación del nino de 0 a 3 años. Quinta edición. Ed. Cepe, Madrid, Espana Hill. Hill - No. Pedido UDA 155.4 V649	2002	COMPLEMENTARIA	DISPONIBLE	3	15705
Psicología del desarrollo infanto-juvenil	201	- Craig, Grace J. (1992). Desarrollo Psicológico. Ed. Pretince Hall Hispano Americana S.A. - No. Pedido UDA 155.7 C886	1992	COMPLEMENTARIA	DISPONIBLE	5	10991
Psicología del desarrollo infanto-juvenil	201	- Papalia, Diane E.; Olds, Wendkos Sally; Feldman, Duskin Ruth (2009). Psicología del desarrollo. Undécima edición. Ed. Mc.Graw Hill. - No. Pedido UDA 155.0202 P213p C.3	2009	OBLIGATORIA	DISPONIBLE	1	4748
Psicología del desarrollo infanto-juvenil	201	- Almonte, C; Monnt, M; Correa ,. (2009). Psicopatología infantil y de la adolescencia.	2009	OBLIGATORIA	NO disponible	0	
Psicología del desarrollo infanto-juvenil	201	- Hoffman, Lois; Paris, Scott, Hall Elizabeth (1996). Psicología del desarrollo hoy. Sexta edición. Ed. Mc. Graw Hill. - No. Pedido UDA 155.4 F278	1996	COMPLEMENTARIA	DISPONIBLE	21	162
TEORIAS SISTEMICAS	201	- Watzlawick, Paul; Beavin, Janet; Jackson, D.(1997). Teoria de la comunicación humana. Undecima edición. Ed. Herder.153.6 W353t.	1997	OBLIGATORIA	DISPONIBLE	2	13176
TEORIAS SISTEMICAS	201	- Berger, Milton. ( 1993).Mas alla del doble vinculo. 616.893. M394.	1993	OBLIGATORIA	DISPONIBLE	1	21539
TEORIAS SISTEMICAS	201	- Suzzane Midori anna; Josep Brown. La práctica de de laTerapia familiar.Ed Descleé. (1988)	1988	OBLIGATORIA	NO disponible	0	
TEORIAS SISTEMICAS	201	- Ritvo E, Glick I. Terapia de pareja y familiar. Guia practica. Manual moderno.(2012)	2012	OBLIGATORIA	DISPONIBLE	3	28221
Teoria Psicoanalítica	201	Freud, Sigmund (1936). Psicopatología de la Vida Cotidiana. Ercilla, Santiago de Chile. (Registro de Biblioteca 616.8917 F889p)	1936	OBLIGATORIA	DISPONIBLE	1	350
Teoria Psicoanalítica	201	Freud, Sigmund (1954). Obras Completas: psicoanálisis aplicado. Santiago Rueda Editores. Buenos Aires. (Registro Biblioteca 154.24 F889)	1954	OBLIGATORIA	DISPONIBLE	1	7884
Teoria Psicoanalítica	201	Freud, Sigmund (1966). Esquemas del Psicoanálisis. Paidós. Buenos Aires. (Registro Biblioteca 150.195 F889e)	1966	OBLIGATORIA	DISPONIBLE	3	292
Teoria Psicoanalítica	201	Freud, Sigmund (1972). Nuevas aportaciones a la interpretación de los sueños. Alianza, Madrid. (Registro Biblioteca 154.63 F889)	1972	OBLIGATORIA	DISPONIBLE	1	7908
Teoria Psicoanalítica	201	Freud, Sigmund (1980). Tres ensayos sobre teoría sexual. Alianza, Madrid. (Registro Biblioteca 155.3 F889)	1980	OBLIGATORIA	DISPONIBLE	2	4759
Teoria Psicoanalítica	201	Fenichel, Otto (2008). Teoria Psicoanalítica de las Neurosis. Paidós, México.	2008	OBLIGATORIA	NO disponible	0	
Teorías Cognitivas	201	Bower, Gordon H. y Hilgard, Ernest R. Teorías del Aprendizaje.		OBLIGATORIA	DISPONIBLE	1	12700
Teorías Cognitivas	201	-Mayor, Richard E. Pensamiento y Resolución de Conflictos		OBLIGATORIA	NO disponible	0	
Teorías Cognitivas	201	- Domjan, Michael. (1995). Principios de aprendizaje y conducta. Editorial Debate. (código biblioteca: 153.15 D672 1999)	1995	OBLIGATORIA	DISPONIBLE	2	12988
Teorías Cognitivas	201	Thomas H. (2003). Historia de la Psicología. Editorial Prentice Hall. (código biblioteca sede Cordillera: 150.9 H222 1998 c.2)	2003	OBLIGATORIA	NO disponible	0	
Teorías Cognitivas	201	-Piaget, Jean. Memoria e Inteligencia		COMPLEMENTARIA	DISPONIBLE	4	4722
Teorías Cognitivas	201	-Whittaker. Psicología.		COMPLEMENTARIA	DISPONIBLE	7	4942
Teorías Cognitivas	201	-Papalia, Diane. Psicología.		COMPLEMENTARIA	DISPONIBLE	11	8115
Psicología de la Personalidad	202	- Segal, H. (2003). Introducción a la obra de Melanie Klein. Buenos Aires, Argentina: Paidós.	2003	OBLIGATORIA	NO disponible	0	
Psicología de la Personalidad	202	- Kernberg, O. F. (1999). Trastornos Graves de la Personalidad. México: El manual moderno.	1999	OBLIGATORIA	NO disponible	0	
Psicología de la Personalidad	202	- Riquelme, R. y Oksenberg, A. (Ed). (2003). Trastornos de Personalidad, hacia una mirada integral. Santiago, Chile.	2003	OBLIGATORIA	NO disponible	0	
Psicología de la Personalidad	202	- Cloninger, S. (2003). Teorías de la personalidad. México: Prentice Hall.	2003	OBLIGATORIA	NO disponible	0	
Psicología del Desarrollo del Adulto y Adulto Mayor	202	Almonte, C., Montt, M., & Correa, A. (2009). Psicopatología infantil y de la adolescencia . Santiago, Chile: Mediterraneo.	2009	NO INDICA	NO disponible	0	
Psicología del Desarrollo del Adulto y Adulto Mayor	202	Diane E. Papalia, S. W. (2010). Psicologia del desarrollo. Mexico: Mac-Graw-Hill.	2010	NO INDICA	DISPONIBLE	9	23143
Psicología del Desarrollo del Adulto y Adulto Mayor	202	Papalia, D. (1995). Psicología. México: Mac- Graw-Hill.	1995	NO INDICA	DISPONIBLE	11	8115
Psicología del Desarrollo del Adulto y Adulto Mayor	202	SENAMA. (s.f.). Las personas mayores en chile situacion avances y desafiosas personas mayores en chile. Recuperado el 09 de 09 de 2015, de www.senama.cl/filesapp/GLOSARIO_GERONTOLOGICO.pdf	2015	NO INDICA	NO disponible	0	
Psicología del Desarrollo del Adulto y Adulto Mayor	202	Ascensión Belart, M. F. (1999). El ciclo de la vida: Una visión sistémica de la familia. España: Desclée De Brower.	1999	NO INDICA	DISPONIBLE	1	22591
Psicología del Desarrollo del Adulto y Adulto Mayor	202	Bowen, M. (1998). De la familia a l individuo: La diferenciación del sí mismo en el sistema familiar. Roma, Italia: Paidos.	1998	NO INDICA	DISPONIBLE	1	19143
Psicología del Desarrollo del Adulto y Adulto Mayor	202	Haley, J. (2013). Terapia no convencional. Amorrortu.	2013	NO INDICA	NO disponible	0	
Psicología del Desarrollo del Adulto y Adulto Mayor	202	Sarquis, C. (s.f.). Introducción al estudio de la pareja humana. Santiago: Ediciones Universidad Católica de Chile.		NO INDICA	DISPONIBLE	1	8859
Taller de Integración II	202	Almonte, C., Montt, M., & Correa, A. (2009). Psicopatología infantil y de la adolescencia . Santiago, Chile: Mediterraneo.	2009	NO INDICA	NO disponible	0	
Taller de Integración II	202	Chile, C. d. (1990). CÓDIGO DE ÉTICA PROFESIONAL. Recuperado el 08 de 09 de 2015, de http://colegiopsicologos.cl/web_cpc/quienes-somos/codigo-de-etica-profesional/	1990	NO INDICA	DISPONIBLE	1	14816
Taller de Integración II	202	Diane E. Papalia, S. W. (2010). PSICOLOGIA DEL DESARROLLO. MEXICO: MAC-GRAW-HILL.	2010	NO INDICA	DISPONIBLE	9	23143
Taller de Integración II	202	Kleinke, C. (1998). Principios comunes en psicoterapia. bilbao, españa: desclée de Brouwer.	1998	NO INDICA	NO disponible	0	
Taller de Integración II	202	Papalia, D. (1995). PSICOLOGÍA. México: Mac- Graw-Hill.	1995	NO INDICA	DISPONIBLE	11	8115
Teorías Humanistas	202	Berman, Morris, El Reencantamiento del Mundo, Cuatro Vientos, Santiago de Chile, 1987.	1987	OBLIGATORIA	NO disponible	0	
Teorías Humanistas	202	Cloninger, Susan C. (2003). Teorías de la personalidad (Tercera edición). Ed. Prentice Hall.	2003	OBLIGATORIA	NO disponible	0	
Teorías Humanistas	202	Jiménez V., Carlos Alberto  VISIÓN HOLOÁRQUICA DEL COSMOS. Nómadas 17. p.91-103.		OBLIGATORIA	NO disponible	0	
Teorías Humanistas	202	Jourard, S.M.; & Landsman, T. (2005). La Personalidad Saludable. El punto de vista de la Psicología Humanística. Ed. Trillas. (código biblioteca:155.2 J738)	2005	OBLIGATORIA	DISPONIBLE	1	21655
Teorías Humanistas	202	Hardy Leahey, T. (2003). Historia de la Psicología: Corrientes principales del pensamiento psicológico. Ed. Pearson.	2003	OBLIGATORIA	NO disponible	0	
Teorías Humanistas	202	Naranjo, Claudio. La vieja y novísima Gestalt: Actitud y práctica (1990) Santiago: Cuatro Vientos.	1990	OBLIGATORIA	DISPONIBLE	2	7107
Teorías Humanistas	202	Papalia, D (1995). Psicología. Editorial Mac- Graw-Hill. (código biblioteca: 150 P213)	1995	OBLIGATORIA	DISPONIBLE	11	8115
Teorías Humanistas	202	"Perls, Frederick (2007). ""Yo, hambre y agresión"". Ed. Soc. de Cultura Valle-Inclán. Los Libros del CTP; Ferrol."	2007	OBLIGATORIA	NO disponible	0	
Teorías Humanistas	202	"Rogers, Carl R. (1981). Psicoterapia
centrada en el cliente: práctica, implicaciones y teoría, editorial Paidós."	1981	OBLIGATORIA	NO disponible	0	
Teorías Humanistas	202	Wilber, Ken (1993). Psicologia Integral. Editorial Kairós, S.A.	1993	OBLIGATORIA	NO disponible	0	
Teorías Humanistas	202	Casassus, Juan. (2007). La Educación del ser emocional. Índigo – Cuarto Propio.	2007	COMPLEMENTARIA	NO disponible	0	
Teorías Humanistas	202	Csikszentmihaly, Mihaly. APRENDER A FLUIR. Editorial Kairós. Barcelona. España.		COMPLEMENTARIA	NO disponible	0	
Teorías Humanistas	202	Naranjo, Claudio.  Por una Gestalt viva (2007) Vitoria: Ediciones La Llave.	2007	COMPLEMENTARIA	NO disponible	0	
Teorías Humanistas	202	"Perls, Frederick (2013). ""El enfoque gestalt y testigos de terapia"". Santiago de Chile: Cuatro Vientos Editorial."	2013	COMPLEMENTARIA	NO disponible	0	
Teorías Humanistas	202	Rogers, Carl R. (1993). El proceso de convertirse en persona: mi técnica terapéutica, editorial Paidós.	1993	COMPLEMENTARIA	DISPONIBLE	1	14643
Teorías Humanistas	202	Whittaker, J. (1991). Psicología. Editorial Mc- Graw-Hill. (código biblioteca: 150 W624)	1991	COMPLEMENTARIA	DISPONIBLE	7	4942
Psicología Organizacional y del Trabajo	301	Rodríguez, D. (2001). Gestión Organizacional. Ediciones Universidad Católica de Chile, Stgo., Chile	2001	NO INDICA	DISPONIBLE	6	7529
Psicología Organizacional y del Trabajo	301	Pereda, S. y Berrocal, F. (1999). Gestión de Recursos Humanos por Competencias. Editorial Centro de Estudios Ramón Areces, S.A.,España	1999	NO INDICA	NO disponible	0	
Psicología Organizacional y del Trabajo	301	López - Mejías, F. (2002). Psicología de las Organizaciones. Prentice/ Hall Internacional.	2002	NO INDICA	NO disponible	0	
Psicología Organizacional y del Trabajo	301	De La Plaza, Javiera. (2009). La Inteligencia Asertiva. Aguilar Chilena de Ediciones S.A. Chile.	2009	NO INDICA	DISPONIBLE	1	24080
Psicología Organizacional y del Trabajo	301	Campbell, Susan. (1997). Del Caos a la Confianza. Paidós. Argentina.	1997	NO INDICA	DISPONIBLE	1	14130
Psicología Organizacional y del Trabajo	301	Alcover, C., Martínez, D., Rodríguez, F., Domínguez, R. Introducción a la Psicología del Trabajo. McGraw-Hill. España.		NO INDICA	DISPONIBLE	2	22760
Psicopatología Infanto-juvenil	301	Almonte, C., Montt, M., & Correa, A. (2003). Psicopatología infantil y de la adolescencia. Santiago: Mediterraneo.	2003	NO INDICA	NO disponible	0	
Psicopatología Infanto-juvenil	301	Americana, d. P. (2014). Manual diagnóstico y estadístico de los trastornos mentales DSM-V. España: Panamericana.	2014	NO INDICA	DISPONIBLE	5	26712
Psicopatología Infanto-juvenil	301	Arnedo, Bembibre, & Triviño. (s.f.). Neuropsicologia a través de casos clínicos. Panamericana.		NO INDICA	NO disponible	0	
Psicopatología Infanto-juvenil	301	Ballesteros, F. (s.f.). Introducción a la evaluación psicológica, Tomo I y II.		NO INDICA	NO disponible	0	
Psicopatología Infanto-juvenil	301	Belloch, A., Sandín, B., & Ramos, F. (s.f.). Manual de psicopatología I-II. España: Mc Graw- Hill.		NO INDICA	NO disponible	0	
Psicopatología Infanto-juvenil	301	Caponni, R. (1987). Psicopatología y semiología psiquiátrica. Santiago: Universitaria.	1987	NO INDICA	DISPONIBLE	5	1424
Psicopatología Infanto-juvenil	301	Chile, C. d. (1990). CÓDIGO DE ÉTICA PROFESIONAL. Recuperado el 08 de 09 de 2015, de http://colegiopsicologos.cl/web_cpc/quienes-somos/codigo-de-etica-profesional/	1990	NO INDICA	DISPONIBLE	1	14816
Psicopatología Infanto-juvenil	301	Cormier, H., & Sheilyn, L. (s.f.). Estrategias de entrevista para terapeutas. Desclee De Brouwer.		NO INDICA	NO disponible	0	
Psicopatología Infanto-juvenil	301	Gil, R. (2006). Manual de neuropsicología. Elsevier Masson.	2006	NO INDICA	NO disponible	0	
Psicopatología Infanto-juvenil	301	González, B. (2012). Daño cerebral adquirido: evaluación, diagnóstico y rehabilitación. España: Síntesis.	2012	NO INDICA	NO disponible	0	
Psicopatología Infanto-juvenil	301	J.Portellano. (s.f.). Introducción a la neuropsicología. MC Graw Hill.		NO INDICA	DISPONIBLE	1	25861
Psicopatología Infanto-juvenil	301	Juan Dittborn, S. R. (2010). Estucturas psicóticas , limítrofes y neuróticas de la personalidad en el test de Rorschach. Santiago: Mediterráneo.	2010	NO INDICA	NO disponible	0	
Psicopatología Infanto-juvenil	301	Kleinke, C. (1998). Principios comunes en psicoterapia. bilbao, españa: desclée de Brouwer.	1998	NO INDICA	NO disponible	0	
Psicopatología Infanto-juvenil	301	Leveton, E. (1988). El adolescente en crisis. Mexico: Pax Mexico.	1988	NO INDICA	NO disponible	0	
Psicopatología Infanto-juvenil	301	Levisky, D. (1998). Adolescencia:Reflexiones Psicoanalíticas. Buenos Aires: Lumen.	1998	NO INDICA	NO disponible	0	
Psicopatología Infanto-juvenil	301	OMS, O. M. (2003). DÉCIMA REVISIÓN DE LA CLASIFICACIÓN INTERNACIONAL DE LAS ENFERMEDADES CIE-10.	2003	NO INDICA	NO disponible	0	
Psicopatología Infanto-juvenil	301	Parmelee, D., & David, R. (s.f.). Psiquaitría del niño y el adolescente. España: Harcourt Brace.		NO INDICA	NO disponible	0	
Psicopatología Infanto-juvenil	301	Salud, O. P. (2006). Guia práctica de salud mental en situaciones de desastres. OPS/OMS.	2006	NO INDICA	NO disponible	0	
Psicopatología Infanto-juvenil	301	Scandar, R. (2003). El niño que no podía dejar de portarse mal. Buenos Aires: Distal.	2003	NO INDICA	NO disponible	0	
Taller de Desarrollo Personal III	301						
Apresto Laboral	302						
Psicología Educacional y Problemáticas de Contingencia Actual	302	Coll, C; Palacios, J. y Marchesi, A.(2002) Desarrollo Psicológico y Educación. Tomo II. Madrid. España: Editorial Alianza.	2002	OBLIGATORIA	DISPONIBLE	10	22513
Psicología Educacional y Problemáticas de Contingencia Actual	302	Grande, B. y Pemoff, J. (2002) Innovación Educativa Institucional. Argentina. Ediciones Magisterio del Rio de La Plata.	2002	OBLIGATORIA	DISPONIBLE	1	16719
Psicología Educacional y Problemáticas de Contingencia Actual	302	Santos, Miguel Ángel (2002). La Escuela que aprende. Tercera edición. Madrid. España. Ediciones Morata	2002	OBLIGATORIA	DISPONIBLE	1	22456
Psicología Educacional y Problemáticas de Contingencia Actual	302	Arancibia, V., Herrera, P., Strasser, K., (2005). Manual de Psicología Educacional. Santiago de Chile: Ediciones Universidad Católica de Chile.	2005	OBLIGATORIA	NO disponible	0	
Psicopatología del Adulto y del Adulto Mayor	302	Americana, d. P. (2014). Manual diagnóstico y estadístico de los trastornos mentales DSM-V. España: Panamericana.	2014	NO INDICA	DISPONIBLE	5	26712
Psicopatología del Adulto y del Adulto Mayor	302	Arnedo, Bembibre, & Triviño. (s.f.). Neuropsicologia a través de casos clínicos. Panamericana.		NO INDICA	NO disponible	0	
Psicopatología del Adulto y del Adulto Mayor	302	Ballesteros, F. (s.f.). Introducción a la evaluación psicológica, Tomo I y II.		NO INDICA	NO disponible	0	
Psicopatología del Adulto y del Adulto Mayor	302	Belloch, A., Sandín, B., & Ramos, F. (s.f.). Manual de psicopatología I-II. España: Mc Graw- Hill.		NO INDICA	NO disponible	0	
Psicopatología del Adulto y del Adulto Mayor	302	Caponni, R. (1987). Psicopatología y semiología psiquiátrica. Santiago: Universitaria.	1987	NO INDICA	DISPONIBLE	5	1424
Psicopatología del Adulto y del Adulto Mayor	302	Chile, C. d. (1990). CÓDIGO DE ÉTICA PROFESIONAL. Recuperado el 08 de 09 de 2015, de http://colegiopsicologos.cl/web_cpc/quienes-somos/codigo-de-etica-profesional/	1990	NO INDICA	DISPONIBLE	1	14816
Psicopatología del Adulto y del Adulto Mayor	302	Cormier, H., & Sheilyn, L. (s.f.). Estrategias de entrevista para terapeutas. Desclee De Brouwer.		NO INDICA	NO disponible	0	
Psicopatología del Adulto y del Adulto Mayor	302	GIL, R. (2006). MANUAL NEUROPSICOLOGIA. EDIT ELSEVIER MASSON.	2006	NO INDICA	NO disponible	0	
Psicopatología del Adulto y del Adulto Mayor	302	GONZALEZ, B. (2012). DAÑO CEREBRAL ADQUIRIDO: EVALUACIÓN, DIAGNÓSTICO Y REHABILITACIÓN. ESPAÑA: SÍNTESIS .	2012	NO INDICA	NO disponible	0	
Psicopatología del Adulto y del Adulto Mayor	302	J.PORTELLANO. (s.f.). INTRODUCCIÓN A LA NEUROPSICOLOGÍA. MC GRAW HILL.		NO INDICA	DISPONIBLE	1	25861
Psicopatología del Adulto y del Adulto Mayor	302	Juan Dittborn, S. R. (2010). Estucturas psicóticas , limítrofes y neuróticas de la personalidad en el test de Rorschach. Santiago: Mediterráneo.	2010	NO INDICA	NO disponible	0	
Psicopatología del Adulto y del Adulto Mayor	302	Kleinke, C. (1998). Principios comunes en psicoterapia. bilbao, españa: desclée de Brouwer.	1998	NO INDICA	NO disponible	0	
Psicopatología del Adulto y del Adulto Mayor	302	OMS, O. M. (2003). DÉCIMA REVISIÓN DE LA CLASIFICACIÓN INTERNACIONAL DE LAS ENFERMEDADES CIE-10.	2003	NO INDICA	NO disponible	0	
Psicopatología del Adulto y del Adulto Mayor	302	Salud, O. P. (2006). Guia práctica de salud mental en situaciones de desastres. OPS/OMS.	2006	NO INDICA	NO disponible	0	
Taller de Integración III	302	Almonte, C., Montt, M., & Correa, A. (2009). Psicopatología infantil y de la adolescencia . Santiago, Chile: Mediterraneo.	2009	NO INDICA	NO disponible	0	
Taller de Integración III	302	Kleinke, C. (1998). Principios comunes en psicoterapia. bilbao, españa: desclée de Brouwer.	1998	NO INDICA	NO disponible	0	
Taller de Integración III	302	Siquier de Ocampo, M., García, M. y Grassano, E. (2008). Las técnicas proyectivas y el proceso psicodiagnóstico. Buenos Aires, Argentina: Nueva Visión.	2008	NO INDICA	NO disponible	0	
Técnicas Proyectivas	302	Alicia Passalacqua, A. C. (s.f.). Psicodiagnóstico : Sistematización de Rorchach y nuevos aportes. Klex.		NO INDICA	NO disponible	0	
Técnicas Proyectivas	302	Bohm, E. (2001). Manual Psicodiagnóstico del Rorschach. Morata.	2001	NO INDICA	DISPONIBLE	2	25700
Técnicas Proyectivas	302	Ceberio, M. (1996). Fenómenos Especiales . Buenos Aires : Ediciones Culturales Universitarias Argentina.	1996	NO INDICA	NO disponible	0	
Técnicas Proyectivas	302	Gravenhorst, M. (1996). Los fenómenos especiales en Rorschach. Argentina: JVE Psique.	1996	NO INDICA	NO disponible	0	
Técnicas Proyectivas	302	Hammer, E. (s.f.). Test Proyectivos Gráficos. Buenos Aires: Paidos.		NO INDICA	NO disponible	0	
Técnicas Proyectivas	302	Juan Dittborn, S. R. (2010). Estucturas psicóticas , limítrofes y neuróticas de la personalidad en el test de Rorschach. Santiago: Mediterráneo.	2010	NO INDICA	NO disponible	0	
Técnicas Proyectivas	302	Kacero, E. (2009). Rorschach: Transformaciones entre la imagen y la palabra. Buenos Aires: Lugar Editorial.	2009	NO INDICA	NO disponible	0	
Técnicas Proyectivas	302	Ocampo, M. S., Arceno, M. G., & Pícolo, E. G. (s.f.). Técnicas proyectivas y el proceso Psicodiagnóstico. Buenos Aires: Nueva Visión.		NO INDICA	NO disponible	0	
Técnicas Proyectivas	302	Rorschach, H. (2000). Psicodiagnóstico: Una prueba diagnóstica basada en la percepción. Mexico: Manual Moderno.	2000	NO INDICA	NO disponible	0	
Técnicas Proyectivas	302	Silvia Querol, M. C. (2005). Test de la Persona bajo la lluvia: Adapatación y aplicación. Argentina: Lugar.	2005	NO INDICA	NO disponible	0	
Técnicas Proyectivas	302	Silvia Querol, S. A. (2008). Evaluación laboral: Test de la persona bajo la lluvia y análisis grafológicodel relato . Buenos Aires: Lugar.	2008	NO INDICA	NO disponible	0	
Técnicas Proyectivas	302	Warren., J. N. (s.f.). Manual de interpretación del test casa, arbol, persona. España: Tea Ediciones.		NO INDICA	NO disponible	0	
Técnicas Proyectivas	302	Weigle, C. (2007). Cómo interpretar el Rorschach: Su articulación con el psicoanálisis. Buenos Aires: Gráfica Printer S.A.	2007	NO INDICA	NO disponible	0	
Psicodiagnóstico Integrado	401	Alicia Passalacqua, A. C. (s.f.). Psicodiagnóstico : Sistematización de Rorchach y nuevos aportes. Klex.		NO INDICA	NO disponible	0	
Psicodiagnóstico Integrado	401	ALMONTE, C., MONTT, M., & CORREA, A. (2009). PSICOPATOLOGÍA INFANTIL Y DE LA ADOLESCENCIA . SANTIAGO, CHILE: MEDITERRANEO.	2009	NO INDICA	NO disponible	0	
Psicodiagnóstico Integrado	401	ARNEDO, BEMBIBRE, & TRIVIÑO. (s.f.). NEUROPSICOLOGÍA A TRAVÉS DE CASOS CLÍNICOS. PANAMERICANA.		NO INDICA	NO disponible	0	
Psicodiagnóstico Integrado	401	Ballesteros, F. (s.f.). Introducción a la evaluación psicológica, Tomo I y II.		NO INDICA	NO disponible	0	
Psicodiagnóstico Integrado	401	BELLACK, L. (s.f.). TAT para niños (CAT). . Editorial Paidós.		NO INDICA	NO disponible	0	
Psicodiagnóstico Integrado	401	Bender, L. (s.f.). Test Gestáltico Psicomotor: Usos y aplicaciones clínicas. Buenos Aires: Paidos.		NO INDICA	NO disponible	0	
Psicodiagnóstico Integrado	401	Bohm, E. (2001). Manual Psicodiagnóstico del Rorschach. Morata.	2001	NO INDICA	DISPONIBLE	2	25700
Psicodiagnóstico Integrado	401	Cattaneo, B. (2005). Informe psicológico: Elaboración y características en diferentes ámbitos. Buenos Aires: Eudeba.	2005	NO INDICA	NO disponible	0	
Psicodiagnóstico Integrado	401	Cattell. (1980). Cuestionario de 16 PF5 Factores de Personalidad. Manual Moderno. .	1980	NO INDICA	NO disponible	0	
Psicodiagnóstico Integrado	401	Ceberio, M. (1996). Fenómenos Especiales . Buenos Aires : Ediciones Culturales Universitarias Argentina.	1996	NO INDICA	DISPONIBLE	2	
Psicodiagnóstico Integrado	401	Cormier, H., & Sheilyn, L. (s.f.). Estrategias de entrevista para terapeutas. Desclee De Brouwer.		NO INDICA	NO disponible	0	
Psicodiagnóstico Integrado	401	Doll, E. (2012). Escala de madurez social de Vineland: Adapatación Chilena. Dwarf.	2012	NO INDICA	NO disponible	0	
Psicodiagnóstico Integrado	401	E.M García Pérez, A. M. (s.f.). EMA-D.D.A. ESCALA MAGALLANES DE DETECCION DE DEFICIT DE ATENCION. ALBOR-COHS.		NO INDICA	NO disponible	0	
Psicodiagnóstico Integrado	401	Golden, C. (2010). Test de colores y palabras de Stroop. España: Tea Ediciones.	2010	NO INDICA	NO disponible	0	
Psicodiagnóstico Integrado	401	Gravenhorst, M. (1996). Los fenómenos especiales en Rorschach. Argentina: JVE Psique.	1996	NO INDICA	NO disponible	0	
Psicodiagnóstico Integrado	401	Hammer, E. (s.f.). Test Proyectivos Gráficos. Buenos Aires: Paidos.		NO INDICA	NO disponible	0	
Psicodiagnóstico Integrado	401	J.N. Butcher, J. G.-P. (s.f.). Test Inventario Multifásico de personalidad de Minnesota 2. Tea Ediciones.		NO INDICA	NO disponible	0	
Psicodiagnóstico Integrado	401	Juan Dittborn, S. R. (2010). Estucturas psicóticas , limítrofes y neuróticas de la personalidad en el test de Rorschach. Santiago: Mediterráneo.	2010	NO INDICA	NO disponible	0	
Psicodiagnóstico Integrado	401	Kacero, E. (2009). Rorschach: Transformaciones entre la imagen y la palabra. Buenos Aires: Lugar Editorial.	2009	NO INDICA	NO disponible	0	
Psicodiagnóstico Integrado	401	Kleinke, C. (1998). Principios comunes en psicoterapia. bilbao, españa: desclée de Brouwer.	1998	NO INDICA	NO disponible	0	
Psicodiagnóstico Integrado	401	Klopfer, B. (s.f.). Técnica del Psicodiagnóstico. . Editorial Paidós.		NO INDICA	NO disponible	0	
Psicodiagnóstico Integrado	401	Lobos, A. (s.f.). Examen Cognoscitivo Mini-Mental. España: Tea Ediciones.		NO INDICA	NO disponible	0	
Psicodiagnóstico Integrado	401	Margarita Haeussler, T. M. (s.f.). Test de desarrollo Psicomotor de 2-5 años. Santiago: Universidad Católica.		NO INDICA	NO disponible	0	
Psicodiagnóstico Integrado	401	Murray, H. (s.f.). Manual para aplicación del TAT. Buenos Aires: Editorial Paidós.		NO INDICA	NO disponible	0	
Psicodiagnóstico Integrado	401	Ocampo, M. S., Arceno, M. G., & Pícolo, E. G. (s.f.). Técnicas proyectivas y el proceso Psicodiagnóstico. Buenos Aires: Nueva Visión.		NO INDICA	NO disponible	0	
Psicodiagnóstico Integrado	401	Paulina Kernberg, A. W. (2000). Trastornos de personalidad en niños y adolescentes. Mexico: Manual Moderno.	2000	NO INDICA	DISPONIBLE	2	26659
Psicodiagnóstico Integrado	401	Phillipson, H. (s.f.). Manual de aplicación del test de relaciones objetales.		NO INDICA	NO disponible	0	
Psicodiagnóstico Integrado	401	Rey, A. (s.f.). Test de copia y reproducción de memoria y figuras geométricas complejas. España: Tea Ediciones .		NO INDICA	NO disponible	0	
Psicodiagnóstico Integrado	401	Rivera, O. (1991). Interpretación del MMPI en Psicología Clínica, Laboral y Educativa. Edit. Manual Moderno. .	1991	NO INDICA	NO disponible	0	
Psicodiagnóstico Integrado	401	Rorschach, H. (2000). Psicodiagnóstico: Una prueba diagnóstica basada en la percepción. Mexico: Manual Moderno.	2000	NO INDICA	NO disponible	0	
Psicodiagnóstico Integrado	401	ROSSELLI, E. M. (2010). NEUROPSICOLOGÍA DEL DESARROLLO INFANTIl. MÉXICO: EDIT. MANUAL MODERNO .	2010	NO INDICA	DISPONIBLE	3	24807
Psicodiagnóstico Integrado	401	Silvia Querol, M. C. (2005). Test de la Persona bajo la lluvia: Adapatación y aplicación. Argentina: Lugar.	2005	NO INDICA	NO disponible	0	
Psicodiagnóstico Integrado	401	Silvia Querol, S. A. (2008). Evaluación laboral: Test de la persona bajo la lluvia y análisis grafológicodel relato . Buenos Aires: Lugar.	2008	NO INDICA	NO disponible	0	
Psicodiagnóstico Integrado	401	Soledad Rodríguez, V. A. (s.f.). Escala de desarrollo psicomotor de 0 a 24 meses (EEDP). Galdoc.		NO INDICA	DISPONIBLE	7	14647
Psicodiagnóstico Integrado	401	Valeria Ramírez, R. R. (2009). Test de Inteligencia para niños de Weschler III: Manual de administración y puntuación. Normas de estandarización chilena. Santiago: Ediciones Universidad Católica.	2009	NO INDICA	NO disponible	0	
Psicodiagnóstico Integrado	401	Verthelyi, R. F. (s.f.). Actualizaciones en el Test de Phillipson. Paidós.		NO INDICA	NO disponible	0	
Psicodiagnóstico Integrado	401	Warren., J. N. (s.f.). Manual de interpretación del test casa, arbol, persona. España: Tea Ediciones.		NO INDICA	NO disponible	0	
Psicodiagnóstico Integrado	401	Weigle, C. (2007). Cómo interpretar el Rorschach: Su articulación con el psicoanálisis. Buenos Aires: Gráfica Printer S.A.	2007	NO INDICA	NO disponible	0	
Psicodiagnóstico Integrado	401	Weschler. (2014). La Escala Wechsler de Inteligencia para Adultos - Cuarta edición . Santiago: Ediciones Universidad Católica.	2014	NO INDICA	NO disponible	0	
Psicología en el contexto Escolar	401	Arancibia, V., Herrera, P., Strasser, K., (2005). Manual de Psicología Educacional. Santiago de Chile: Ediciones Universidad Católica de Chile.	2005	OBLIGATORIA	NO disponible	0	
Psicología en el contexto Escolar	401	Coll, C; Palacios, J. y Marchesi, A.(2002) Desarrollo Psicológico y Educación. Tomo II. Madrid. España: Editorial Alianza.	2002	OBLIGATORIA	DISPONIBLE	10	22513
Psicología en el contexto Escolar	401	Condemarín; Chadwick; Milicic, (2006). Madurez Escolar, Edit. Andrés Bello.	2006	OBLIGATORIA	DISPONIBLE	1	22505
Psicología en el contexto Escolar	401	Grande, B. y Pemoff, J. (2002) Innovación Educativa Institucional. Argentina. Ediciones Magisterio del Rio de La Plata.	2002	OBLIGATORIA	DISPONIBLE	1	16719
Psicología en el contexto Escolar	401	Santos, Miguel Ángel (2002). La Escuela que aprende. Tercera edición. Madrid. España. Ediciones Morata.	2002	OBLIGATORIA	DISPONIBLE	1	22456
Psicología en el contexto Escolar	401	Soto, A., Strasser, S. (2007). Casos para el Estudio de la Psicología Educacional. Santiago de Chile: Ediciones Universidad Católica de Chile.	2007	OBLIGATORIA	NO disponible	0	
Taller de Integración IV	402	Almonte, C., Montt, M., & Correa, A. (2009). Psicopatología infantil y de la adolescencia . Santiago, Chile: Mediterraneo.	2009	NO INDICA	NO disponible	0	
Taller de Integración IV	402	Corsi. J. (1995). Violencia masculina en la pareja: Una aproximación al diagnóstico y a los modelos de intervención. Buenos Aires, Argentina: Paidos	1995	NO INDICA	DISPONIBLE	1	10543
Taller de Integración IV	402	Fernández, A. y Rodríguez, B. (2002). Intervención en crisis. Madrid, España: Síntesis.	2002	NO INDICA	DISPONIBLE	1	21565
Taller de Integración IV	402	Fischer, G. (1992). Campos de intervención en psicología social: Grupo - Institución cultural - ambiente social. Madrid, España: Narcea.	1992	NO INDICA	DISPONIBLE	2	11938
Taller de Integración IV	402	Garrido, V. (2005). Qué es la psicología criminológica. Madrid, España: Biblioteca Nueva.	2005	NO INDICA	NO disponible	0	
Taller de Integración IV	402	Kleinke, C. (1998). Principios comunes en psicoterapia. bilbao, españa: desclée de Brouwer.	1998	NO INDICA	NO disponible	0	
Taller de Integración IV	402	Siquier de Ocampo, M., García, M. y Grassano, E. (2008). Las técnicas proyectivas y el proceso psicodiagnóstico. Buenos Aires, Argentina: Nueva Visión.	2008	NO INDICA	NO disponible	0	
Proyecto de seminario de grado	501	HERNÁNDEZ SAMPIERI R. (2006) Metodología de la Investigación. Editorial McGraw - Hill. Pais Mexico	2006	OBLIGATORIA	DISPONIBLE	37	5098-22516-25115-25859-28759
Proyecto de seminario de grado	501	DELGADO, J. (1995), Métodos y Técnicas Cualitativas de Investigación en Ciencias Sociales; Editorial Síntesis S.A, España.	1995	OBLIGATORIA	DISPONIBLE	19	3649
Proyecto de seminario de grado	501	RODRÍGUEZ, G.; GIL, J. Y GARCÍA, E. (1996). Tradición y enfoques en la investigación cualitativa. México: Ediciones Aljibe, S. L.	1996	OBLIGATORIA	NO disponible	0	
Proyecto de seminario de grado	501	PEREZ SERRANO, GLORIA (1998), Metodología de la Investigación Cualitativa, Retos e Interrogantes, Tomo I y II.	1998	OBLIGATORIA	NO disponible	0	
Proyecto de seminario de grado	501	KERLINGER. F. (1985). Investigación del comportamiento. New York, Editorian Mc Graw Hill. Código: 001.4 K39	1985	OBLIGATORIA	DISPONIBLE	1	4774
Proyecto de seminario de grado	501	BUNGE, M. (1978). La ciencia: su método y su filosofía. Buenos Aires: Edic. Siglo XX. Pág. 9-68.	1978	OBLIGATORIA	DISPONIBLE	8	2939
Proyecto de seminario de grado	501	SIERRA BRAVO, R. (1993). Técnica de investigación social. Madrid: Editorial Paraninfo. (Capítulos 1,2 y 3).	1993	OBLIGATORIA	NO disponible	0	
Proyecto de seminario de grado	501	CAMPBELL D. Y STANLEY J. (1988). Diseños experimentales y cuasiexpermentales en la investigación social. Buenos Aires: Amorrortu editores. (pág. 9 – 110)	1988	OBLIGATORIA	DISPONIBLE	4	22489
Proyecto de seminario de grado	501	LEÓN, O. E MONTERO, I. (1993). Diseños de investigaciones. España: McGraw-Hill. (Capítulo 4, 5, 6, 7, 8 y 9)	1993	OBLIGATORIA	NO disponible	0	
Seminario de grado y defensa	501	HERNÁNDEZ SAMPIERI R. (2006) Metodología de la Investigación. Editorial McGraw - Hill. Pais Mexico	2006	OBLIGATORIA	DISPONIBLE	1	22516
Seminario de grado y defensa	501	DELGADO, J. (1995), Métodos y Técnicas Cualitativas de Investigación en Ciencias Sociales; Editorial Síntesis S.A, España.	1995	OBLIGATORIA	DISPONIBLE	19	3649
Seminario de grado y defensa	501	RODRÍGUEZ, G.; GIL, J. Y GARCÍA, E. (1996). Tradición y enfoques en la investigación cualitativa. México: Ediciones Aljibe, S. L.	1996	OBLIGATORIA	NO disponible	0	
Seminario de grado y defensa	501	PEREZ SERRANO, GLORIA (1998), Metodología de la Investigación Cualitativa, Retos e Interrogantes, Tomo I y II.	1998	OBLIGATORIA	DISPONIBLE	16	11598
Seminario de grado y defensa	501	KERLINGER. F. (1985). Investigación del comportamiento. New York, Editorian Mc Graw Hill. Código: 001.4 K39	1985	OBLIGATORIA	DISPONIBLE	1	4774
Seminario de grado y defensa	501	BUNGE, M. (1978). La ciencia: su método y su filosofía. Buenos Aires: Edic. Siglo XX. Pág. 9-68.	1978	OBLIGATORIA	DISPONIBLE	8	2939
Seminario de grado y defensa	501	SIERRA BRAVO, R. (1993). Técnica de investigación social. Madrid: Editorial Paraninfo. (Capítulos 1,2 y 3).	1993	OBLIGATORIA	DISPONIBLE	4	22489
Seminario de grado y defensa	501	CAMPBELL D. Y STANLEY J. (1988). Diseños experimentales y cuasiexpermentales en la investigación social. Buenos Aires: Amorrortu editores. (pág. 9 – 110)	1988	OBLIGATORIA	DISPONIBLE	11	7316
Seminario de grado y defensa	501	LEÓN, O. E MONTERO, I. (1993). Diseños de investigaciones. España: McGraw-Hill. (Capítulo 4, 5, 6, 7, 8 y 9)	1993	OBLIGATORIA	NO disponible	0	
Inglés I	101 – semestre 1						
Epistemología de las Ciencias Sociales	101– semestre 1	Bunge, M. (1960/1997). La ciencia, su método y su filosofía. Buenos Aires, Argentina: Sudamericana.	1960	OBLIGATORIA	DISPONIBLE	8	2939
Epistemología de las Ciencias Sociales	101– semestre 1	Briones, G. (2002). Epistemología de las Ciencias Sociales. Bogotá, Colombia. Instituto colombiano para el fomento de la educación superior.	2002	OBLIGATORIA	NO disponible	0	
Epistemología de las Ciencias Sociales	101– semestre 1	Echeverría, R. (1988) El búho de Minerva. Introducción a la filosofía moderna. Santiago, Chile. Programa Interdisciplinario de Investigación en Educación, Academia de Humanismo Cristiano.	1988	OBLIGATORIA	DISPONIBLE	2	16665
Epistemología de las Ciencias Sociales	101– semestre 1	Giannini, H. (2005). Breve Historia de la Filosofía. Santiago, Chile. Catalonia.	2005	OBLIGATORIA	DISPONIBLE	4	18770-6314
Epistemología de las Ciencias Sociales	101– semestre 1	Pérez, C. (1998) Sobre un concepto histórico de ciencia. Santiago: LOM.	1998	OBLIGATORIA	DISPONIBLE	10	15808-26349
Investigación en Ciencias Sociales	102 – semestre 2	Fernández, A. M. y López, M. (1997). Algunas puntuaciones sobre epistemología y campos de problemáticas en Ciencias Sociales. Veracruz – México.	1997	OBLIGATORIA	NO disponible	0	
Investigación en Ciencias Sociales	102 – semestre 2	Bunge, M. (1967). La investigación científica. Barcelona: Editorial Ariel. (Capítulo 1)	1967	OBLIGATORIA	DISPONIBLE	8	24837-2921
Investigación en Ciencias Sociales	102 – semestre 2	Bunge, M. (1978). La ciencia: su método y su filosofía. Buenos Aires: Edic. Siglo XX. Pág. 9-68.	1978	OBLIGATORIA	DISPONIBLE	8	2939
Investigación en Ciencias Sociales	102 – semestre 2	Sierra Bravo, R. (1993). Técnica de investigación social. Madrid: Editorial Paraninfo. (Capítulos 1,2 y 3).	1993	OBLIGATORIA	DISPONIBLE	4	22489
Investigación en Ciencias Sociales	102 – semestre 2	Rodríguez, G.; Gil, J. y García, E. (1996). Tradición y enfoques en la investigación cualitativa. México: Ediciones Aljibe, S. L. (Capítulo 2, 3 y 4)	1996	OBLIGATORIA	NO disponible	0	
Investigación en Ciencias Sociales	102 – semestre 2	Kerlinger, F. (1984) Investigación del comportamiento. México: Editorial Interamericana.(Segunda Edición, Parte 6 capítulos 17, 18, 19, 20, 21, y Parte 7 Capítulos 22, 23 y 24)	1984	OBLIGATORIA	DISPONIBLE	1	4774
Investigación en Ciencias Sociales	102 – semestre 2	Campbell D. y Stanley J. (1988). Diseños experimentales y cuasi-experimentales en la investigación social. Buenos Aires: Amorrortu editores. (pág. 9 – 110)	1988	OBLIGATORIA	DISPONIBLE	11	7316
Investigación en Ciencias Sociales	102 – semestre 2	León, O. E Montero, I. (1993). Diseños de investigaciones. España: McGraw-Hill. (Capítulo 4, 5, 6, 7, 8 y 9)	1993	OBLIGATORIA	NO disponible	0	
Procesos Psicológicos y Afectivos.	102 – semestre 2	Davidoff, L. (1995). Introducción a la Psicología. México: Mc Graw Hill. (código biblioteca: 150 D249)	1995	OBLIGATORIA	DISPONIBLE	7	908
Procesos Psicológicos y Afectivos.	102 – semestre 2	Gil, Roger. (2007). Manual Neuropsicología. 4ª edición. Editorial Elsevier Masson.	2007	OBLIGATORIA	NO disponible	0	
Procesos Psicológicos y Afectivos.	102 – semestre 2	Hardy Leahey, T and Jackson Harris, R. (1998). Aprendizaje y Cognición. Editorial Pretince Hall. (código biblioteca: 370 152 L434)	1998	OBLIGATORIA	DISPONIBLE	1	10870
Procesos Psicológicos y Afectivos.	102 – semestre 2	Hardy Leahey, T. (2003). Historia de la Psicología: Corrientes principales del pensamiento psicológico. Ed. Pearson.	2003	OBLIGATORIA	NO disponible	0	
Procesos Psicológicos y Afectivos.	102 – semestre 2	Kandel, E & Schwartz, J. (2013). Principles of Neural Science. McGraw-Hill	2013	OBLIGATORIA	DISPONIBLE	7	27095
Procesos Psicológicos y Afectivos.	102 – semestre 2	Papalia, D (1995). Psicología. Editorial Mac- Graw-Hill. (código biblioteca: 150 P213)	1995	OBLIGATORIA	DISPONIBLE	11	8115
Procesos Psicológicos y Afectivos.	102 – semestre 2	REVÉ J. M., (2003). Motivación y emoción, Mc Graw Hill, tercera edición.	2003	OBLIGATORIA	DISPONIBLE	2	10946
Procesos Psicológicos y Afectivos.	102 – semestre 2	Varela, F. (1988). Conocer. Editorial Gedisa.	1988	OBLIGATORIA	NO disponible	0	
Procesos Psicológicos y Afectivos.	102 – semestre 2	Whishaw, Kolb. (2009). Neuropsicología Humana. 5ª edición. Editorial medica Panamericana.	2009	OBLIGATORIA	NO disponible	0	
Procesos Psicológicos y Afectivos.	102 – semestre 2	Whittaker, J. (1991). Psicología. Editorial Mc- Graw-Hill. (código biblioteca: 150 W624)	1991	COMPLEMENTARIA	DISPONIBLE	7	4942
Procesos Psicológicos y Afectivos.	102 – semestre 2	Ulich. D. (1992). Iniciación a la psicología. Barcelona: Editorial Herder. (código biblioteca: 150 U39)	1992	COMPLEMENTARIA	DISPONIBLE	1	12449
Neuropsicología	102– semestre 2	ARNEDO, BEMBIBRE, & TRIVIÑO. (s.f.). NEUROPSICOLOGÍA A TRAVÉS DE CASOS CLÍNICOS. PANAMERICANA.		NO INDICA	NO disponible	0	
Neuropsicología	102– semestre 2	DIAMOND, M., SCHEIBEL, A., & ELSON, L. (2006). EL CEREBRO HUMANO: LIBRO DE TRABAJO. ESPAÑA: ARIEL NEUROCIENCIAS.	2006	NO INDICA	NO disponible	0	
Neuropsicología	102– semestre 2	GIL, R. (2006). MANUAL NEUROPSICOLOGIA. EDIT ELSEVIER MASSON.	2006	NO INDICA	NO disponible	0	
Neuropsicología	102– semestre 2	GONZALEZ, B. (2012). DAÑO CEREBRAL ADQUIRIDO: EVALUACIÓN, DIAGNÓSTICO Y REHABILITACIÓN. ESPAÑA: SÍNTESIS .	2012	NO INDICA	NO disponible	0	
Neuropsicología	102– semestre 2	J.PORTELLANO. (s.f.). INTRODUCCIÓN A LA NEUROPSICOLOGÍA. MC GRAW HILL.		NO INDICA	DISPONIBLE	1	25861
Neuropsicología	102– semestre 2	KOLB, & WHISHAW. (s.f.). NEUROPSICOLOGIA HUMANA. PANAMERICANA.		NO INDICA	NO disponible	0	
Neuropsicología	102– semestre 2	LAVADOS, & J, A. S. (2013). NEUROPSICOLOGÍA : BASES NEURONALES DE LOS PROCESOS MENTALES. SANTIAGO, CHILE: MEDITERRANEO.	2013	NO INDICA	NO disponible	0	
Neuropsicología	102– semestre 2	ROSSELLI, E. M. (2010). NEUROPSICOLOGÍA DEL DESARROLLO INFANTIl. MÉXICO: EDIT. MANUAL MODERNO .	2010	NO INDICA	DISPONIBLE	3	24807
Metodologías de Investigación en Psicología	201 – semestre 1	Fernández, A. M. y López, M. (1997). Algunas puntuaciones sobre epistemología y campos de problemáticas en Ciencias Sociales. Veracruz – México.	1997	OBLIGATORIA	NO disponible	0	
Metodologías de Investigación en Psicología	201 – semestre 1	Bunge, M. (1967). La investigación científica. Barcelona: Editorial Ariel. (Capítulo 1)	1967	OBLIGATORIA	DISPONIBLE	8	24837-2921
Metodologías de Investigación en Psicología	201 – semestre 1	Bunge, M. (1978). La ciencia: su método y su filosofía. Buenos Aires: Edic. Siglo XX. Pág. 9-68.	1978	OBLIGATORIA	DISPONIBLE	8	2939
Metodologías de Investigación en Psicología	201 – semestre 1	Sierra Bravo, R. (1993). Técnica de investigación social. Madrid: Editorial Paraninfo. (Capítulos 1,2 y 3).	1993	OBLIGATORIA	DISPONIBLE	4	22489
Metodologías de Investigación en Psicología	201 – semestre 1	Rodríguez, G.; Gil, J. y García, E. (1996). Tradición y enfoques en la investigación cualitativa. México: Ediciones Aljibe, S. L. (Capítulo 2, 3 y 4)	1996	OBLIGATORIA	NO disponible	0	
Metodologías de Investigación en Psicología	201 – semestre 1	Kerlinger, F. (1984) Investigación del comportamiento. México: Editorial Interamericana.(Segunda Edición, Parte 6 capítulos 17, 18, 19, 20, 21, y Parte 7 Capítulos 22, 23 y 24)	1984	OBLIGATORIA	DISPONIBLE	1	4774
Metodologías de Investigación en Psicología	201 – semestre 1	Campbell D. y Stanley J. (1988). Diseños experimentales y cuasiexpermentales en la investigación social. Buenos Aires: Amorrortu editores. (pág. 9 – 110)	1988	OBLIGATORIA	DISPONIBLE	11	7316
Metodologías de Investigación en Psicología	201 – semestre 1	León, O. E Montero, I. (1993). Diseños de investigaciones. España: McGraw-Hill. (Capítulo 4, 5, 6, 7, 8 y 9)	1993	OBLIGATORIA	NO disponible	0	
Inglés III	201 – semestre 3						
Desarrollo Personal y Profesional II	201- semestre 1	Albert, L. S. (1991). Las relaciones interpersonales: Manual del animador. Barcelona: Herder.	1991	NO INDICA	DISPONIBLE	1	13072
Desarrollo Personal y Profesional II	201- semestre 10	Steiner, C. P. (1998). La educacion emocional. Javier Vergara: Buenos Aires.	1998	NO INDICA	DISPONIBLE	1	11153
Desarrollo Personal y Profesional II	201- semestre 11	Stevens, J. O. (1988). El darse cuenta : Sentir, imaginar, vivenciar. Santiago, Chile: Cuatro Vientos.	1988	NO INDICA	DISPONIBLE	3	8967-25111
Desarrollo Personal y Profesional II	201- semestre 2	Alejandro López, A. P. (1995). Introducción a la psicología de la comunicación : textos y ejercicios. Santiago, Chile : Universidad Católica de Chile.	1995	NO INDICA	DISPONIBLE	4	2868
Desarrollo Personal y Profesional II	201- semestre 3	D. . (2007). Educación socioafectiva : 150 actividades para conocerse, comunicarse y aprender de los conflictos. Madrid: Narcea .	2007	NO INDICA	DISPONIBLE	1	22635
Desarrollo Personal y Profesional II	201- semestre 4	Feldman, J. R. (2005). Autoestima, cómo desarrollarla? : juegos, actividades, recursos, experiencias creativas. Madrid : Narcea.	2005	NO INDICA	DISPONIBLE	1	22503
Desarrollo Personal y Profesional II	201- semestre 5	Goleman, D. (1996). La inteligencia emocional. Buenos Aires : Javier Vergara,.	1996	NO INDICA	DISPONIBLE	4	9007-27107
Desarrollo Personal y Profesional II	201- semestre 6	Ruiz, A. (1994). Como ayudarse a uno mismo : Aplicaciones de la terapia cognitiva, para superar los problemas emocionales de la vida diaria. Santiago, Chile: San Pablo.	1994	NO INDICA	DISPONIBLE	2	7770
Desarrollo Personal y Profesional II	201- semestre 7	Ruiz, A. (1996). Tus problemas : el sicólogo responde. Santiago, Chile: San Pablo.	1996	NO INDICA	DISPONIBLE	1	10195
Desarrollo Personal y Profesional II	201- semestre 8	Segal, J. (1998). Su inteligencia emocional : Aprenda a incrementarla y a usarla. Barcelona : Grijalbo.	1998	NO INDICA	DISPONIBLE	1	9967
Desarrollo Personal y Profesional II	201- semestre 9	Sergio Rulicki, M. C. (2007). CNV - Comunicación No-Verbal : cómo la inteligencia emocional se expresa a través de los gestos. Buenos Aires, Argentina : Ediciones Granica.	2007	NO INDICA	DISPONIBLE	3	22758
Análisis Cuantitativo 2	202 – semestre 2	Cooligan H. (2004). Métodos de investigación y estadística en psicología. Segunda Edición. Editorial El Manual Moderno S.A. de C.V. México.	2004	OBLIGATORIA	NO disponible	0	
Análisis Cuantitativo 2	202 – semestre 2	Hernández R.; Fernández, C. & Baptista, P. (2003). Metodología de la investigación, 3. ed. México D.F.: McGraw-Hill.	2003	OBLIGATORIA	DISPONIBLE	37	5098 - 22516 - 25115 - 25859 - 28759
Análisis Cuantitativo 2	202 – semestre 2	Kerlinger, F. (1984) Investigación del comportamiento. México: Editorial Interamericana.(Segunda Edición, Parte 6 capítulos 17, 18, 19, 20, 21, y Parte 7 Capítulos 22, 23 y 24)	1984	OBLIGATORIA	DISPONIBLE	1	4774
Análisis Cuantitativo 2	202 – semestre 2	Guilford, J.P. & Fruchter, B. Estadística aplicada a la psicología y a la educación. Bogotá. Editorial Mc Graw Hill Latinoamericana S.A.		OBLIGATORIA	DISPONIBLE	8	1754
Análisis Cuantitativo 2	202 – semestre 2	Pérez, C. (2001). Técnicas de Estadísticas con SPSS. Pearson Educación.	2001	OBLIGATORIA	NO disponible	0	
Teorías Sistémicas	202 – semestre 2	- Watzlawick, Paul; Beavin, Janet; Jackson, D.(1997). Teoria de la comunicación humana. Undécima edición. Ed. Herder.153.6 W353t.	1997	OBLIGATORIA	DISPONIBLE	2	13176
Teorías Sistémicas	202 – semestre 2	- Echeverría, Rafael. (2003). Ontologia del lenguaje. Sexta edición.	2003	OBLIGATORIA	DISPONIBLE	3	25855-10488
Teorías Sistémicas	202 – semestre 2	- Kenney, B. Estética del cambio. (1990). Editoral Paidós.	1990	OBLIGATORIA	NO disponible	0	
Teorías Sistémicas	202 – semestre 2	Serebrinsky, H. (2009). Un viaje circular.Editorial de los 4 vientos	2009	OBLIGATORIA	NO disponible	0	
Inglés IV	202 – semestre 4						
Análisis Cuantitativo	301 – semestre 1	Delgado, J. (1995), Métodos y Técnicas Cualitativas de Investigación en Ciencias Sociales; Editorial Síntesis S.A, España.Ibáñez, J. (1991), El Regreso del Sujeto; Editorial Amerinda; Santiago.	1995	OBLIGATORIA	DISPONIBLE	19	3649
Análisis Cuantitativo	301 – semestre 1	Ibáñez, J. (1991), El Regreso del Sujeto; Editorial Amerinda; Santiago.	1991	OBLIGATORIA	DISPONIBLE	1	14922
Análisis Cuantitativo	301 – semestre 1	Rodríguez, G.; Gil, J. y García, E. (1996). Tradición y enfoques en la investigación cualitativa. México: Ediciones Aljibe, S. L.	1996	OBLIGATORIA	DISPONIBLE	5	20908
Análisis Cuantitativo	301 – semestre 1	Perez Serrano, Gloria (1998), Metodología de la Investigación Cualitativa, Retos e Interrogantes, Tomo I y II.	1998	OBLIGATORIA	NO disponible	0	
Habilidades Sociales y Comunicación	301 – semestre 1						
Evaluación Psicométrica	301 – semestre 1	Bender, L. (s.f.). Test Gestáltico Psicomotor: Usos y aplicaciones clínicas. Buenos Aires: Paidos.		NO INDICA	NO disponible	0	
Evaluación Psicométrica	301 – semestre 1	Cattaneo, B. (2005). Informe psicológico: Elaboración y características en diferentes ámbitos. Buenos Aires: Eudeba.	2005	NO INDICA	NO disponible	0	
Evaluación Psicométrica	301 – semestre 1	Cormier, H., & Sheilyn, L. (s.f.). Estrategias de entrevista para terapeutas. Desclee De Brouwer.		NO INDICA	NO disponible	0	
Evaluación Psicométrica	301 – semestre 1	Doll, E. (2012). Escala de madurez social de Vineland: Adapatación Chilena. Dwarf.	2012	NO INDICA	NO disponible	0	
Evaluación Psicométrica	301 – semestre 1	Golden, C. (2010). Test de colores y palabras de Stroop. España: Tea Ediciones.	2010	NO INDICA	NO disponible	0	
Evaluación Psicométrica	301 – semestre 1	Lobos, A. (s.f.). Examen Cognoscitivo Mini-Mental. España: Tea Ediciones.		NO INDICA	NO disponible	0	
Evaluación Psicométrica	301 – semestre 1	Margarita Haeussler, T. M. (s.f.). Test de desarrollo Psicomotor de 2-5 años. Santiago: Universidad Católica.		NO INDICA	NO disponible	0	
Evaluación Psicométrica	301 – semestre 1	Ocampo, M. S., Arceno, M. G., & Pícolo, E. G. (s.f.). Técnicas proyectivas y el proceso Psicodiagnóstico. Buenos Aires: Nueva Visión.		NO INDICA	NO disponible	0	
Evaluación Psicométrica	301 – semestre 1	Rey, A. (s.f.). Test de copia y reproducción de memoria y figuras geométricas complejas. España: Tea Ediciones .		NO INDICA	NO disponible	0	
Evaluación Psicométrica	301 – semestre 1	Soledad Rodríguez, V. A. (s.f.). Escala de desarrollo psicomotor de 0 a 24 meses (EEDP). Galdoc.		NO INDICA	DISPONIBLE	5	14647
Evaluación Psicométrica	301 – semestre 1	Valeria Ramírez, R. R. (2009). Test de Inteligencia para niños de Weschler III: Manual de administración y puntuación. Normas de estandarización chilena. Santiago: Ediciones Universidad Católica.	2009	NO INDICA	NO disponible	0	
Evaluación Psicométrica	301 – semestre 1	Weschler. (2014). La Escala Wechsler de Inteligencia para Adultos - Cuarta edición . Santiago: Ediciones Universidad Católica	2014	NO INDICA	DISPONIBLE	8	1965
Problemáticas Psicosociales Complejas	301- semestre 1	Baró, I. M. (2003). Poder, Ideología y Violencia. Madrid, España. Ed. Trotta.	2003	OBLIGATORIA	DISPONIBLE	1	24934
Problemáticas Psicosociales Complejas	301- semestre 10	Salazar, M.(1999). Psicología Social. Ciudad de México, Mexico. Ed. Trillas	1999	OBLIGATORIA	NO disponible	0	
Problemáticas Psicosociales Complejas	301- semestre 2	Barón, R. & Byrne, D. (2005). Psicología Social. Madrid, España. Ed. Pearson.	2005	OBLIGATORIA	DISPONIBLE	5	21210-14300
Problemáticas Psicosociales Complejas	301- semestre 3	Barra, E. (1998). Psicología Social. Concepción, Chile.  Universidad de Concepción.	1998	OBLIGATORIA	NO disponible	0	
Problemáticas Psicosociales Complejas	301- semestre 4	Cooper, D. (1994). Delincuencia Común en Chile. Santiago, Chile. Ed. LOM.	1994	OBLIGATORIA	DISPONIBLE	1	2177
Problemáticas Psicosociales Complejas	301- semestre 5	Fichter, J. (1994). Sociología. Barcelona, España. Ed. Herder.	1994	OBLIGATORIA	DISPONIBLE	1	13152
Problemáticas Psicosociales Complejas	301- semestre 6	Montero, M. (1994). Construcción y Crítica de la Psicología Social. Caracas, Venezuela. Ed. Antrophos.	1994	OBLIGATORIA	DISPONIBLE	1	17547
Problemáticas Psicosociales Complejas	301- semestre 8	Moulian, T. (2002). Anatomía de Un Mito. Santiago de Chile, Ed. LOM.	2002	OBLIGATORIA	NO disponible	0	
Problemáticas Psicosociales Complejas	301- semestre 9	Pérez Soto, C. (1996). Sobre la Condición Social de la Psicología. Santiago de Chile, Ed. LOM.	1996	OBLIGATORIA	DISPONIBLE	1	11736
Construcción de Pruebas e Instrumentos de Evaluación	302 – semestre 2	KERLINGER. F. (1985). Investigación del comportamiento. New York, Editorian Mc Graw Hill.	1985	OBLIGATORIA	DISPONIBLE	1	4774
Construcción de Pruebas e Instrumentos de Evaluación	302 – semestre 2	GUILFORD, J.P. & FRUCHTER, B. Estadística aplicada a la psicología y a la educación. Bogotá. Editorial Mc Graw Hill Latinoamericana S.A.		OBLIGATORIA	DISPONIBLE	8	1754
Construcción de Pruebas e Instrumentos de Evaluación	302 – semestre 2	Nunnally, J.C. (1995) Teoría psicométrica. 3.ed. México : McGraw-Hill.	1995	OBLIGATORIA	DISPONIBLE	3	28267
Construcción de Pruebas e Instrumentos de Evaluación	302 – semestre 2	Taylor, S. J.; Bogdan, R. (1990). Introducción a los métodos cualitativos de investigación. Buenos Aires: Paidós.	1990	OBLIGATORIA	DISPONIBLE	3	14927
Gestión de Personas y Desarrollo Organizacional	302 – semestre 2	Rodríguez, D. (2001). Gestión Organizacional. Ediciones Universidad Católica de Chile, Stgo., Chile	2001	NO INDICA	DISPONIBLE	6	7529
Gestión de Personas y Desarrollo Organizacional	302 – semestre 2	Pereda, S. y Berrocal, F. (1999). Gestión de Recursos Humanos por Competencias. Editorial Centro de Estudios Ramón Areces, S.A.,España	1999	NO INDICA	NO disponible	0	
Gestión de Personas y Desarrollo Organizacional	302 – semestre 2	López - Mejías, F. (2002). Psicología de las Organizaciones. Prentice/ Hall Internacional.	2002	NO INDICA	NO disponible	0	
Gestión de Personas y Desarrollo Organizacional	302 – semestre 2	De La Plaza, Javiera. (2009). La Inteligencia Asertiva. Aguilar Chilena de Ediciones S.A. Chile.	2009	NO INDICA	DISPONIBLE	1	24080
Gestión de Personas y Desarrollo Organizacional	302 – semestre 2	Campbell, Susan. (1997). Del Caos a la Confianza. Paidós. Argentina.	1997	NO INDICA	DISPONIBLE	1	14130
Gestión de Personas y Desarrollo Organizacional	302 – semestre 2	Alcover, C., Martínez, D., Rodríguez, F., Domínguez, R. Introducción a la Psicología del Trabajo. McGraw-Hill. España.		NO INDICA	DISPONIBLE	2	22760
Construcción y Evaluación de Proyectos.	401 – semestre 1	Ander-Egg, E.; Aguilar Idañez, M.J. (1995). Cómo elaborar un proyecto; Guíapara diseñar proyectos sociales y culturales. Buenos Aires: Lumen.	1995	OBLIGATORIA	DISPONIBLE	3	1208
Construcción y Evaluación de Proyectos.	401 – semestre 1	Baca Urbina, G. (2001). Evaluación de Proyectos. Mexico: McGraw-Hill Interamericana.	2001	OBLIGATORIA	DISPONIBLE	2	22553
Construcción y Evaluación de Proyectos.	401 – semestre 1	Cerda Gutierrez, H. (1995). Cómo elaborar proyectos; Diseño, ejecución y evaluación de proyectos sociales y educativos. Bogotá: Magisterio.	1995	OBLIGATORIA	DISPONIBLE	2	11713
Construcción y Evaluación de Proyectos.	401 – semestre 1	Pereña Brand, J. (1996). Dirección y gestión de proyectos. Madrid: Díaz de Santos.	1996	OBLIGATORIA	DISPONIBLE	1	619
Construcción y Evaluación de Proyectos.	401 – semestre 1	Pérez Serrano, G. (1993). Elaboración de proyectos sociales; Casosprácticos. Madrid: Nancea.	1993	OBLIGATORIA	NO disponible	0	
Construcción y Evaluación de Proyectos.	401 – semestre 1	Tejada Fernández, J. (2002). Evaluación de Programas. Barcelona: Praxis.	2002	OBLIGATORIA	NO disponible	0	
Psicología y Cine	401 – semestre 1	Martínez, A. (1997) Cine: Diccionario Espasa. Madrid, España: Espasa Calpe	1997	NO INDICA	DISPONIBLE	1	16607
Psicología y Cine	401 – semestre 1			NO INDICA	DISPONIBLE	2	14993
Ética Profesional	401 – semestre 1	Bauman, Z. (2004). Ética posmoderna. Buenos Aires: Siglo XXI.	2004	OBLIGATORIA	NO disponible	0	
Ética Profesional	401 – semestre 1	Colegio de Psicólogos de Chile (1999). Código de ética profesional. Santiago, Chile.	1999	OBLIGATORIA	NO disponible	0	
Ética Profesional	401 – semestre 1	Montero, M. (2004). Introducción a la psicología comunitaria. Buenos Aires: Paidós.	2004	OBLIGATORIA	DISPONIBLE	3	25028
Fundamentos de la intervención psicoterapéutica	401-semestre 1	Kleinke, C. (1998). Principios comunes en psicoterapia. España: Editorial Desclée de Brouwer.	1998	OBLIGATORIA	NO disponible	0	
Inclusión Educativa.	402 – semestre 2						
Electivo Profesional I	402 – semestre 2						
Electivo Profesional II	402 – semestre 2						
Electivo Profesional III	402 – semestre 2						
Electivo Profesional IV	402 – semestre 2						
Electivo Profesional V	402 – semestre 2						
Práctica Profesional I	501 – semestre 1						
Práctica Profesional II	502 – semestre 2						
Optativo I		Alicia Passalacqua, A. C. (s.f.). Psicodiagnóstico : Sistematización de Rorchach y nuevos aportes. Klex.		NO INDICA	NO disponible	0	
Optativo I		Bohm, E. (2001). Manual Psicodiagnóstico del Rorschach. Morata.	2001	NO INDICA	NO disponible	0	
Optativo I		Ceberio, M. (1996). Fenómenos Especiales . Buenos Aires : Ediciones Culturales Universitarias Argentina.	1996	NO INDICA	NO disponible	0	
Optativo I		Gravenhorst, M. (1996). Los fenómenos especiales en Rorschach. Argentina: JVE Psique.	1996	NO INDICA	NO disponible	0	
Optativo I		Hammer, E. (s.f.). Test Proyectivos Gráficos. Buenos Aires: Paidos.		NO INDICA	NO disponible	0	
Optativo I		Juan Dittborn, S. R. (2010). Estucturas psicóticas , limítrofes y neuróticas de la personalidad en el test de Rorschach. Santiago: Mediterráneo.	2010	NO INDICA	NO disponible	0	
Optativo I		Kacero, E. (2009). Rorschach: Transformaciones entre la imagen y la palabra. Buenos Aires: Lugar Editorial.	2009	NO INDICA	NO disponible	0	
Optativo I		Ocampo, M. S., Arceno, M. G., & Pícolo, E. G. (s.f.). Técnicas proyectivas y el proceso Psicodiagnóstico. Buenos Aires: Nueva Visión.		NO INDICA	NO disponible	0	
Optativo I		Rorschach, H. (2000). Psicodiagnóstico: Una prueba diagnóstica basada en la percepción. Mexico: Manual Moderno	2000	NO INDICA	NO disponible	0	
Optativo I		Silvia Querol, M. C. (2005). Test de la Persona bajo la lluvia: Adapatación y aplicación. Argentina: Lugar.	2005	NO INDICA	NO disponible	0	
Optativo I		Silvia Querol, S. A. (2008). Evaluación laboral: Test de la persona bajo la lluvia y análisis grafológicodel relato . Buenos Aires: Lugar.	2008	NO INDICA	NO disponible	0	
Optativo I		Warren., J. N. (s.f.). Manual de interpretación del test casa, arbol, persona. España: Tea Ediciones.		NO INDICA	NO disponible	0	
Optativo I		Weigle, C. (2007). Cómo interpretar el Rorschach: Su articulación con el psicoanálisis. Buenos Aires: Gráfica Printer S.A.	2007	NO INDICA	NO disponible	0	
