BIBLIOGRAFIA TRABAJO SOCIAL						
ASIGNATURA	DETALLE DE BIBLIOGRAFÍA 	TIPO DE BIBLIOGRAFIA	CANTIDAD DE COPIAS DISPONIBLES EN BIBLIOTECA 	NRO DE BIB# 	Disponibilidad	
Desarrollo Personal	Fisher, R (2001) El caballero de la Armadura Oxidada. Madrid: Ediciones Obelisco S.L.	OBLIGATORIA	5	22632-22996	1	
Desarrollo Personal	Vallejo-Nágera, J. (1980) Concierto para Instrumentos Desafinados. Barcelona: Editorial Planeta.	OBLIGATORIA	3	25566	1	
Desarrollo Personal	Maturana, H. (1997). Amor y Juego Fundamentos Olvidados de lo Humano (5ª ed.). Santiago de Chile: Instituto de Terapia Cognitiva.	COMPLEMENTARIA	1	25024	1	
Desarrollo Personal	Stevens, J. (1999). El darse Cuenta. Sentir, Imaginar, Vivenciar. Editorial. Santiago de Chile: Cuatro Vientos.	COMPLEMENTARIA	3	8967-25111	1	
Estrategias de aprendizaje autónomo	Drapeau, C (1998) Aprendiendo a aprender. Técnicas de aprendizaje acelerado. México, Océano, p. 135	OBLIGATORIA	0		0	
Estrategias de aprendizaje autónomo	Ferreiro, E (2000) Pasado y presente de los verbos leer y escribir. México, SEP (Cuadernos)	COMPLEMENTARIA	0		0	
Estrategias de aprendizaje autónomo	Ontoria, A et. al. (1996) Los mapas conceptuales en el aula. Argentina, editorial Magisterio del Río de la Plata, pp. 27–65.	COMPLEMENTARIA	3	11710	1	
Estrategias de aprendizaje autónomo	Pichardo, P & Josafat, J (1999) Taller de introducción a la didáctica de los mapas conceptuales. México, Ed. Jertalhum, pp. 7–47.	COMPLEMENTARIA	0		0	
Estrategias de aprendizaje autónomo	Pimienta, J (2005) Constructivismo. Estrategias para aprender a aprender. México, Pearson Educación, p. 134.	COMPLEMENTARIA	1	24861	1	
Estrategias de aprendizaje autónomo	Serafín, M (1998) Cómo se estudia. Buenos Aires, Paidós, p. 230	COMPLEMENTARIA	5	8895	1	
Fundamentos del Trabajo Social	Fernández García, T. (2008) Introducción al Trabajo Social, 4ª edición. Madrid: Alianza editorial.	OBLIGATORIA	3	21405-25097	1	
Fundamentos del Trabajo Social	Martínez, S. y Agüero, J. (2008). La dimensión político-ideológica del trabajo social. Buenos Aires: Dunken.	OBLIGATORIA	0		0	
Fundamentos del Trabajo Social	Zamanillo, T (1999). Para comprender el Trabajo Social. Madrid: Síntesis	OBLIGATORIA	2	23966	1	
Fundamentos del Trabajo Social	Ander Egg, E. (2009). Diccionario del trabajo social. 8ª ed. Bs. As.: Lumen.	COMPLEMENTARIA	2	23870	1	
Fundamentos del Trabajo Social	González, M. (2010). Historias del Trabajo Social en Chile, 1995-2008. Contribución para nuevos relatos. Santiago de Chile: Ediciones Técnicas de Ed. Superior.	COMPLEMENTARIA	0		0	
Fundamentos del Trabajo Social	Martínez, M. (2005) Modelos teóricos del trabajo social. Murcia: Diego Marín	COMPLEMENTARIA	0		0	
Historia Social y Política de Chile	Moulian, T. (2009). Contradicciones del Desarrollo Político Chileno, 1920-1900, Editorial LOM, Santiago de Chile.	OBLIGATORIA	4	22239	1	
Historia Social y Política de Chile	Salazar G. (2003). Historia Contemporánea de Chile. Volúmenes I, II y III. Santiago de Chile: Editorial LOM	OBLIGATORIA	26	24942-15428	1	
Historia Social y Política de Chile	(2006) Ser niño huacho en la historia de Chile. Santiago de Chile: Editorial LOM.	OBLIGATORIA	0		0	
Historia Social y Política de Chile	Garcés M. (2012). El despertar de la sociedad. Los movimientos sociales de América Latina y Chile, Editorial LOM.	COMPLEMENTARIA	1	24939	1	
Historia Social y Política de Chile	Moulian, T. (2002). Chile Anatomía de un Mito, Editorial LOM, Santiago de Chile	COMPLEMENTARIA	4	24649-12510	1	
Problemas Sociales Contemporáneos	López Araguren, E. (2005). Problemas Sociales. Desigualdad, pobreza y exclusión. Editorial Biblioteca, Nueva, Madrid, España.	OBLIGATORIA	2	25107	1	
Problemas Sociales Contemporáneos	Carballeda, A. (2002) Los Nuevos Escenarios y la Intervención del Trabajo Social. En: Nuevos Escenarios y Práctica Profesional. Una mirada crítica desde el Trabajo Social. Buenos Aires: Editorial Espacio	OBLIGATORIA	0		0	
Problemas Sociales Contemporáneos	Carballeda, A. (2002) La intervención en lo Social. Exclusión e integración en los nuevos escenarios sociales. Buenos Aires: Paidós.	COMPLEMENTARIA	0		0	
Trabajo Social y Epistemología de las ciencias sociales	Costas, X. (2010) Sociología del conocimiento y la cultura. Madrid: Editorial Tirant Lo Blanch.	OBLIGATORIA	0	24661	0	
Trabajo Social y Epistemología de las ciencias sociales	Quezada, M. (2001) Perspectivas Metodológicas en Trabajo Social. Santiago de Chile: ALAETS-CELATS	OBLIGATORIA	4	21467	1	
Trabajo Social y Epistemología de las ciencias sociales	Sobremonte, E. (ed) (2012) Epistemología, teoría y modelos de intervención en Trabajo Social. Bilbao: Editorial Deusto Digital	COMPLEMENTARIA	0		0	
Economía aplicada al Trabajo Social	Ahumada, J (2000). En vez de la miseria. Santiago: Los Andes	OBLIGATORIA	2	16764	1	
Economía aplicada al Trabajo Social	Barro, R; Febrero, R y Grilli, V (1997). Macroeconomía: teoría y política. Madrid: McGraw-Hill	OBLIGATORIA	3	9245	1	
Economía aplicada al Trabajo Social	Cademártori, J (2001). Chile: el modelo neoliberal. Chile: ediciones Chile América CESOC	OBLIGATORIA	1	18553	1	
Economía aplicada al Trabajo Social	Markiw, N (1998). Principios de la macroeconomía. Madrid: McGraw-Hill	COMPLEMENTARIA	0		0	
Economía aplicada al Trabajo Social	Ministerio Secretaria General de Gobierno. Secretaría de Comunicaciones y Cultura (1999). El tiempo de la gente: las cifras de una década de oportunidades y progreso. Chile: Secretaria de Comunicación y Cultura.	COMPLEMENTARIA	1	12989	1	
Economía aplicada al Trabajo Social	Muñoz, O (2000). El Estado y el sector privado. Chile: Flacso	COMPLEMENTARIA	1	16378	1	
Economía aplicada al Trabajo Social	Perret, B yRoustong, G (2000). La economía contra la sociedad: crisis de la integración social y cultural. Chile: Fondo de cultura económica.	COMPLEMENTARIA	1	16630	1	
Fundamentos de la Intervención Social	Arent, H. (2002) La condición humana. Barcelona: Paidós.	OBLIGATORIA	5	24967	1	
Fundamentos de la Intervención Social	Carballeda, A. (2007). La intervención en lo social. Exclusión e integración en los nuevos escenarios sociales: Paidos. Buenos Aires, Argentina	OBLIGATORIA	0		0	
Fundamentos de la Intervención Social	"Molina Molina, L. y Romero Saint Bonet, C. (2004). Modelos de intervención asistencial, socioeducativo y terapéutico en Trabajo Social. San José de Costa Rica: Universidad de Costa Rica.
 "	COMPLEMENTARIA	0		0	
Fundamentos de la Intervención Social	Martínez M. (2005). Modelos teóricos del trabajo social. Editorial Diego Marín	COMPLEMENTARIA	0		0	
Inglés I	Murphy, R. 1994. English Grammar in Use. Cambridge: Cambridge University Press.	OBLIGATORIA	22	26240-10050-18172	1	
Inglés I	Swan, M. 1996. Practical English Usage. Oxford: Oxford University Press	OBLIGATORIA	1	26238	1	
Inglés I	Eastwood, J. 1999. Oxford Practice Grammar. Oxford: Oxford University Press.	COMPLEMENTARIA	3	12303	1	
Inglés I	Hewings, M. 1999. Advanced Grammar in Use. Cambridge: Cambridge University Press.	COMPLEMENTARIA	0		0	
Inglés I	McCarthy, M. & F. A. O’Dell. 1997. Vocabulary in Use Upper Intermediate: Vocabulary Reference & Practice for Intermediate to Advanced Students. Cambridge: Cambridge University Press	COMPLEMENTARIA	0		0	
Pensamiento Social	Ritzer, G. (1993). Teoría Sociológica Clásica, Mac Graw –Hill. D.F. México	OBLIGATORIA	3	25037	1	
Pensamiento Social	Giner, S. (2008). Historia del Pensamiento Social, editorial Ariel. Buenos Aires, Argentina.	COMPLEMENTARIA	4	25052	1	
Pensamiento Social	Costa, X. (2008). Sociología del conocimiento y la cultura. Editorial Tirant Le Blanch. Buenos Aires	COMPLEMENTARIA	5	24661	1	
Antropología Socio cultural	Kottac, Conrad. (2002). Antropología Cultural. México: McGraw Hill	OBLIGATORIA	6	21604-25030	1	
Antropología Socio cultural	Harris, M. (2008). El Desarrollo de la Teoría Antropológica. Una historia de las teorías de la cultura. Madrid: Siglo XXI Editores. 16ª edición.	COMPLEMENTARIA	0		0	
Antropología Socio cultural	Berdichewsky, B. (2002) Antropología social: introducción .Santiago, Chile: LOM Ediciones.	COMPLEMENTARIA	4	21968	1	
Antropología Socio cultural	Eroles, C.; Gagneten, M. Sala, A. (2004) Antropología, cultura popular y derechos humanos. Buenos Aires. Editorial Espacio	COMPLEMENTARIA	1	22611	1	
Aproximación Crítica a la Realidad Social Local I (Contextos locales)	Carballeda, A. (2002) La intervención en lo social. Exclusión e integración en los nuevos escenarios sociales. Buenos Aires. Paidós.	OBLIGATORIA	0		0	
Aproximación Crítica a la Realidad Social Local I (Contextos locales)	Gutiérrez, J. F., & Delgado, J. M. (1995). Teoría de la observación. In Métodos y técnicas cualitativas de investigación en ciencias sociales (pp. 141-176). Síntesis	OBLIGATORIA	0		0	
Aproximación Crítica a la Realidad Social Local I (Contextos locales)	Anguera, M. T. (1978). Metodología de la observación en ciencias humanas. Madrid: sot.	COMPLEMENTARIA	4	14929	1	
Aproximación Crítica a la Realidad Social Local I (Contextos locales)	Hamme, M., & Atkinson, P. (1994). Etnografía. Métodos de investigación. M. Hamme, & P. Alkinson, Etnografía Métodos de Investigación. Barcelona: Paidós.	COMPLEMENTARIA	8	11308	1	
Aproximación Crítica a la Realidad Social Local I (Contextos locales)	Healy, K. (2001). Trabajo social: perspectivas contemporáneas. Madrid: Ediciones Morata.	COMPLEMENTARIA	0		0	
Aproximación Crítica a la Realidad Social Local I (Contextos locales)	Vallés, M. S. (2000); Técnicas cualitativas de investigación social; Madrid, Síntesis	COMPLEMENTARIA	8	14923	1	
Aproximación Crítica a la Realidad Social II (Colectivos Sociales)	Grassi, E. (1995). Trabajo Social e Investigación Social una Relación Necesaria. En: Perspectivas. UCBC.	OBLIGATORIA	0		0	
Aproximación Crítica a la Realidad Social II (Colectivos Sociales)	Sanmartín, R. (2000). La observación participante. El análisis de la realidad social, Madrid, Alianza, 148-150	OBLIGATORIA	0		0	
Aproximación Crítica a la Realidad Social II (Colectivos Sociales)	Healy, K. (2001). Trabajo social: perspectivas contemporáneas. Madrid: Ediciones Morata	COMPLEMENTARIA	0		0	
Aproximación Crítica a la Realidad Social II (Colectivos Sociales)	Sánchez, S. R. (2001). La observación participante como escenario y configuración de la diversidad de significados. Observar, escuchar y comprender sobre la tradición cualitativa en la investigación social. México, DF, Porrúa, CM, FLACSO.	COMPLEMENTARIA	0		0	
Aproximación Crítica a la Realidad Social II (Colectivos Sociales)	Taylor, S. J., & Bogdan, R. (1987). Introducción a los métodos cualitativos de investigación.	COMPLEMENTARIA	3	14927	1	
Aproximación Crítica a la Realidad Social II (Colectivos Sociales)	Vallés, M. S. (2000); Técnicas cualitativas de investigación social; Madrid, Síntesis.	COMPLEMENTARIA	8	14923	1	
Aproximación Crítica a la Realidad Social II (Colectivos Sociales)	Zayas, E. L. B. (1998). La observación participante	COMPLEMENTARIA	0		0	
Desarrollo Local y Territorial	Arocena, J. (2002) “El desarrollo local: un desafío contemporáneo. 2ª. Edición, Montevideo, Taurus-Universidad Católica del Uruguay”.	OBLIGATORIA	0		0	
Desarrollo Local y Territorial	Tenorio, F. (2005). Ciudadanía, participación y desarrollo local. Editorial Universidad Arcis.	OBLIGATORIA	5	24511	1	
Desarrollo Local y Territorial	Ferreira M.; Corvalán E.; (2003). Desarrollo Local, una metodología para la participación. LOM Ediciones	OBLIGATORIA	5	24533	1	
Desarrollo Local y Territorial	Propuestas para el Desarrollo Rural 2ª Version Ampliada. Enero 2008. 243 páginas Coedición: GIA – UAHC	COMPLEMENTARIA	0		0	
Desarrollo Local y Territorial	Precedo, L.; Andrés J. (2002). Nuevas realidades territoriales para el siglo XXI: Desarrollo local, identidad territorial y ciudad difusa. Edición Nº1. Madrid España. Editorial Síntesis,	COMPLEMENTARIA	0		0	
Inglés II	Murphy, R. 1994. English Grammar in Use. Cambridge: Cambridge University Press.	OBLIGATORIA	22	26240-10050-18172	1	
Inglés II	Swan, M. 1996. Practical English Usage. Oxford: Oxford University Press	OBLIGATORIA	1	26238	1	
Inglés II	Eastwood, J. 1999. Oxford Practice Grammar. Oxford: Oxford University Press.	COMPLEMENTARIA	3	12303	1	
Inglés II	Hewings, M. 1999. Advanced Grammar in Use. Cambridge: Cambridge University Press.	COMPLEMENTARIA	0		0	
Inglés II	McCarthy, M. & F. A. O’Dell. 1997. Vocabulary in Use Upper Intermediate: Vocabulary Reference & Practice for Intermediate to Advanced Students. Cambridge: Cambridge University Press	COMPLEMENTARIA	0		0	
Pensamiento Social Latinoamericano	Roig, Arturo Andrés, (1981) Teoría y Crítica del Pensamiento Latinoamericano, Fondo de Cultural Económica, México.	OBLIGATORIA	0		0	
Pensamiento Social Latinoamericano	Devés Valdés, Eduardo, (2009) El Pensamiento Latinoamericano en el siglo XX, Editorial Biblos, Buenos Aires, Argentina	OBLIGATORIA	6	25070	1	
Pensamiento Social Latinoamericano	Richard, Nelly. Globalización académica, estudios culturales y crítica latinoamericana. En libro: Cultura, política y sociedad Perspectivas latinoamericanas. Daniel Mato. CLACSO, Consejo Latinoamericano de Ciencias Sociales, Ciudad Autónoma de Buenos Aires, Argentina. 2005. pp. 455-470.	COMPLEMENTARIA	0		0	
Pensamiento Social Latinoamericano	Mignolo, Walter 1998 “Posoccidentalismo: el argumento desde América Latina” en Castro-Gómez, Santiago y Mendieta, Eduardo (eds.) Teorías sin disciplina: Latinoamericanismo, poscolonialidad y globalización en debate (México: University of San Francisco/Miguel Ángel Porrúa).	COMPLEMENTARIA	0		0	
Pensamiento Social Latinoamericano	Zea, Leopoldo, (1997)6.El pensamiento latinoamericano, Editorial Ariel, Barcelona, España	COMPLEMENTARIA	0		0	
Psicología Social	Martín-Baró, I. (1976). Problemas de Psicología Social en América Latina. UCA/Editores. San Salvador. Centroamérica.	OBLIGATORIA	0		0	
Psicología Social	Montero, M. (1995). Psicología social comunitaria. Universidad de Guadalajara.	OBLIGATORIA	0		0	
Psicología Social	Ibañez , T. (1990) Aproximaciones a la Psicología Social. Sendai: Barcelona.	OBLIGATORIA	0		0	
Psicología Social	Martín-Baró, I. (1996). Acción e ideología: psicología social desde Centroamérica. UCA ed.	COMPLEMENTARIA	0		0	
Psicología Social	Vázquez , J. (1990). La formación histórica de la Psicología Social. En: Polis 90, Anuario de Sociología, UAM, México.	COMPLEMENTARIA	0		0	
Trabajo Social con Comunidades	Fernández García, T; López Peláez, A. (2008). Trabajo Social comunitario: Afrontando juntos los retos del siglo XXI. Madrid: Alianza.	OBLIGATORIA	0		0	
Trabajo Social con Comunidades	Úcar, X. y Llena, Asun. (2006). Miradas y diálogos en torno a la acción comunitaria. Barcelona: Graó.	OBLIGATORIA	3	24940	1	
Trabajo Social con Comunidades	Bauman, Z. (2008) Comunidad. (3ª. Ed.) Madrid: Siglo XXI.	COMPLEMENTARIA	1	24937	1	
Trabajo Social con Comunidades	Esposito, R (2007). Communitas: Origen y destino de una comunidad. (Traduc García Ruiz, A). Buenos Aires: Amorrortu.	COMPLEMENTARIA	3	25065	1	
Trabajo Social con Comunidades	Heras i Trias, P. (2008). La acción política desde la comunidad. Barcelona: Graó.	COMPLEMENTARIA	3	25058	1	
Trabajo Social con Comunidades	Marchioni, M. (2007). Comunidad, Participación y desarrollo. Teoría y metodologías de la intervención comunitaria (3ª edición). Madrid: Editorial Popular.	COMPLEMENTARIA	0		0	
Trabajo Social con Comunidades	__ (2010) Planificación Social y organización de la comunidad (7ª edición). Madrid: Editorial Popular.	COMPLEMENTARIA	0		0	
Trabajo Social con Comunidades	Tellería, I. (2010). Recuperar la comunidad en clave democrática. En III Jornada de Trabajo social. REDefiniendo el trabajo comunitario. Vitoria: EUTS-UPV.	COMPLEMENTARIA	0		0	
Trabajo Social con Comunidades	Tönnies, F. (2011). Comunidad y Asociación. El comunismo y el socialismo como formas de vida social. (Trad. J.F. Ivars de la versión en inglés de Loomis, 1955) Madrid: Biblioteca nueva. (Original en alemán, 8va ed. 1935).	COMPLEMENTARIA	3	25063	1	
Trabajo Social con Comunidades	Touraine, A. (2000). ¿Podremos vivir juntos? Iguales y diferentes. Buenos Aires: Fondo de Cultura Económica.	COMPLEMENTARIA	1	12142	1	
Trabajo Social con Comunidades	Zamanillo, T. (2008). Trabajo social con grupos y pedagogía ciudadana. Madrid: Síntesis.	COMPLEMENTARIA	8	24038	1	
Aproximación crítica a la Realidad Social Local III (actores y sujetos sociales)	Bolos, S. (1995), Actores sociales y demandas urbanas. Mexica. Plaza y Valdés editores.	OBLIGATORIA	0		0	
Aproximación crítica a la Realidad Social Local III (actores y sujetos sociales)	Mora-Ninci, C. (2001). La observación dialéctica: problemas de método en investigaciones educativas. C. Torres (comp.), Paulo Freire y la agenda educativa Latinoamericana en el siglo XXI, 179-199.	OBLIGATORIA	0		0	
Aproximación crítica a la Realidad Social Local III (actores y sujetos sociales)	PNUD. (2002)Nuevos actores sociales. Bolivia. Plural editores.	COMPLEMENTARIA	0		0	
Aproximación crítica a la Realidad Social Local III (actores y sujetos sociales)	Vargas, A. (1999). Metodología de la Investigación. Spanta. México.	COMPLEMENTARIA	0		0	
Aproximación crítica a la Realidad Social Local III (actores y sujetos sociales)	Touraine, A. 1998 ¿Podremos vivir juntos? Buenos Aires: Fondo de Cultura Económica.	COMPLEMENTARIA	1	12142	1	
Aproximación crítica a la Realidad Social Local III (actores y sujetos sociales)	Delgado, J. y Gutiérrez, J. (editores) 1995. Métodos y técnicas cualitativas de investigación en ciencias sociales. Madrid: Síntesis.	COMPLEMENTARIA	0		0	
Habilidades y Destrezas para el Trabajo Social	"-Threvitick, P. (2002). Habilidades de comunicación en intervención social. Madrid: Editorial Naroea. 
.
"	OBLIGATORIA	0		0	
Habilidades y Destrezas para el Trabajo Social	Holfstand, C. y Gómez J. (2006).Competencias y Habilidades profesionales para universitarios. Madrid: Editorial Díaz de Santos	OBLIGATORIA	3	21630	1	
Habilidades y Destrezas para el Trabajo Social	Peñafiel, E. y Serrano, C. (2010) Habilidades Sociales. Madrid: Editorial Editex.	COMPLEMENTARIA	1	22425	1	Arnal, Rafael
Habilidades y Destrezas para el Trabajo Social	Vargas, L. Bustillas, G. (1985). Técnicas Participativas de Educación Popular. Madrid. Editorial Popular.	COMPLEMENTARIA	0		0	
Metodología de investigación aplicada al Trabajo Social	Juarez, M. (ed) Trabajo Social e investigación. Temas y perspectivas. Impresos y revistas S. A. IMPRESA, Madrid.	OBLIGATORIA	1	26348	1	
Metodología de investigación aplicada al Trabajo Social	Babbie, E. (2000) Fundamentos de la investigación social. Ciudad de México: International Thompson Editores S.A.	OBLIGATORIA	1	21196	1	
Metodología de investigación aplicada al Trabajo Social	Reza, F. (2000) Ciencia, metodología e investigación Parte I: Base epistémica. Ciudad de Juárez: Logman de México Editores S.A.	OBLIGATORIA	1	19671	1	
Metodología de investigación aplicada al Trabajo Social	Maturana, H. (1993), La objetividad, un argumento para obligar. Santiago de Chile: JC Sáez ediciones.	COMPLEMENTARIA	2	14138	1	
Metodología de investigación aplicada al Trabajo Social	Netto, P (1992) La investigación en Trabajo Social. Lima: Alaets-Celats, serie Materiales de Enseñanza	COMPLEMENTARIA	0		0	
Políticas Públicas y Sociales	Fitoussi, J y Rosanvallon P. (1996) “La Nueva Era de las Desigualdades”. 5ª Edición, Buenos Aires, Argentina. Editorial Manantial.	OBLIGATORIA	2	26241	1	
Políticas Públicas y Sociales	Castel, R. (2009) “Las Metamorfosis de la Cuestión Social. Una crónica del salariado” 5ª Edición, Buenos Aires, Barcelona, México. Editorial Paidos, año 2009.	OBLIGATORIA	2	16345	1	
Teorías Sociológicas Contemporáneas	Ritzer, G (1998) Teoría Sociológica Contemporánea, Mac Graw –Hill. México.	OBLIGATORIA	0		0	
Teorías Sociológicas Contemporáneas	García, J. R. F., Puigvert, L., & Alonso, J. G. (2001). Teoría sociológica contemporánea.	COMPLEMENTARIA	0		0	
Teorías Sociológicas Contemporáneas	Bauman, Z (2002) Modernidad Líquida, Madrid, Fondo de Cultura Económica de España.	COMPLEMENTARIA	0	24937	0	
Teorías Sociológicas Contemporáneas	Bourdieu, P (1997) Razones prácticas, Barcelona, Anagrama.	COMPLEMENTARIA	1	25056	1	
Teorías Sociológicas Contemporáneas	Elster, J (1990) Tuercas y tornillos, Barcelona, Gedisa.	COMPLEMENTARIA	0		0	
Teorías Sociológicas Contemporáneas	Luhmann, N (2005) Confianza, Barcelona, Anthropos.	COMPLEMENTARIA	1	10776	1	
Teorías Sociológicas Contemporáneas	Giddens, A (1997) Las nuevas reglas del método sociológico. Buenos Aires. Amorrortu.	COMPLEMENTARIA	0		0	
Teorías Sociológicas Contemporáneas	Luckmann, T (1996) Teoría de la acción social. Barcelona. Paidós.	COMPLEMENTARIA	0		0	
Teorías Sociológicas Contemporáneas	Touraine, A (2000) Crítica de la modernidad. Bogotá. Fondo de Cultura Económica.	COMPLEMENTARIA	0		0	
Teorías Sociológicas Contemporáneas	Touraine, A (2000) Podremos vivir juntos: Iguales y diferentes. Bogotá: Fondo de Cultura Económica.	COMPLEMENTARIA	1	12142	1	
Teorías Sociológicas Contemporáneas	Wolff, M (1982) Sociologías de la vida cotidiana. Cap. I. Madrid: Cátedra.	COMPLEMENTARIA	0		0	
Trabajo Social con Grupos	Fernández García, T. y López Peláez, A. (2006) Trabajo Social con grupos. Madrid:Alianza	OBLIGATORIA	8	24966	1	
Trabajo Social con Grupos	Zamanillo, T. (2008). Trabajo social con grupos y pedagogía ciudadana. Madrid: Síntesis.	OBLIGATORIA	8	24038	1	
Trabajo Social con Grupos	Huici, C., & Morales, J. F. (2004). Psicología de grupos I: estructura y procesos. Madrid: Universidad Nacional de Educación a Distancia.	COMPLEMENTARIA	0		0	
Trabajo Social con Grupos	Kisnerman, N. (1980) Servicio Social de Grupos. Bs.As.: Editorial Humanitas.	COMPLEMENTARIA	1	2640	1	
Trabajo Social con Grupos	López Peláez, A. (2010) Teoría del Trabajo Social con Grupos. Madrid: Académica.	COMPLEMENTARIA	0		0	
Trabajo Social con Grupos	Zastrow, Ch. (2008). Trabajo social con grupos: teoría y práctica, Madrid: Paraninfo.	COMPLEMENTARIA	3	25120	1	
Ciudanía y Movimientos Sociales	Touraine, A. (2009). La mirada social: Un marco de pensamiento distinto para el siglo XXI. Paidos, Barcelona, España.	OBLIGATORIA	1	25353	1	
Ciudanía y Movimientos Sociales	Touraine, A. (2006). Un nuevo paradigma para comprender el mundo de hoy. Paidós, Buenos Aires,	OBLIGATORIA	0		0	
Ciudanía y Movimientos Sociales	Touraine, A. (1995). El Sujeto como movimiento Social. En: Crítica de la modernidad. Temas de hoy-Ensayo Ediciones. Madrid. Pp. 299-324. 1993.	OBLIGATORIA	0		0	
Ciudanía y Movimientos Sociales	Tarrow, S. (1997) El Poder En movimiento. Los movimientos sociales, la acción colectiva y la política, Madrid, Alianza Universidad (N° 877).	COMPLEMENTARIA	0		0	
Ciudanía y Movimientos Sociales	Salazar G.(2003). Historia Contemporánea de Chile”. Volúmenes I, II y III.: Editorial LOM, Santiago de Chile.	COMPLEMENTARIA	0		0	
Ciudanía y Movimientos Sociales	Garcés M. (2012) El despertar de la sociedad. Los movimientos sociales de América Latina y Chile	COMPLEMENTARIA	1	24939	1	
Formulación, Gestión y Evaluación de Proyectos	Giomi, C; Ulla, L y García, P (2006) Manual de auto gestión para organizaciones sin fines de lucro. Buenos Aires: Espacio Editorial.	OBLIGATORIA	2	21449	1	
Formulación, Gestión y Evaluación de Proyectos	Giomi, C y Ulla, (2006) Guía para elaboración de proyectos sociales. Buenos Aires: Espacio Editorial.	OBLIGATORIA	1	21569	1	
Formulación, Gestión y Evaluación de Proyectos	Ajenjo, A (2005). Dirección y Gestión de Proyectos: un enfoque práctico. México: Alfaomega Ra-Ma.	COMPLEMENTARIA	6	22010	1	
Formulación, Gestión y Evaluación de Proyectos	Mendicoa, G. (1997). La Planificación de las políticas sociales. Buenos Aires: Espacio Editorial.	COMPLEMENTARIA	1	21444	1	
Formulación, Gestión y Evaluación de Proyectos	Pérez Serrano, G. (2005). Elaboración de los Proyectos Sociales: Casos Prácticos. Madrid: Siglo XXI.	COMPLEMENTARIA	9	1502	1	
Formulación, Gestión y Evaluación de Proyectos	Instituto Latinoamericano de Planificación Económica y Social (2007).Guía para la presentación de proyectos. México:  Siglo XXI.	COMPLEMENTARIA	2	22007	1	
Métodos Cuantitativos de Investigación en Trabajo Social	Hernández, R., Fernández, C. y Baptista, P. (2010) Metodología de la Investigación 5° edición, Lima: Editorial Mac Graw Hill.	OBLIGATORIA	18	28115	1	
Métodos Cuantitativos de Investigación en Trabajo Social	Briones, G. (2002), Metodologías de la Investigación Cuantitativa en Ciencias Sociales. Bogotá: ARFO Editores e Impresores Ltda.	OBLIGATORIA	0		0	
Métodos Cuantitativos de Investigación en Trabajo Social	Blalock, H. (1991) Estadística Social. México: Fondo de Cultura Económica.	COMPLEMENTARIA	0		0	
Métodos Cuantitativos de Investigación en Trabajo Social	Bunge, Mario. La Investigación Científica. Editorial Ariel. Barcelona.	COMPLEMENTARIA	2	2921	1	
Métodos Cuantitativos de Investigación en Trabajo Social	De la Torre Villar, Ernesto; Navarro de Anda, Ramiro. Metodología de la Investigación. Mc Graw –Hill.	COMPLEMENTARIA	0		0	
Práctica Macro I	Fernández García, T; López Peláez, A. (2006). Trabajo Social con grupos. Madrid: Alianza.	OBLIGATORIA	8	24966	1	
Práctica Macro I	Fernández García, T; López Peláez, A. (2008). Trabajo Social comunitario: Afrontando juntos los retos del siglo XXI. Madrid: Alianza.	OBLIGATORIA	8	24966	1	
Práctica Macro I	Zamanillo, T. (2008). Trabajo social con grupos y pedagogía ciudadana. Madrid: Ed. Síntesis.	OBLIGATORIA	8	24038	1	
Práctica Macro I	Gutiérrez, J. Métodos y técnicas cualitativas de investigación en las Ciencias Sociales. Madrid: Síntesis.	COMPLEMENTARIA	19	3649	1	
Práctica Macro I	Navarro, S. (2004). Redes sociales y construcción comunitaria. Madrid: Editorial CCS.	COMPLEMENTARIA	0		0	
Práctica Macro I	Tschorne, P. (2005). La dinámica de grupo aplicada al Trabajo Social. Salamanca: Amarú.	COMPLEMENTARIA	2	22331	1	
Práctica Macro I	Zastrow, Ch. H. (2008). Trabajo social con grupos. Madrid: Ed. Paraninfo	COMPLEMENTARIA	3	25120	1	
Sistematización	Jara O. (2012). La sistematización de experiencias, práctica y teórica para otros mundos posibles. Centro de Estudios y Publicaciones Alforja, Consejo de Educación de Adultos de América Latina e INTERMON-OXFAM. San José, Costa Rica.	OBLIGATORIA	0		0	
Sistematización	Sandoval A. (2005). Propuesta Metodológica para sistematizar la práctica profesional del Trabajador Social. Editorial Espacio. Buenos Aires.	COMPLEMENTARIA	1	21460	1	
Metodología de la Investigación Cualitativa I	Pérez, G. (1998). Investigación cualitativa. Retos e interrogantes. Madrid: muralla, 2 vol.	OBLIGATORIA	16	11598	1	
Metodología de la Investigación Cualitativa I	Rodríguez, G. (1996). Metodología de la investigación cualitativa. Málaga: ediciones aljibe, 2ª ed.	OBLIGATORIA	5	20908	1	
Metodología de la Investigación Cualitativa I	Ruiz, J. (1999). Metodología de la Investigación Cualitativa. Bilbao: Universidad de Deusto, 2ª ed	COMPLEMENTARIA	4	14914	1	
Práctica Macro II	Fernández García, T; López Peláez, A. (2006). Trabajo Social con grupos. Madrid: Alianza.	OBLIGATORIA	8	24966	1	
Práctica Macro II	Fernández García, T; López Peláez, A. (2008). Trabajo Social comunitario: Afrontando juntos los retos del siglo XXI. Madrid: Alianza.	OBLIGATORIA	8	24966	1	
Práctica Macro II	Zamanillo, T. (2008). Trabajo social con grupos y pedagogía ciudadana. Madrid: Ed. Síntesis.	OBLIGATORIA	8	24038	1	
Práctica Macro II	Navarro, S. (2004). Redes sociales y construcción comunitaria. Madrid: Editorial CCS.	COMPLEMENTARIA	0		0	
Práctica Macro II	Tschorne, P. (2005). La dinámica de grupo aplicada al Trabajo Social. Salamanca: Amarú.	COMPLEMENTARIA	2	22331	1	
Práctica Macro II	Villasante, T.R. (1994). “De los movimientos sociales a las metodologías participativas”. En Delgado, J.M. y Gutiérrez, J. Métodos y técnicas cualitativas de investigación en las Ciencias Sociales. Madrid: Síntesis.	COMPLEMENTARIA	0		0	
Práctica Macro II	Zastrow, Ch. H. (2008). Trabajo social con grupos. Madrid: Ed. Paraninfo.	COMPLEMENTARIA	3	25120	1	
Práctica Macro II	S. Henry J. East y C. Schummiz (Coords.): “Trabajo Social con Grupos, Modelos de Intervención”. Editorial Narcea. 2ª edic. Madrid. 2006.	COMPLEMENTARIA	4	18872	1	
Procesos psicológicos básicos y del desarrollo	Papalia D. (2009). Psicología. McGraw-Hill/Interamericaca editores S.A de C.V	OBLIGATORIA	11	8115	1	
Procesos psicológicos básicos y del desarrollo	Davidoff, L. (1989). Introducción a la psicología.  McGraw-Hill, Mexico, S.A.de C.V	OBLIGATORIA	7	908	1	
Procesos psicológicos básicos y del desarrollo	Schultz, F. (2002). Teorías de la personalidad. Internacional Thomson Editores, S.A de C.V	OBLIGATORIA	1	19096	1	
Procesos psicológicos básicos y del desarrollo	Shaffer, D (2002). Internacional Thomson Editores, Spain. Cuarta edición	OBLIGATORIA	1	22427	1	
Procesos psicológicos básicos y del desarrollo	Felman, R (1999). Psicología con aplicaciones a los países de habla hispana. Tercera edición. Mc Graw-Hill editores, S.A. De C.V	COMPLEMENTARIA	10	13001	1	
Procesos psicológicos básicos y del desarrollo	Kuri: (1999). Introducción al Psicoanálisis, clases. Homo Sapiens Ediciones. Rosario	COMPLEMENTARIA	1	16151	1	
Procesos psicológicos básicos y del desarrollo	Baddeley, A (1999). Memoria humana, teoría y práctica. Mc Graw-Hill de España, S.A.U	COMPLEMENTARIA	2	15946	1	
Procesos psicológicos básicos y del desarrollo	Goldstein, B (2005). Sensación y percepción. Internacional Thomson Editores S.A de C.V	COMPLEMENTARIA	1	19273	1	
Trabajo Social con Familias I	Alywin de Barros, N. y Solar, O.(2002): Trabajo Social Familiar. Ediciones Universitarias. Santiago de Chile.	OBLIGATORIA	12	18959	1	
Trabajo Social con Familias I	Barg, L. (2009): Las tramas Familiares en el campo de lo social. Espacio Editorial, Bs As. Argentina.	OBLIGATORIA	1	27832	1	
Trabajo Social con Familias I	Barreix, J; Castillejos S, (2003) “La metodología como proceso”. Espacio Editorial, Bs As. Argentina.	OBLIGATORIA	0		0	
Trabajo Social con Familias I	Segalen, M. (2006) Antropología de histórica de la familia. 6° edición. Madrid: Santillana.	COMPLEMENTARIA	1	18873	1	
Trabajo Social con Familias I	Minuchin, P. Y otros(2000): Pobreza, Institución y Familia. Amorrortu. Buenos Aires.	COMPLEMENTARIA	0		0	
Derechos Humanos y Trabajo Social	Cortina, A. (2010). Ética mínima: Introducción a la filosofía. Madrid: Tecnos.	COMPLEMENTARIA	0		0	
Derechos Humanos y Trabajo Social	Freire, P. (1970) Pedagogía del oprimido. Madrid: Siglo XXI.	COMPLEMENTARIA	0		0	
Derechos Humanos y Trabajo Social	Touraine, A. (1997). Podremos vivir juntos: Iguales y diferentes. Madrid: PPC. Convenciones, pactos y declaraciones.	COMPLEMENTARIA	1	12142	1	
Marco jurídico de la intervención social	Pacheco, M. (1976), Introducción al Derecho, Chile, Editorial: Jurídica	OBLIGATORIA	0		0	
Marco jurídico de la intervención social	Constitución Política de la República	COMPLEMENTARIA	3	18826	1	
Marco jurídico de la intervención social	Código Civil	COMPLEMENTARIA	1	18545	1	
Marco jurídico de la intervención social	Código del trabajo	COMPLEMENTARIA	35	1383	1	
Marco jurídico de la intervención social	Convención sobre los Derechos del Niño	COMPLEMENTARIA	0		0	
Práctica Micro I	De Robertis, C. (1992) Metodología de la Intervención en Trabajo Social. 2ª edición. Buenos Aires: El Ateneo	OBLIGATORIA	1	21513	1	
Práctica Micro I	Tonon, G. (2005) Las Técnicas de actuación profesional del Trabajo Social. Compilado. 1ª edición. Argentina: Espacio.	OBLIGATORIA	2	19184	1	
Práctica Micro I	Escartín, María José. (1998) Manual de Trabajo Social. 2° edición. Barcelona: Aguaclara.	COMPLEMENTARIA	0		0	
Práctica Micro I	Escartín, María José y Suárez Esperanza. (1997) Introducción al Trabajo Social II. 1° edición. Barcelona: Aguaclara.	COMPLEMENTARIA	1	21446	1	
Práctica Micro I	Alywin de Barros, N. y Solar, O. (2002): Trabajo Social Familiar. Ediciones Universitarias. Santiago de Chile.	COMPLEMENTARIA	12	18959	1	
Práctica Micro I	Minuchin, S. y Fischman, C. (1981): Técnicas de terapia familiar. Paidos. Barcelona.	COMPLEMENTARIA	0		0	
Trabajo Social con Familias II	De Robertis, C. (1992) Metodología de la Intervención en Trabajo Social. 2ª edición. Buenos Aires: El Ateneo	OBLIGATORIA	1	21513	1	
Trabajo Social con Familias II	Tonon, G. (2005) Las Técnicas de actuación profesional del Trabajo Social. Compilado. 1ª edición. Argentina: Espacio.	OBLIGATORIA	2	19184	1	
Trabajo Social con Familias II	Rozas, M. (1998) El proceso Metodológico en la intervención profesional”. Espacio Editorial, Bs As. Argentina.	OBLIGATORIA	0		0	
Trabajo Social con Familias II	Alywin de Barros, N. y Solar, O. (2002): Trabajo Social Familiar. Ediciones Universitarias. Santiago de Chile.	COMPLEMENTARIA	12	18959	1	
Trabajo Social con Familias II	Minuchin, S. y Fischman, C.(1981): Técnicas de terapia familiar. Paidos. Barcelona.	COMPLEMENTARIA	0		0	
Metodología de la Investigación Cualitativa II	Canales, M. (coord., ed.). (2006). Metodologías de Investigación Social. Introducción a los Oficios. Santiago de Chile: LOM ediciones.	OBLIGATORIA	5	21973	1	
Metodología de la Investigación Cualitativa II	Delgado, J. Y Gutiérrez, J. (coord). (1999). Métodos y Técnicas Cualitativas de Investigación en Ciencias Sociales. Madrid: Editorial Síntesis.	OBLIGATORIA	19	3649	1	
Metodología de la Investigación Cualitativa II	García, M; Ibáñez, J; Alvira, F. (comp.). (2000). El Análisis de la Realidad Social. Métodos y Técnicas de Investigación. Madrid: Alianza Editorial. 3ª edición.	COMPLEMENTARIA	2	15568	1	
Metodología de la Investigación Cualitativa II	Gordo, A; Serrano, A. (2008) Estrategias y prácticas cualitativas de investigación social. Pearson Educación S. A, Madrid.	COMPLEMENTARIA	1	24018	1	
Ética Profesional	Martínez, E. y Cortina, A. (1996). Ética. Madrid: Akal.	OBLIGATORIA	0		0	
Ética Profesional	Banks, S. (1995). Ethics and values in social work, Londres: Macmillan Press.	OBLIGATORIA	1	21442	1	
Ética Profesional	(1997). Ética y Valores en el Trabajo Social. Barcelona: PAIDOS.	OBLIGATORIA	1	21442	1	
Ética Profesional	Cortina, A (2000). Ética Mínima. Madrid: Tecnos.	OBLIGATORIA	0		0	
Ética Profesional	Aguayo, C. (2006) Las Profesiones Modernas: Dilemas del Conocimiento y del Poder. Santiago de Chile: Ediciones Universidad Tecnológica Metropolitana.	COMPLEMENTARIA	1	23854	1	
Ética Profesional	Aguayo, C.; López, T.; Quiroz, T. (2007). Ética y Trabajo Social en las Voces de sus Actores: Un estudio desde la práctica profesional. Santiago de Chile: Colegio de Asistentes Sociales de Chile.	COMPLEMENTARIA	0		0	
Ética Profesional	Bermejo, Francisco (1996): Ética y Trabajo Social. La Ética en el Trabajo Social. UPCO. Madrid. (Pgs.15 a 45 ).	COMPLEMENTARIA	0		0	
Ética Profesional	Colegio de AASS de Chile. (2000). Código de Ética. Ed. Colegio de Asistentes Sociales. Stgo. Chile. Documento	COMPLEMENTARIA	0		0	
Ética Profesional	Colectivo de Trabajo Social. (1990). Trabajo Social y derechos Humanos: Compromiso con la Dignidad; la Experiencia Chilena. Buenos Aires: Hvmanitas.	COMPLEMENTARIA	0		0	
Ética Profesional	Cortina, A. y García-Maza, D. (eds.) (2003). Razón Pública y Éticas Aplicadas. Los caminos de la razón práctica en una sociedad pluralista. Madrid: Tecnos.	COMPLEMENTARIA	0		0	
Ética Profesional	Foscolo, N. (2007). Desafíos éticos del trabajo social latinoamericano. Bs. As.: Editorial Espacio.	COMPLEMENTARIA	0		0	
Ética Profesional	Kisnerman, N. (2001) (Comp.). Ética, ¿Un Discurso o una Práctica Social? Buenos Aires: Paidós.	COMPLEMENTARIA	1	19127	1	
Ética Profesional	Rozas, M. (2005) Trabajo Social y Compromiso Ético. Asistencia o Resistencia. Buenos Aires: Espacio Editorial.	COMPLEMENTARIA	1	21465	1	
Ética Profesional	Salcedo Megales, D. (2003). “La Ética del Trabajo Social en la época posmoderna”. En: Fernández, Tomás y Alemán, C. (coords.). Introducción al Trabajo Social. Madrid: Alianza Editorial, pp 313-339.	COMPLEMENTARIA	0		0	
Investigación en Trabajo Social I	Briones, Guillermo (1998) Métodos y técnicas de investigación para las ciencias sociales. México. Editorial Trillas.	OBLIGATORIA	2	13013	1	
Investigación en Trabajo Social I	Hernández, R., Fernández, C. y Baptista, P. (2010) Metodología de la Investigación 5° edición, Perú. Editorial Mac Graw Hill	COMPLEMENTARIA	18	28115	1	
Investigación en Trabajo Social I	Rojas Soriano, Raúl (1998) Guía para realizar investigaciones sociales. México. Editorial Plaza y Valdés.	COMPLEMENTARIA	3	14913	1	
Investigación en Trabajo Social I	Pastén Cordobés, Fernando (1993). Metodología de la investigación social: (Su aplicación al Servicio Social y otras tecnologías. Valparaíso. Editorial Edeval.	COMPLEMENTARIA	4	5530	1	
Práctica Micro II	De Robertis, C. (1992) Metodología de la Intervención en Trabajo Social. 2ª edición. Buenos Aires: El Ateneo.	OBLIGATORIA	1	21513	1	
Práctica Micro II	Tonon, G. (2005) Las Técnicas de actuación profesional del Trabajo Social. Compilado. 1ª edición. Argentina: Espacio.	OBLIGATORIA	2	19184	1	
Práctica Micro II	Barg, L. (2009): Las tramas Familiares en el campo de lo social. Espacio Editorial, Bs As. Argentina.	OBLIGATORIA	1	27832	1	
Práctica Micro II	Barreix, J; Castillejos S, (2003) “La metodología como proceso”. Espacio Editorial, Bs As. Argentina.	OBLIGATORIA	0		0	
Práctica Micro II	Rozas, M. (1998) El proceso Metodológico en la intervención profesional”. Espacio Editorial, Bs As. Argentina	OBLIGATORIA	0		0	
Práctica Micro II	Escartín, María José y Suárez Esperanza. (1997) Introducción al Trabajo Social II. 1° edición. Barcelona: Aguaclara.	COMPLEMENTARIA	1	21446	1	
Práctica Micro II	Minuchin, S. y Fischman, C. (1981): Técnicas de terapia familiar. Paidos. Barcelona.	COMPLEMENTARIA	0		0	
Investigación en Trabajo Social II	Briones, G. (1998). Métodos y técnicas de investigación para las ciencias sociales. México: Editorial Trillas.	OBLIGATORIA	2	13013	1	
Investigación en Trabajo Social II	Hernández, R., Fernández, C. y Baptista, P. (2010) Metodología de la Investigación 5° edición. Lima: Editorial Mac Graw Hill.	COMPLEMENTARIA	18	28115	1	
Investigación en Trabajo Social II	Rojas, R.l (1998) Guía para realizar investigaciones sociales. México: Editorial Plaza y Valdés.	COMPLEMENTARIA	0		0	
Investigación en Trabajo Social II	Pastén, F. (1993) Metodología de la investigación social: (Su aplicación al Servicio Social y otras tecnologías. Valparaíso: Editorial Edeval.	COMPLEMENTARIA	4	5530	1	
Práctica Profesional	De Robertis, C. (1992) Metodología de la Intervención en Trabajo Social. 2ª edición. Buenos Aires: El Ateneo .	OBLIGATORIA	1	21513	1	
Práctica Profesional	Fernández García, T; López Peláez, A. (2006). Trabajo Social con grupos. Madrid: Alianza.	OBLIGATORIA	8	24966	1	
Práctica Profesional	Fernández García, T; López Peláez, A. (2008). Trabajo Social comunitario: Afrontando juntos los retos del siglo XXI. Madrid: Alianza.	OBLIGATORIA	8	24966	1	
Práctica Profesional	Tonon, G. (2005) Las Técnicas de actuación profesional del Trabajo Social. Compilado. 1ª edición. Argentina: Espacio.	OBLIGATORIA	2	19184	1	
Práctica Profesional	Zamanillo, T. (2008). Trabajo social con grupos y pedagogía ciudadana. Madrid: Ed. Síntesis.	OBLIGATORIA	8	24038	1	
Práctica Profesional	Alywin de Barros, N. y Solar, O. (2002): Trabajo Social Familiar. Ediciones Universitarias. Santiago de Chile.	COMPLEMENTARIA	12	18959	1	
Práctica Profesional	Minuchin, S. y Fischman, C. (1981): Técnicas de terapia familiar. Paidos. Barcelona.	COMPLEMENTARIA	0		0	
Práctica Profesional	Navarro, S. (2004). Redes sociales y construcción comunitaria. Madrid: Editorial CCS.	COMPLEMENTARIA	0		0	
Práctica Profesional	Tschorne, P. (2005). La dinámica de grupo aplicada al Trabajo Social. Salamanca: Amarú.	COMPLEMENTARIA	2	22331	1	
Práctica Profesional	Villasante, T.R. (1994). “De los movimientos sociales a las metodologías participativas”. En Delgado, J.M. y Gutiérrez, J. Métodos y técnicas cualitativas de investigación en las Ciencias Sociales. Madrid: Síntesis.	COMPLEMENTARIA	0		0	
Práctica Profesional	Zastrow, Ch. H. (2008). Trabajo social con grupos. Madrid: Ed. Paraninfo.	COMPLEMENTARIA	3	25120	1	
Práctica Profesional	S. Henry J. East y C. Schummiz (Coords.): “Trabajo Social con Grupos, Modelos de Intervención”. Editorial Narcea. 2ª edic. Madrid. 2006.	COMPLEMENTARIA	4	18872	1	
Género y Masculinidades	Grau, Olga et al. (1997). Discurso, Género, Poder. Discursos públicos: Chile 1978-1993. Ediciones LOM/Universidad ARCIS, Santiago.	OBLIGATORIA	2	10584	1	
Género y Masculinidades	Montecino, Sonia (1998). Juego de Identidades y Diferencias: representaciones de lo masculino en tres relatos de vida de hombres chilenos. Serie Documentos PIEG, Universidad de Chile, Facultad de Ciencias Sociales, Santiago.	OBLIGATORIA	0		0	
Género y Masculinidades	Olavarría, José et al. (1998) Masculinidades Populares. Varones adultos jóvenes de Santiago. Nueva Serie FLACSO, FLACSO-Chile, Santiago.	OBLIGATORIA	2	15742	1	
Género y Masculinidades	Amuchástegui, Ana (1996). El significado de la sexualidad y la iniciación sexual. En: Para Comprender la Subjetividad. Investigación cualitativa en salud reproductiva y sexualidad, Ivonne Szasz y Susana Lerner (comps). El Colegio de México, México.	COMPLEMENTARIA	0		0	
Análisis e Intervención Socio Ambiental	Aliste, E. (2008) “Aspectos sociales y culturales del desarrollo local: desafíos en la planificación y gestión ambientalmente sus estables del territorio”. En: Fuertes, a y Gatica, L. De la economía global al desarrollo local. El alcance de la intervención de los agentes de empleo y desarrollo local. Ediciones de la Universitat de Valencia. 278 P.	OBLIGATORIA	0		0	
Análisis e Intervención Socio Ambiental	Giorgi, G. y Rodríguez, F (2007). Ensayos sobre Biopolítica. Ediciones Paidos, Buenos Aires, Argentina.	OBLIGATORIA	0		0	
Análisis e Intervención Socio Ambiental	Arnold, Marcelo (2007) “Las organizaciones como sistemas sociopoiéticos”. IX Congreso Español de Sociología. Poder, Cultura y civilización.	COMPLEMENTARIA	0		0	
Desarrollo Organizacional	Beckhard, R (1988) Desarrollo Organizacional: estrategias y modelos. Madrid : Addison-Wesley Iberoamericana España.	OBLIGATORIA	1	20348	1	
Desarrollo Organizacional	Guizar, R (2008) Desarrollo Organizacional: principios y aplicaciones. México : McGraw-Hill Interamericana	OBLIGATORIA	2	22011	1	
Desarrollo Organizacional	Rodríguez, D (2002) Diagnostico Organizacional. Chile: ediciones Universidad Católica de Chile.	OBLIGATORIA	15	19588	1	
Desarrollo Organizacional	Bennis, W(1985). Desarrollo Organizacional, Su Naturaleza, sus Orígenes y Perspectivas. Fondo Educativo Interamericano	COMPLEMENTARIA	0		0	
Desarrollo Organizacional	Lawrence, P y Lorsch, J (1991). Desarrollo de Organizaciones: Diagnostico y Acción. Fondo Educativo Interamericano.	COMPLEMENTARIA	0		0	
Estrategias Socio-educativas para el Trabajo Social	Pérez Serrano G. (2003) Pedagogía Social/Educación Social. Construcción científica e intervención práctica. Madrid: Narcea.	OBLIGATORIA	0		0	
Estrategias Socio-educativas para el Trabajo Social	Freire, P. (1970). Pedagogía del Oprimido. Montevideo: Tierra Nueva.	OBLIGATORIA	0		0	
Gerontología Social	Cordero, L., Cabanillas, S., Lerchundi, G. (2003). Trabajo social con adultos mayores: intervención profesional desde una perspectiva clínica. Buenos Aires: Espacio editorial	OBLIGATORIA	0		0	
Gerontología Social	Junis, J., Urbano, C. (2005). Educación de adultos mayores: Teoría investigación e intervenciones. Córdoba: Brujas.	COMPLEMENTARIA	0		0	
Gerontología Social	Lefrancois, G. (2005). El ciclo de la vida. Buenos aires: Cono sur.	COMPLEMENTARIA	0		0	
Interculturalidad, Diversidad y Trabajo Social	Touraine, A. (1997). Podremos vivir juntos: Iguales y diferentes. Madrid: PPC.	OBLIGATORIA	1	12142	1	
Interculturalidad, Diversidad y Trabajo Social	Cádiz Córdoba, M. (1993) Etnicidad: identidad y conflicto social. Madrid: Universidad Complutense	COMPLEMENTARIA	0		0	
Interculturalidad, Diversidad y Trabajo Social	Habermas, J. (1999) La inclusión del otro. Barcelona: Paidos	COMPLEMENTARIA	0		0	
Interculturalidad, Diversidad y Trabajo Social	Nash, M. (2001) Multiculturalismos y género. Barcelona: Bellaterra.	COMPLEMENTARIA	0		0	
Interculturalidad, Diversidad y Trabajo Social	Sartori, G. (2001) La sociedad multiétnica. Madrid: Taurus.	COMPLEMENTARIA	0		0	
Interculturalidad, Diversidad y Trabajo Social	Taylor, Ch. (1993). El multiculturalismo y la política. México: FCE.	COMPLEMENTARIA	0		0	
Interculturalidad, Diversidad y Trabajo Social	Spivak, Ch (2010) Crítica de la razón poscolonial. Hacia una crítica del presente evanescente. Madrid: Akal.	COMPLEMENTARIA	0		0	
Mediación Familiar	De tommaso, A. (2002). Mediación y Trabajo Social. Buenos Aires: Espacio.	OBLIGATORIA	1	19092	1	
Mediación Familiar	Fox M., Culotta C., Duo A. (2006). Avances en mediación y resolución de conflictos, Zeta, Buenos Aires, Argentina	OBLIGATORIA	0		0	
Pobreza y Exclusión Social	Álvarez, M. (2001) El desafío de la pobreza. Editorial Espacio. Buenos Aires.	OBLIGATORIA	0		0	
Pobreza y Exclusión Social	Tironi, M. (2003) Nueva pobreza urbana: vivienda y capital social en Santiago de Chile, 1985-2001, capítulo II. Predes editores, Santiago de Chile.	OBLIGATORIA	0		0	
Pobreza y Exclusión Social	Fundación Superación de la Pobreza (2012) Umbrales Sociales. Edición propia. Santiago de Chile.	OBLIGATORIA	0		0	
Pobreza y Exclusión Social	(1999) “La crisis de los viejos modelos de protección social en América Latina. Nuevas alternativas para enfrentar la pobreza”. En: Pobreza y desigualdad en América Latina. Editorial Paidós. Buenos Aires.	COMPLEMENTARIA	0		0	
Pobreza y Exclusión Social	Fundación Superación Pobreza (2012). Voces de la pobreza. Edición propia. Santiago de Chile	COMPLEMENTARIA	0		0	
Transversalidad de Género en la Intervención Social	Martínez, I; Bonilla, A. (2000) Sistema Sexo/Género Identidades y construcción de la subjetividad. Impresiones Guada. Valencia.	OBLIGATORIA	0		0	
Transversalidad de Género en la Intervención Social	Chávez, J. (2004) Perspectiva de Género, Serie Género y Trabajo Social. Ediciones Plaza y Valdés S. A. Distrito Federal.	COMPLEMENTARIA	0		0	
Gestión de Capital Humano	VV. AA. (2008). La gestión del capital Humano. Editorial Deusto. Barcelona.	OBLIGATORIA	0		0	
	Porret, M. (2006) Gestión de personas. Manual para la gestión del capital humano en las organizaciones.	OBLIGATORIA	0		0	
